-- MySQL dump 10.13  Distrib 8.0.33, for macos13.3 (arm64)
--
-- Host: localhost    Database: starbelly
-- ------------------------------------------------------
-- Server version	8.0.33

/*!40101 SET @OLD_CHARACTER_SET_CLIENT=@@CHARACTER_SET_CLIENT */;
/*!40101 SET @OLD_CHARACTER_SET_RESULTS=@@CHARACTER_SET_RESULTS */;
/*!40101 SET @OLD_COLLATION_CONNECTION=@@COLLATION_CONNECTION */;
/*!50503 SET NAMES utf8mb4 */;
/*!40103 SET @OLD_TIME_ZONE=@@TIME_ZONE */;
/*!40103 SET TIME_ZONE='+00:00' */;
/*!40014 SET @OLD_UNIQUE_CHECKS=@@UNIQUE_CHECKS, UNIQUE_CHECKS=0 */;
/*!40014 SET @OLD_FOREIGN_KEY_CHECKS=@@FOREIGN_KEY_CHECKS, FOREIGN_KEY_CHECKS=0 */;
/*!40101 SET @OLD_SQL_MODE=@@SQL_MODE, SQL_MODE='NO_AUTO_VALUE_ON_ZERO' */;
/*!40111 SET @OLD_SQL_NOTES=@@SQL_NOTES, SQL_NOTES=0 */;

--
-- Table structure for table `activations`
--

DROP TABLE IF EXISTS `activations`;
/*!40101 SET @saved_cs_client     = @@character_set_client */;
/*!50503 SET character_set_client = utf8mb4 */;
CREATE TABLE `activations` (
  `id` bigint unsigned NOT NULL AUTO_INCREMENT,
  `user_id` bigint unsigned NOT NULL,
  `code` varchar(120) COLLATE utf8mb4_unicode_ci NOT NULL,
  `completed` tinyint(1) NOT NULL DEFAULT '0',
  `completed_at` timestamp NULL DEFAULT NULL,
  `created_at` timestamp NULL DEFAULT NULL,
  `updated_at` timestamp NULL DEFAULT NULL,
  PRIMARY KEY (`id`),
  KEY `activations_user_id_index` (`user_id`)
) ENGINE=InnoDB AUTO_INCREMENT=3 DEFAULT CHARSET=utf8mb4 COLLATE=utf8mb4_unicode_ci;
/*!40101 SET character_set_client = @saved_cs_client */;

--
-- Dumping data for table `activations`
--

LOCK TABLES `activations` WRITE;
/*!40000 ALTER TABLE `activations` DISABLE KEYS */;
INSERT INTO `activations` VALUES (1,1,'w2MjIs0k0xOzIc9AWyfV10IF4H7I7bWX',1,'2023-07-02 19:58:38','2023-07-02 19:58:38','2023-07-02 19:58:38'),(2,2,'FKiYbZyFZN8jxCXDlvneZ8mdJKGleJtc',1,'2023-07-02 19:58:38','2023-07-02 19:58:38','2023-07-02 19:58:38');
/*!40000 ALTER TABLE `activations` ENABLE KEYS */;
UNLOCK TABLES;

--
-- Table structure for table `admin_notifications`
--

DROP TABLE IF EXISTS `admin_notifications`;
/*!40101 SET @saved_cs_client     = @@character_set_client */;
/*!50503 SET character_set_client = utf8mb4 */;
CREATE TABLE `admin_notifications` (
  `id` bigint unsigned NOT NULL AUTO_INCREMENT,
  `title` varchar(191) COLLATE utf8mb4_unicode_ci NOT NULL,
  `action_label` varchar(191) COLLATE utf8mb4_unicode_ci DEFAULT NULL,
  `action_url` varchar(191) COLLATE utf8mb4_unicode_ci DEFAULT NULL,
  `description` varchar(400) COLLATE utf8mb4_unicode_ci NOT NULL,
  `read_at` timestamp NULL DEFAULT NULL,
  `created_at` timestamp NULL DEFAULT NULL,
  `updated_at` timestamp NULL DEFAULT NULL,
  `permission` varchar(191) COLLATE utf8mb4_unicode_ci DEFAULT NULL,
  PRIMARY KEY (`id`)
) ENGINE=InnoDB DEFAULT CHARSET=utf8mb4 COLLATE=utf8mb4_unicode_ci;
/*!40101 SET character_set_client = @saved_cs_client */;

--
-- Dumping data for table `admin_notifications`
--

LOCK TABLES `admin_notifications` WRITE;
/*!40000 ALTER TABLE `admin_notifications` DISABLE KEYS */;
/*!40000 ALTER TABLE `admin_notifications` ENABLE KEYS */;
UNLOCK TABLES;

--
-- Table structure for table `audit_histories`
--

DROP TABLE IF EXISTS `audit_histories`;
/*!40101 SET @saved_cs_client     = @@character_set_client */;
/*!50503 SET character_set_client = utf8mb4 */;
CREATE TABLE `audit_histories` (
  `id` bigint unsigned NOT NULL AUTO_INCREMENT,
  `user_id` bigint unsigned NOT NULL,
  `module` varchar(60) COLLATE utf8mb4_unicode_ci NOT NULL,
  `request` text COLLATE utf8mb4_unicode_ci,
  `action` varchar(120) COLLATE utf8mb4_unicode_ci NOT NULL,
  `user_agent` text COLLATE utf8mb4_unicode_ci,
  `ip_address` varchar(39) COLLATE utf8mb4_unicode_ci DEFAULT NULL,
  `reference_user` bigint unsigned NOT NULL,
  `reference_id` bigint unsigned NOT NULL,
  `reference_name` varchar(255) COLLATE utf8mb4_unicode_ci NOT NULL,
  `type` varchar(20) COLLATE utf8mb4_unicode_ci NOT NULL,
  `created_at` timestamp NULL DEFAULT NULL,
  `updated_at` timestamp NULL DEFAULT NULL,
  PRIMARY KEY (`id`),
  KEY `audit_histories_user_id_index` (`user_id`),
  KEY `audit_histories_module_index` (`module`)
) ENGINE=InnoDB DEFAULT CHARSET=utf8mb4 COLLATE=utf8mb4_unicode_ci;
/*!40101 SET character_set_client = @saved_cs_client */;

--
-- Dumping data for table `audit_histories`
--

LOCK TABLES `audit_histories` WRITE;
/*!40000 ALTER TABLE `audit_histories` DISABLE KEYS */;
/*!40000 ALTER TABLE `audit_histories` ENABLE KEYS */;
UNLOCK TABLES;

--
-- Table structure for table `categories`
--

DROP TABLE IF EXISTS `categories`;
/*!40101 SET @saved_cs_client     = @@character_set_client */;
/*!50503 SET character_set_client = utf8mb4 */;
CREATE TABLE `categories` (
  `id` bigint unsigned NOT NULL AUTO_INCREMENT,
  `name` varchar(120) COLLATE utf8mb4_unicode_ci NOT NULL,
  `parent_id` bigint unsigned NOT NULL DEFAULT '0',
  `description` varchar(400) COLLATE utf8mb4_unicode_ci DEFAULT NULL,
  `status` varchar(60) COLLATE utf8mb4_unicode_ci NOT NULL DEFAULT 'published',
  `author_id` bigint unsigned NOT NULL,
  `author_type` varchar(255) CHARACTER SET utf8mb4 COLLATE utf8mb4_unicode_ci NOT NULL DEFAULT 'Botble\\ACL\\Models\\User',
  `icon` varchar(60) COLLATE utf8mb4_unicode_ci DEFAULT NULL,
  `order` tinyint NOT NULL DEFAULT '0',
  `is_featured` tinyint NOT NULL DEFAULT '0',
  `is_default` tinyint unsigned NOT NULL DEFAULT '0',
  `created_at` timestamp NULL DEFAULT NULL,
  `updated_at` timestamp NULL DEFAULT NULL,
  PRIMARY KEY (`id`),
  KEY `parent_id` (`parent_id`),
  KEY `status` (`status`),
  KEY `created_at` (`created_at`)
) ENGINE=InnoDB AUTO_INCREMENT=8 DEFAULT CHARSET=utf8mb4 COLLATE=utf8mb4_unicode_ci;
/*!40101 SET character_set_client = @saved_cs_client */;

--
-- Dumping data for table `categories`
--

LOCK TABLES `categories` WRITE;
/*!40000 ALTER TABLE `categories` DISABLE KEYS */;
INSERT INTO `categories` VALUES (1,'Design',0,'And he added looking angrily at the window, and on it but tea. \'I don\'t know of any one; so, when the race was over. Alice was beginning to get in at the thought that it was just going to begin.','published',1,'Botble\\ACL\\Models\\User',NULL,0,1,0,'2023-07-02 19:58:39','2023-07-02 19:58:39'),(2,'Lifestyle',0,'Duchess\'s cook. She carried the pepper-box in her pocket, and was delighted to find that she never knew so much already, that it led into a pig, my dear,\' said Alice, a little bird as soon as it was.','published',1,'Botble\\ACL\\Models\\User',NULL,0,0,0,'2023-07-02 19:58:39','2023-07-02 19:58:39'),(3,'Travel Tips',0,'Alice, who felt very curious sensation, which puzzled her a good many little girls in my kitchen AT ALL. Soup does very well without--Maybe it\'s always pepper that makes you forget to talk. I can\'t.','published',1,'Botble\\ACL\\Models\\User',NULL,0,0,0,'2023-07-02 19:58:39','2023-07-02 19:58:39'),(4,'Healthy',0,'Fish-Footman was gone, and, by the time she went on, turning to the fifth bend, I think?\' he said in a Little Bill It was so large a house, that she was out of it, and burning with curiosity, she.','published',1,'Botble\\ACL\\Models\\User',NULL,0,0,0,'2023-07-02 19:58:39','2023-07-02 19:58:39'),(5,'Travel Tips',0,'I shan\'t go, at any rate it would like the look of the words don\'t FIT you,\' said the Caterpillar. Here was another puzzling question; and as he could think of any that do,\' Alice hastily replied.','published',1,'Botble\\ACL\\Models\\User',NULL,0,0,0,'2023-07-02 19:58:39','2023-07-02 19:58:39'),(6,'Hotel',0,'Alice, whose thoughts were still running on the end of the house, and have next to no toys to play croquet.\' Then they all crowded round her, calling out in a low curtain she had read several nice.','published',1,'Botble\\ACL\\Models\\User',NULL,0,1,0,'2023-07-02 19:58:39','2023-07-02 19:58:39'),(7,'Nature',0,'Queen had never heard it muttering to himself in an offended tone, and added \'It isn\'t mine,\' said the youth, \'as I mentioned before, And have grown most uncommonly fat; Yet you balanced an eel on.','published',1,'Botble\\ACL\\Models\\User',NULL,0,1,0,'2023-07-02 19:58:39','2023-07-02 19:58:39');
/*!40000 ALTER TABLE `categories` ENABLE KEYS */;
UNLOCK TABLES;

--
-- Table structure for table `categories_translations`
--

DROP TABLE IF EXISTS `categories_translations`;
/*!40101 SET @saved_cs_client     = @@character_set_client */;
/*!50503 SET character_set_client = utf8mb4 */;
CREATE TABLE `categories_translations` (
  `lang_code` varchar(191) COLLATE utf8mb4_unicode_ci NOT NULL,
  `categories_id` bigint unsigned NOT NULL,
  `name` varchar(255) COLLATE utf8mb4_unicode_ci DEFAULT NULL,
  `description` varchar(400) COLLATE utf8mb4_unicode_ci DEFAULT NULL,
  PRIMARY KEY (`lang_code`,`categories_id`)
) ENGINE=InnoDB DEFAULT CHARSET=utf8mb4 COLLATE=utf8mb4_unicode_ci;
/*!40101 SET character_set_client = @saved_cs_client */;

--
-- Dumping data for table `categories_translations`
--

LOCK TABLES `categories_translations` WRITE;
/*!40000 ALTER TABLE `categories_translations` DISABLE KEYS */;
INSERT INTO `categories_translations` VALUES ('vi',1,NULL,NULL),('vi',2,NULL,NULL),('vi',3,NULL,NULL),('vi',4,NULL,NULL),('vi',5,NULL,NULL),('vi',6,NULL,NULL),('vi',7,NULL,NULL);
/*!40000 ALTER TABLE `categories_translations` ENABLE KEYS */;
UNLOCK TABLES;

--
-- Table structure for table `cities`
--

DROP TABLE IF EXISTS `cities`;
/*!40101 SET @saved_cs_client     = @@character_set_client */;
/*!50503 SET character_set_client = utf8mb4 */;
CREATE TABLE `cities` (
  `id` bigint unsigned NOT NULL AUTO_INCREMENT,
  `name` varchar(120) COLLATE utf8mb4_unicode_ci NOT NULL,
  `state_id` bigint unsigned NOT NULL,
  `country_id` bigint unsigned DEFAULT NULL,
  `record_id` varchar(40) COLLATE utf8mb4_unicode_ci DEFAULT NULL,
  `order` tinyint NOT NULL DEFAULT '0',
  `is_default` tinyint unsigned NOT NULL DEFAULT '0',
  `status` varchar(60) COLLATE utf8mb4_unicode_ci NOT NULL DEFAULT 'published',
  `created_at` timestamp NULL DEFAULT NULL,
  `updated_at` timestamp NULL DEFAULT NULL,
  PRIMARY KEY (`id`)
) ENGINE=InnoDB DEFAULT CHARSET=utf8mb4 COLLATE=utf8mb4_unicode_ci;
/*!40101 SET character_set_client = @saved_cs_client */;

--
-- Dumping data for table `cities`
--

LOCK TABLES `cities` WRITE;
/*!40000 ALTER TABLE `cities` DISABLE KEYS */;
/*!40000 ALTER TABLE `cities` ENABLE KEYS */;
UNLOCK TABLES;

--
-- Table structure for table `cities_translations`
--

DROP TABLE IF EXISTS `cities_translations`;
/*!40101 SET @saved_cs_client     = @@character_set_client */;
/*!50503 SET character_set_client = utf8mb4 */;
CREATE TABLE `cities_translations` (
  `lang_code` varchar(191) COLLATE utf8mb4_unicode_ci NOT NULL,
  `cities_id` bigint unsigned NOT NULL,
  `name` varchar(120) COLLATE utf8mb4_unicode_ci DEFAULT NULL,
  PRIMARY KEY (`lang_code`,`cities_id`)
) ENGINE=InnoDB DEFAULT CHARSET=utf8mb4 COLLATE=utf8mb4_unicode_ci;
/*!40101 SET character_set_client = @saved_cs_client */;

--
-- Dumping data for table `cities_translations`
--

LOCK TABLES `cities_translations` WRITE;
/*!40000 ALTER TABLE `cities_translations` DISABLE KEYS */;
/*!40000 ALTER TABLE `cities_translations` ENABLE KEYS */;
UNLOCK TABLES;

--
-- Table structure for table `contact_replies`
--

DROP TABLE IF EXISTS `contact_replies`;
/*!40101 SET @saved_cs_client     = @@character_set_client */;
/*!50503 SET character_set_client = utf8mb4 */;
CREATE TABLE `contact_replies` (
  `id` bigint unsigned NOT NULL AUTO_INCREMENT,
  `message` longtext COLLATE utf8mb4_unicode_ci NOT NULL,
  `contact_id` bigint unsigned NOT NULL,
  `created_at` timestamp NULL DEFAULT NULL,
  `updated_at` timestamp NULL DEFAULT NULL,
  PRIMARY KEY (`id`)
) ENGINE=InnoDB DEFAULT CHARSET=utf8mb4 COLLATE=utf8mb4_unicode_ci;
/*!40101 SET character_set_client = @saved_cs_client */;

--
-- Dumping data for table `contact_replies`
--

LOCK TABLES `contact_replies` WRITE;
/*!40000 ALTER TABLE `contact_replies` DISABLE KEYS */;
/*!40000 ALTER TABLE `contact_replies` ENABLE KEYS */;
UNLOCK TABLES;

--
-- Table structure for table `contacts`
--

DROP TABLE IF EXISTS `contacts`;
/*!40101 SET @saved_cs_client     = @@character_set_client */;
/*!50503 SET character_set_client = utf8mb4 */;
CREATE TABLE `contacts` (
  `id` bigint unsigned NOT NULL AUTO_INCREMENT,
  `name` varchar(60) COLLATE utf8mb4_unicode_ci NOT NULL,
  `email` varchar(60) COLLATE utf8mb4_unicode_ci NOT NULL,
  `phone` varchar(60) COLLATE utf8mb4_unicode_ci DEFAULT NULL,
  `address` varchar(120) COLLATE utf8mb4_unicode_ci DEFAULT NULL,
  `subject` varchar(120) COLLATE utf8mb4_unicode_ci DEFAULT NULL,
  `content` longtext COLLATE utf8mb4_unicode_ci NOT NULL,
  `status` varchar(60) COLLATE utf8mb4_unicode_ci NOT NULL DEFAULT 'unread',
  `created_at` timestamp NULL DEFAULT NULL,
  `updated_at` timestamp NULL DEFAULT NULL,
  PRIMARY KEY (`id`)
) ENGINE=InnoDB AUTO_INCREMENT=11 DEFAULT CHARSET=utf8mb4 COLLATE=utf8mb4_unicode_ci;
/*!40101 SET character_set_client = @saved_cs_client */;

--
-- Dumping data for table `contacts`
--

LOCK TABLES `contacts` WRITE;
/*!40000 ALTER TABLE `contacts` DISABLE KEYS */;
INSERT INTO `contacts` VALUES (1,'Mr. Elroy Anderson MD','snitzsche@example.net','(701) 387-9145','4421 Santiago Light Apt. 199\nUptonmouth, WY 74850','Sit harum qui quo debitis eveniet voluptatem.','Et autem id vero vel ratione autem. Est optio expedita enim deserunt. Suscipit libero qui id qui. Autem quos doloremque ut tempora in id. Ipsam cumque maxime ratione enim. Voluptatem impedit similique exercitationem ipsum. Sed atque blanditiis totam reiciendis laboriosam quo. Minima sequi repudiandae similique nulla eum. Est sequi modi quod.','unread','2023-07-02 19:58:39','2023-07-02 19:58:39'),(2,'Tiffany Purdy','wleffler@example.org','256-863-8454','807 Alyce Motorway Apt. 769\nCarmelahaven, AL 74294','Qui cum magnam atque quis.','Eligendi quos qui impedit. Deleniti est sapiente occaecati excepturi assumenda. Quia non sit doloribus. Qui nam pariatur eos impedit iure dicta excepturi. Nam praesentium omnis voluptas enim nam. Quos voluptas numquam quidem placeat adipisci dolorum. Est esse ut omnis laboriosam soluta quibusdam. Et unde minus ut inventore nam et.','read','2023-07-02 19:58:39','2023-07-02 19:58:39'),(3,'Prof. Vivian Koelpin','heidi56@example.net','(408) 293-6920','9862 Rolfson Causeway\nTurcotteburgh, MD 21626','Voluptatem et et nihil nostrum quo voluptate.','Adipisci maiores sed voluptatem officia quo. Quo rem et et fugiat. Non et nisi aut voluptate possimus.','read','2023-07-02 19:58:39','2023-07-02 19:58:39'),(4,'Ms. Francesca Haley II','brohan@example.com','+16804030248','10750 Steuber Harbor Apt. 235\nKraigville, HI 73252-0011','Libero labore molestiae est eaque voluptas.','Expedita aut et consequuntur ut mollitia. Aut ut molestias tempora culpa tenetur qui alias. Inventore sit beatae in nobis ut. Sed non voluptatum est est amet. Sed quasi facere cumque eum. Soluta ea aut sed sed. Sequi tenetur non commodi et reiciendis amet. Nostrum illo neque iste quo maiores. Quia perferendis sequi cumque enim ut delectus recusandae. Est consectetur voluptas repellendus quia rem delectus. Id quo minus et praesentium optio.','unread','2023-07-02 19:58:39','2023-07-02 19:58:39'),(5,'Pearline Schneider','ortiz.vernon@example.net','574-384-2217','3613 Cummerata Greens\nLake Arjun, NH 63695-7226','Numquam doloribus earum magnam eaque et.','Non cupiditate est sunt rerum voluptatem. Corporis dolor id mollitia voluptates aliquid. Sapiente quasi ut et eligendi placeat et est. Illo quisquam repellat aut et et aut esse.','read','2023-07-02 19:58:39','2023-07-02 19:58:39'),(6,'Diana Becker','mcclure.neoma@example.org','1-972-535-1177','473 Champlin Spurs\nAufderharberg, VT 36560','Eum et beatae explicabo dolores dolores.','Non vero quos nesciunt ut. Quas et ut voluptas. Odit ab magnam ab commodi sunt. Corrupti deleniti dolorem nesciunt qui. Omnis culpa asperiores vel veniam. Autem veritatis rem dolorem occaecati ullam ut quod. Natus ipsam consequatur a quo sunt ea soluta.','unread','2023-07-02 19:58:39','2023-07-02 19:58:39'),(7,'Prof. Jerome Cremin PhD','prince06@example.org','312-686-1000','926 Nelle Spur\nGerholdchester, NE 19691-4563','Asperiores in porro laudantium enim.','Aut at aut vero assumenda maiores. Qui perspiciatis omnis numquam assumenda ab. Optio enim ratione accusamus mollitia accusamus. Animi veniam animi soluta autem qui sunt. At ut natus quasi incidunt sed nobis rerum sed. Sit rerum est vel voluptatibus sed exercitationem consectetur.','unread','2023-07-02 19:58:39','2023-07-02 19:58:39'),(8,'Prof. Wilford Herman II','lester09@example.net','858-536-1179','417 Prohaska Ports\nWest Richieland, ME 50547','Earum atque reiciendis aut.','Fuga tempore consequatur ducimus nisi minus. Dolor quos doloribus molestiae. Dolorem nostrum officia dolorem dolor dolorum consectetur qui. Laudantium totam qui culpa saepe. Aspernatur nisi corrupti quod maxime a quas velit. Quos labore et sed illo enim. Ipsam quia quidem et atque. Qui aut id quis reiciendis fugiat repellendus voluptatum perferendis. Eum delectus tempora tenetur corporis.','read','2023-07-02 19:58:39','2023-07-02 19:58:39'),(9,'Adella Schuster','maegan.lynch@example.net','469.732.5156','4919 Kurtis Freeway Apt. 714\nDonnellyfurt, RI 37237','Quis dolor expedita quia quidem quia minus.','Qui in minus dolores occaecati. Et voluptatibus tenetur eum facere qui. Qui consequatur et aliquid vitae. Quidem voluptatibus harum dolores aut accusamus eum.','read','2023-07-02 19:58:39','2023-07-02 19:58:39'),(10,'Brandyn Eichmann','anya51@example.net','+1-617-805-1543','95698 Becker Key Suite 413\nEast Alfredchester, NJ 94273','At sed natus et.','Maxime similique aliquam dolor odio. Eos ea ex aut laboriosam. Repellat quae dolor itaque nihil. Alias qui ea pariatur recusandae. Deleniti voluptatem tempora perferendis consequatur nobis deleniti. Quia dolores incidunt at eum ex.','unread','2023-07-02 19:58:39','2023-07-02 19:58:39');
/*!40000 ALTER TABLE `contacts` ENABLE KEYS */;
UNLOCK TABLES;

--
-- Table structure for table `countries`
--

DROP TABLE IF EXISTS `countries`;
/*!40101 SET @saved_cs_client     = @@character_set_client */;
/*!50503 SET character_set_client = utf8mb4 */;
CREATE TABLE `countries` (
  `id` bigint unsigned NOT NULL AUTO_INCREMENT,
  `name` varchar(120) COLLATE utf8mb4_unicode_ci NOT NULL,
  `nationality` varchar(120) CHARACTER SET utf8mb4 COLLATE utf8mb4_unicode_ci DEFAULT NULL,
  `order` tinyint NOT NULL DEFAULT '0',
  `is_default` tinyint unsigned NOT NULL DEFAULT '0',
  `status` varchar(60) COLLATE utf8mb4_unicode_ci NOT NULL DEFAULT 'published',
  `created_at` timestamp NULL DEFAULT NULL,
  `updated_at` timestamp NULL DEFAULT NULL,
  `code` varchar(10) COLLATE utf8mb4_unicode_ci DEFAULT NULL,
  PRIMARY KEY (`id`)
) ENGINE=InnoDB DEFAULT CHARSET=utf8mb4 COLLATE=utf8mb4_unicode_ci;
/*!40101 SET character_set_client = @saved_cs_client */;

--
-- Dumping data for table `countries`
--

LOCK TABLES `countries` WRITE;
/*!40000 ALTER TABLE `countries` DISABLE KEYS */;
/*!40000 ALTER TABLE `countries` ENABLE KEYS */;
UNLOCK TABLES;

--
-- Table structure for table `countries_translations`
--

DROP TABLE IF EXISTS `countries_translations`;
/*!40101 SET @saved_cs_client     = @@character_set_client */;
/*!50503 SET character_set_client = utf8mb4 */;
CREATE TABLE `countries_translations` (
  `lang_code` varchar(191) COLLATE utf8mb4_unicode_ci NOT NULL,
  `countries_id` bigint unsigned NOT NULL,
  `name` varchar(120) COLLATE utf8mb4_unicode_ci DEFAULT NULL,
  `nationality` varchar(120) COLLATE utf8mb4_unicode_ci DEFAULT NULL,
  PRIMARY KEY (`lang_code`,`countries_id`)
) ENGINE=InnoDB DEFAULT CHARSET=utf8mb4 COLLATE=utf8mb4_unicode_ci;
/*!40101 SET character_set_client = @saved_cs_client */;

--
-- Dumping data for table `countries_translations`
--

LOCK TABLES `countries_translations` WRITE;
/*!40000 ALTER TABLE `countries_translations` DISABLE KEYS */;
/*!40000 ALTER TABLE `countries_translations` ENABLE KEYS */;
UNLOCK TABLES;

--
-- Table structure for table `dashboard_widget_settings`
--

DROP TABLE IF EXISTS `dashboard_widget_settings`;
/*!40101 SET @saved_cs_client     = @@character_set_client */;
/*!50503 SET character_set_client = utf8mb4 */;
CREATE TABLE `dashboard_widget_settings` (
  `id` bigint unsigned NOT NULL AUTO_INCREMENT,
  `settings` text COLLATE utf8mb4_unicode_ci,
  `user_id` bigint unsigned NOT NULL,
  `widget_id` bigint unsigned NOT NULL,
  `order` tinyint unsigned NOT NULL DEFAULT '0',
  `status` tinyint unsigned NOT NULL DEFAULT '1',
  `created_at` timestamp NULL DEFAULT NULL,
  `updated_at` timestamp NULL DEFAULT NULL,
  PRIMARY KEY (`id`),
  KEY `dashboard_widget_settings_user_id_index` (`user_id`),
  KEY `dashboard_widget_settings_widget_id_index` (`widget_id`)
) ENGINE=InnoDB DEFAULT CHARSET=utf8mb4 COLLATE=utf8mb4_unicode_ci;
/*!40101 SET character_set_client = @saved_cs_client */;

--
-- Dumping data for table `dashboard_widget_settings`
--

LOCK TABLES `dashboard_widget_settings` WRITE;
/*!40000 ALTER TABLE `dashboard_widget_settings` DISABLE KEYS */;
/*!40000 ALTER TABLE `dashboard_widget_settings` ENABLE KEYS */;
UNLOCK TABLES;

--
-- Table structure for table `dashboard_widgets`
--

DROP TABLE IF EXISTS `dashboard_widgets`;
/*!40101 SET @saved_cs_client     = @@character_set_client */;
/*!50503 SET character_set_client = utf8mb4 */;
CREATE TABLE `dashboard_widgets` (
  `id` bigint unsigned NOT NULL AUTO_INCREMENT,
  `name` varchar(120) COLLATE utf8mb4_unicode_ci NOT NULL,
  `created_at` timestamp NULL DEFAULT NULL,
  `updated_at` timestamp NULL DEFAULT NULL,
  PRIMARY KEY (`id`)
) ENGINE=InnoDB DEFAULT CHARSET=utf8mb4 COLLATE=utf8mb4_unicode_ci;
/*!40101 SET character_set_client = @saved_cs_client */;

--
-- Dumping data for table `dashboard_widgets`
--

LOCK TABLES `dashboard_widgets` WRITE;
/*!40000 ALTER TABLE `dashboard_widgets` DISABLE KEYS */;
/*!40000 ALTER TABLE `dashboard_widgets` ENABLE KEYS */;
UNLOCK TABLES;

--
-- Table structure for table `ec_brands`
--

DROP TABLE IF EXISTS `ec_brands`;
/*!40101 SET @saved_cs_client     = @@character_set_client */;
/*!50503 SET character_set_client = utf8mb4 */;
CREATE TABLE `ec_brands` (
  `id` bigint unsigned NOT NULL AUTO_INCREMENT,
  `name` varchar(191) COLLATE utf8mb4_unicode_ci NOT NULL,
  `description` mediumtext COLLATE utf8mb4_unicode_ci,
  `website` varchar(255) COLLATE utf8mb4_unicode_ci DEFAULT NULL,
  `logo` varchar(255) COLLATE utf8mb4_unicode_ci DEFAULT NULL,
  `status` varchar(60) COLLATE utf8mb4_unicode_ci NOT NULL DEFAULT 'published',
  `order` tinyint unsigned NOT NULL DEFAULT '0',
  `is_featured` tinyint unsigned NOT NULL DEFAULT '0',
  `created_at` timestamp NULL DEFAULT NULL,
  `updated_at` timestamp NULL DEFAULT NULL,
  PRIMARY KEY (`id`)
) ENGINE=InnoDB AUTO_INCREMENT=9 DEFAULT CHARSET=utf8mb4 COLLATE=utf8mb4_unicode_ci;
/*!40101 SET character_set_client = @saved_cs_client */;

--
-- Dumping data for table `ec_brands`
--

LOCK TABLES `ec_brands` WRITE;
/*!40000 ALTER TABLE `ec_brands` DISABLE KEYS */;
INSERT INTO `ec_brands` VALUES (1,'Nestlé','Necessitatibus eligendi laborum rerum totam. Iure saepe voluptatem maiores. Quas tempora est perferendis omnis ea. Doloribus occaecati officiis est ipsum quia.','http://www.heathcote.org/','brands/1.png','published',0,0,'2023-07-02 19:58:41','2023-07-02 19:58:41'),(2,'Pepsi','Qui sed beatae voluptas voluptatem. Velit quaerat ipsum adipisci. Nemo doloremque dolores omnis in sed qui repellendus.','http://ohara.biz/hic-enim-ipsa-blanditiis-voluptatem-ut-qui.html','brands/2.png','published',1,0,'2023-07-02 19:58:41','2023-07-02 19:58:41'),(3,'McDonald\'s','Magnam sint facere exercitationem labore. Doloribus voluptatem aut non tempora eius qui deleniti. Ipsa earum cumque et omnis tenetur ut beatae. Rerum earum deleniti dolor unde quisquam.','https://www.ledner.com/labore-consequatur-quos-tempore-aperiam','brands/3.png','published',2,1,'2023-07-02 19:58:41','2023-07-02 19:58:41'),(4,'Burger King','Nulla corporis consequuntur nihil delectus et animi. Ullam neque minima aut culpa odit atque fugiat.','http://www.waters.org/earum-itaque-mollitia-officia-ut-sed','brands/4.png','published',3,0,'2023-07-02 19:58:41','2023-07-02 19:58:41'),(5,'KFC','Dignissimos ut ad aliquam repellendus. Saepe dolor quaerat error amet soluta pariatur facere.','http://www.spinka.org/','brands/5.png','published',4,1,'2023-07-02 19:58:41','2023-07-02 19:58:41'),(6,'Starbucks','Unde magnam et et sint velit et occaecati. Nihil quidem incidunt corrupti natus voluptates. Rerum tenetur quae molestiae est repellat facilis vel fugit.','https://www.larson.com/ea-praesentium-perspiciatis-ipsa-iste-occaecati-sint-quos-nam','brands/6.png','published',5,0,'2023-07-02 19:58:41','2023-07-02 19:58:41'),(7,'Popeyes','Inventore odit doloribus aut quia ratione qui qui. Repudiandae ipsa blanditiis odio sit molestiae tenetur qui. Suscipit aspernatur quam quos aut quis quibusdam dolor.','http://www.baumbach.com/ut-quae-at-iure-officiis-magni','brands/7.png','published',6,0,'2023-07-02 19:58:41','2023-07-02 19:58:41'),(8,'Phúc Long','Amet eligendi sed et sint architecto. Ut inventore reiciendis et. Natus assumenda sit quia vitae voluptas optio voluptatibus.','http://corwin.com/quod-optio-rerum-odio-aut-ea-et','brands/8.png','published',7,1,'2023-07-02 19:58:41','2023-07-02 19:58:41');
/*!40000 ALTER TABLE `ec_brands` ENABLE KEYS */;
UNLOCK TABLES;

--
-- Table structure for table `ec_brands_translations`
--

DROP TABLE IF EXISTS `ec_brands_translations`;
/*!40101 SET @saved_cs_client     = @@character_set_client */;
/*!50503 SET character_set_client = utf8mb4 */;
CREATE TABLE `ec_brands_translations` (
  `lang_code` varchar(191) COLLATE utf8mb4_unicode_ci NOT NULL,
  `ec_brands_id` bigint unsigned NOT NULL,
  `name` varchar(191) COLLATE utf8mb4_unicode_ci DEFAULT NULL,
  `description` varchar(191) COLLATE utf8mb4_unicode_ci DEFAULT NULL,
  PRIMARY KEY (`lang_code`,`ec_brands_id`)
) ENGINE=InnoDB DEFAULT CHARSET=utf8mb4 COLLATE=utf8mb4_unicode_ci;
/*!40101 SET character_set_client = @saved_cs_client */;

--
-- Dumping data for table `ec_brands_translations`
--

LOCK TABLES `ec_brands_translations` WRITE;
/*!40000 ALTER TABLE `ec_brands_translations` DISABLE KEYS */;
/*!40000 ALTER TABLE `ec_brands_translations` ENABLE KEYS */;
UNLOCK TABLES;

--
-- Table structure for table `ec_cart`
--

DROP TABLE IF EXISTS `ec_cart`;
/*!40101 SET @saved_cs_client     = @@character_set_client */;
/*!50503 SET character_set_client = utf8mb4 */;
CREATE TABLE `ec_cart` (
  `identifier` varchar(60) COLLATE utf8mb4_unicode_ci NOT NULL,
  `instance` varchar(60) COLLATE utf8mb4_unicode_ci NOT NULL,
  `content` longtext COLLATE utf8mb4_unicode_ci NOT NULL,
  `created_at` timestamp NULL DEFAULT NULL,
  `updated_at` timestamp NULL DEFAULT NULL,
  PRIMARY KEY (`identifier`,`instance`)
) ENGINE=InnoDB DEFAULT CHARSET=utf8mb4 COLLATE=utf8mb4_unicode_ci;
/*!40101 SET character_set_client = @saved_cs_client */;

--
-- Dumping data for table `ec_cart`
--

LOCK TABLES `ec_cart` WRITE;
/*!40000 ALTER TABLE `ec_cart` DISABLE KEYS */;
/*!40000 ALTER TABLE `ec_cart` ENABLE KEYS */;
UNLOCK TABLES;

--
-- Table structure for table `ec_currencies`
--

DROP TABLE IF EXISTS `ec_currencies`;
/*!40101 SET @saved_cs_client     = @@character_set_client */;
/*!50503 SET character_set_client = utf8mb4 */;
CREATE TABLE `ec_currencies` (
  `id` bigint unsigned NOT NULL AUTO_INCREMENT,
  `title` varchar(191) COLLATE utf8mb4_unicode_ci NOT NULL,
  `symbol` varchar(10) COLLATE utf8mb4_unicode_ci NOT NULL,
  `is_prefix_symbol` tinyint unsigned NOT NULL DEFAULT '0',
  `decimals` tinyint unsigned DEFAULT '0',
  `order` int unsigned DEFAULT '0',
  `is_default` tinyint NOT NULL DEFAULT '0',
  `exchange_rate` double NOT NULL DEFAULT '1',
  `created_at` timestamp NULL DEFAULT NULL,
  `updated_at` timestamp NULL DEFAULT NULL,
  PRIMARY KEY (`id`)
) ENGINE=InnoDB AUTO_INCREMENT=4 DEFAULT CHARSET=utf8mb4 COLLATE=utf8mb4_unicode_ci;
/*!40101 SET character_set_client = @saved_cs_client */;

--
-- Dumping data for table `ec_currencies`
--

LOCK TABLES `ec_currencies` WRITE;
/*!40000 ALTER TABLE `ec_currencies` DISABLE KEYS */;
INSERT INTO `ec_currencies` VALUES (1,'USD','$',1,2,0,1,1,'2023-07-02 19:58:41','2023-07-02 19:58:41'),(2,'EUR','€',0,2,1,0,0.84,'2023-07-02 19:58:41','2023-07-02 19:58:41'),(3,'VND','₫',0,0,2,0,23203,'2023-07-02 19:58:41','2023-07-02 19:58:41');
/*!40000 ALTER TABLE `ec_currencies` ENABLE KEYS */;
UNLOCK TABLES;

--
-- Table structure for table `ec_customer_addresses`
--

DROP TABLE IF EXISTS `ec_customer_addresses`;
/*!40101 SET @saved_cs_client     = @@character_set_client */;
/*!50503 SET character_set_client = utf8mb4 */;
CREATE TABLE `ec_customer_addresses` (
  `id` bigint unsigned NOT NULL AUTO_INCREMENT,
  `name` varchar(191) COLLATE utf8mb4_unicode_ci NOT NULL,
  `email` varchar(60) COLLATE utf8mb4_unicode_ci DEFAULT NULL,
  `phone` varchar(20) CHARACTER SET utf8mb4 COLLATE utf8mb4_unicode_ci DEFAULT NULL,
  `country` varchar(120) COLLATE utf8mb4_unicode_ci DEFAULT NULL,
  `state` varchar(120) COLLATE utf8mb4_unicode_ci DEFAULT NULL,
  `city` varchar(120) COLLATE utf8mb4_unicode_ci DEFAULT NULL,
  `address` varchar(191) COLLATE utf8mb4_unicode_ci NOT NULL,
  `customer_id` bigint unsigned NOT NULL,
  `is_default` tinyint unsigned NOT NULL DEFAULT '0',
  `created_at` timestamp NULL DEFAULT NULL,
  `updated_at` timestamp NULL DEFAULT NULL,
  `zip_code` varchar(20) COLLATE utf8mb4_unicode_ci DEFAULT NULL,
  PRIMARY KEY (`id`)
) ENGINE=InnoDB AUTO_INCREMENT=10 DEFAULT CHARSET=utf8mb4 COLLATE=utf8mb4_unicode_ci;
/*!40101 SET character_set_client = @saved_cs_client */;

--
-- Dumping data for table `ec_customer_addresses`
--

LOCK TABLES `ec_customer_addresses` WRITE;
/*!40000 ALTER TABLE `ec_customer_addresses` DISABLE KEYS */;
INSERT INTO `ec_customer_addresses` VALUES (1,'Alayna Mosciski','customer@archielite.com','+15802923308','AM','Ramp','South Chasity','60461 Larkin Bridge Suite 271',1,1,'2023-07-02 19:58:45','2023-07-02 19:58:45','32002-0100'),(2,'Rosanna Nolan II','theron.bednar@example.com','+16465868985','MK','Course','South Annamarie','47645 Parker Forest',2,1,'2023-07-02 19:58:45','2023-07-02 19:58:45','12865-1380'),(3,'Carleton Gaylord PhD','vstiedemann@example.net','+16576736977','CO','Stream','Erdmanside','73959 Kaitlyn Valleys Suite 807',3,1,'2023-07-02 19:58:45','2023-07-02 19:58:45','36133-6665'),(4,'Mac Weissnat','jjerde@example.com','+12519765703','MV','Harbors','Croninmouth','15941 Avery Loaf Suite 167',4,1,'2023-07-02 19:58:45','2023-07-02 19:58:45','06183'),(5,'Madalyn Hegmann','douglas.eugenia@example.com','+16807576161','ET','Cove','Lake Destinchester','814 Witting Ville Apt. 270',5,1,'2023-07-02 19:58:45','2023-07-02 19:58:45','08961'),(6,'Ms. Dayna Boehm Jr.','dtorp@example.org','+18583729254','MT','Freeway','Caroleville','159 Kuhlman Place Suite 906',6,1,'2023-07-02 19:58:46','2023-07-02 19:58:46','15029'),(7,'Dr. Keyshawn Tromp','vluettgen@example.net','+17158392711','BF','Wall','Lake Bertram','17049 Ferry Villages',7,1,'2023-07-02 19:58:46','2023-07-02 19:58:46','96433'),(8,'Delpha Monahan','peter35@example.org','+16512389319','MD','Mills','South Billshire','6795 Shayna Plaza Apt. 767',8,1,'2023-07-02 19:58:46','2023-07-02 19:58:46','50874-2983'),(9,'Perry Kuhic','anastasia50@example.net','+12525764731','UG','Port','Hicklestad','5575 Brady Village',9,1,'2023-07-02 19:58:46','2023-07-02 19:58:46','23201-2967');
/*!40000 ALTER TABLE `ec_customer_addresses` ENABLE KEYS */;
UNLOCK TABLES;

--
-- Table structure for table `ec_customer_password_resets`
--

DROP TABLE IF EXISTS `ec_customer_password_resets`;
/*!40101 SET @saved_cs_client     = @@character_set_client */;
/*!50503 SET character_set_client = utf8mb4 */;
CREATE TABLE `ec_customer_password_resets` (
  `email` varchar(191) COLLATE utf8mb4_unicode_ci NOT NULL,
  `token` varchar(191) COLLATE utf8mb4_unicode_ci NOT NULL,
  `created_at` timestamp NULL DEFAULT NULL,
  KEY `ec_customer_password_resets_email_index` (`email`),
  KEY `ec_customer_password_resets_token_index` (`token`)
) ENGINE=InnoDB DEFAULT CHARSET=utf8mb4 COLLATE=utf8mb4_unicode_ci;
/*!40101 SET character_set_client = @saved_cs_client */;

--
-- Dumping data for table `ec_customer_password_resets`
--

LOCK TABLES `ec_customer_password_resets` WRITE;
/*!40000 ALTER TABLE `ec_customer_password_resets` DISABLE KEYS */;
/*!40000 ALTER TABLE `ec_customer_password_resets` ENABLE KEYS */;
UNLOCK TABLES;

--
-- Table structure for table `ec_customer_recently_viewed_products`
--

DROP TABLE IF EXISTS `ec_customer_recently_viewed_products`;
/*!40101 SET @saved_cs_client     = @@character_set_client */;
/*!50503 SET character_set_client = utf8mb4 */;
CREATE TABLE `ec_customer_recently_viewed_products` (
  `id` bigint unsigned NOT NULL AUTO_INCREMENT,
  `customer_id` bigint unsigned NOT NULL,
  `product_id` bigint unsigned NOT NULL,
  PRIMARY KEY (`id`)
) ENGINE=InnoDB DEFAULT CHARSET=utf8mb4 COLLATE=utf8mb4_unicode_ci;
/*!40101 SET character_set_client = @saved_cs_client */;

--
-- Dumping data for table `ec_customer_recently_viewed_products`
--

LOCK TABLES `ec_customer_recently_viewed_products` WRITE;
/*!40000 ALTER TABLE `ec_customer_recently_viewed_products` DISABLE KEYS */;
/*!40000 ALTER TABLE `ec_customer_recently_viewed_products` ENABLE KEYS */;
UNLOCK TABLES;

--
-- Table structure for table `ec_customer_used_coupons`
--

DROP TABLE IF EXISTS `ec_customer_used_coupons`;
/*!40101 SET @saved_cs_client     = @@character_set_client */;
/*!50503 SET character_set_client = utf8mb4 */;
CREATE TABLE `ec_customer_used_coupons` (
  `discount_id` bigint unsigned NOT NULL,
  `customer_id` bigint unsigned NOT NULL,
  PRIMARY KEY (`discount_id`,`customer_id`)
) ENGINE=InnoDB DEFAULT CHARSET=utf8mb4 COLLATE=utf8mb4_unicode_ci;
/*!40101 SET character_set_client = @saved_cs_client */;

--
-- Dumping data for table `ec_customer_used_coupons`
--

LOCK TABLES `ec_customer_used_coupons` WRITE;
/*!40000 ALTER TABLE `ec_customer_used_coupons` DISABLE KEYS */;
/*!40000 ALTER TABLE `ec_customer_used_coupons` ENABLE KEYS */;
UNLOCK TABLES;

--
-- Table structure for table `ec_customers`
--

DROP TABLE IF EXISTS `ec_customers`;
/*!40101 SET @saved_cs_client     = @@character_set_client */;
/*!50503 SET character_set_client = utf8mb4 */;
CREATE TABLE `ec_customers` (
  `id` bigint unsigned NOT NULL AUTO_INCREMENT,
  `name` varchar(191) COLLATE utf8mb4_unicode_ci NOT NULL,
  `email` varchar(191) COLLATE utf8mb4_unicode_ci NOT NULL,
  `password` varchar(191) COLLATE utf8mb4_unicode_ci NOT NULL,
  `avatar` varchar(255) COLLATE utf8mb4_unicode_ci DEFAULT NULL,
  `dob` date DEFAULT NULL,
  `phone` varchar(25) COLLATE utf8mb4_unicode_ci DEFAULT NULL,
  `remember_token` varchar(100) COLLATE utf8mb4_unicode_ci DEFAULT NULL,
  `created_at` timestamp NULL DEFAULT NULL,
  `updated_at` timestamp NULL DEFAULT NULL,
  `confirmed_at` datetime DEFAULT NULL,
  `email_verify_token` varchar(120) COLLATE utf8mb4_unicode_ci DEFAULT NULL,
  `status` varchar(60) COLLATE utf8mb4_unicode_ci NOT NULL DEFAULT 'activated',
  PRIMARY KEY (`id`),
  UNIQUE KEY `ec_customers_email_unique` (`email`)
) ENGINE=InnoDB AUTO_INCREMENT=10 DEFAULT CHARSET=utf8mb4 COLLATE=utf8mb4_unicode_ci;
/*!40101 SET character_set_client = @saved_cs_client */;

--
-- Dumping data for table `ec_customers`
--

LOCK TABLES `ec_customers` WRITE;
/*!40000 ALTER TABLE `ec_customers` DISABLE KEYS */;
INSERT INTO `ec_customers` VALUES (1,'Alayna Mosciski','customer@archielite.com','$2y$10$xb04YBxlD/4FBFMZMDtKMeWUTCDfxqCRsQiKXSh2zbXyGnA2KvocG','customers/1.jpg','1989-06-28','+19036628794',NULL,'2023-07-02 19:58:45','2023-07-02 19:58:45','2023-07-03 02:58:45',NULL,'activated'),(2,'Rosanna Nolan II','theron.bednar@example.com','$2y$10$CP24HhsKQTKJVayGICiAHekwQx8uS0.NQkNPeM6OnzLBcttPylkES','customers/1.jpg','1977-06-10','+13084048763',NULL,'2023-07-02 19:58:45','2023-07-02 19:58:45','2023-07-03 02:58:45',NULL,'activated'),(3,'Carleton Gaylord PhD','vstiedemann@example.net','$2y$10$uqV0rsg89zPWE9tVdStp3Op6lPvEjweIQQjotv5xNpFfg4U1vHRli','customers/2.jpg','1979-06-09','+19852012357',NULL,'2023-07-02 19:58:45','2023-07-02 19:58:45','2023-07-03 02:58:45',NULL,'activated'),(4,'Mac Weissnat','jjerde@example.com','$2y$10$ypelDiVJTzpfy3WqB9Bng.GwlPtqccF0VXR3NEZBV4Qk074R1wJNq','customers/3.jpg','1984-06-17','+18142631601',NULL,'2023-07-02 19:58:45','2023-07-02 19:58:45','2023-07-03 02:58:45',NULL,'activated'),(5,'Madalyn Hegmann','douglas.eugenia@example.com','$2y$10$i6b3fbOWgzjfbtEGiGmZ0.VLiROp1sl9mXr4TqYn06KSDKcalDZa.','customers/4.jpg','1982-06-04','+17798549954',NULL,'2023-07-02 19:58:45','2023-07-02 19:58:45','2023-07-03 02:58:45',NULL,'activated'),(6,'Ms. Dayna Boehm Jr.','dtorp@example.org','$2y$10$7VETPh9Xyb3.jm4JW4rNDutCBrOF6zPsqMKhXXK.Rf/8Qa9hvuRIm','customers/5.jpg','1989-06-21','+15713243011',NULL,'2023-07-02 19:58:46','2023-07-02 19:58:46','2023-07-03 02:58:46',NULL,'activated'),(7,'Dr. Keyshawn Tromp','vluettgen@example.net','$2y$10$4L5Ha0ycKWo0awP20.CxmucCaKQBod9F28NpEyNL/k253HWCpqBpa','customers/6.jpg','1989-07-02','+14848988289',NULL,'2023-07-02 19:58:46','2023-07-02 19:58:46','2023-07-03 02:58:46',NULL,'activated'),(8,'Delpha Monahan','peter35@example.org','$2y$10$4WfI0fSC7x0yL/6jspE.oOljEtEbtChoOy/uuPhnHOtk8P55e4I3W','customers/7.jpg','1995-06-15','+13394291985',NULL,'2023-07-02 19:58:46','2023-07-02 19:58:46','2023-07-03 02:58:46',NULL,'activated'),(9,'Perry Kuhic','anastasia50@example.net','$2y$10$9o7ERkJRlKNHNTVk3kQXkuQDN91/9dG82cmuKC0XEfVLoxujBbY/y','customers/8.jpg','1984-06-09','+12793743469',NULL,'2023-07-02 19:58:46','2023-07-02 19:58:46','2023-07-03 02:58:46',NULL,'activated');
/*!40000 ALTER TABLE `ec_customers` ENABLE KEYS */;
UNLOCK TABLES;

--
-- Table structure for table `ec_discount_customers`
--

DROP TABLE IF EXISTS `ec_discount_customers`;
/*!40101 SET @saved_cs_client     = @@character_set_client */;
/*!50503 SET character_set_client = utf8mb4 */;
CREATE TABLE `ec_discount_customers` (
  `discount_id` bigint unsigned NOT NULL,
  `customer_id` bigint unsigned NOT NULL,
  PRIMARY KEY (`discount_id`,`customer_id`)
) ENGINE=InnoDB DEFAULT CHARSET=utf8mb4 COLLATE=utf8mb4_unicode_ci;
/*!40101 SET character_set_client = @saved_cs_client */;

--
-- Dumping data for table `ec_discount_customers`
--

LOCK TABLES `ec_discount_customers` WRITE;
/*!40000 ALTER TABLE `ec_discount_customers` DISABLE KEYS */;
/*!40000 ALTER TABLE `ec_discount_customers` ENABLE KEYS */;
UNLOCK TABLES;

--
-- Table structure for table `ec_discount_product_collections`
--

DROP TABLE IF EXISTS `ec_discount_product_collections`;
/*!40101 SET @saved_cs_client     = @@character_set_client */;
/*!50503 SET character_set_client = utf8mb4 */;
CREATE TABLE `ec_discount_product_collections` (
  `discount_id` bigint unsigned NOT NULL,
  `product_collection_id` bigint unsigned NOT NULL,
  PRIMARY KEY (`discount_id`,`product_collection_id`)
) ENGINE=InnoDB DEFAULT CHARSET=utf8mb4 COLLATE=utf8mb4_unicode_ci;
/*!40101 SET character_set_client = @saved_cs_client */;

--
-- Dumping data for table `ec_discount_product_collections`
--

LOCK TABLES `ec_discount_product_collections` WRITE;
/*!40000 ALTER TABLE `ec_discount_product_collections` DISABLE KEYS */;
/*!40000 ALTER TABLE `ec_discount_product_collections` ENABLE KEYS */;
UNLOCK TABLES;

--
-- Table structure for table `ec_discount_products`
--

DROP TABLE IF EXISTS `ec_discount_products`;
/*!40101 SET @saved_cs_client     = @@character_set_client */;
/*!50503 SET character_set_client = utf8mb4 */;
CREATE TABLE `ec_discount_products` (
  `discount_id` bigint unsigned NOT NULL,
  `product_id` bigint unsigned NOT NULL,
  PRIMARY KEY (`discount_id`,`product_id`)
) ENGINE=InnoDB DEFAULT CHARSET=utf8mb4 COLLATE=utf8mb4_unicode_ci;
/*!40101 SET character_set_client = @saved_cs_client */;

--
-- Dumping data for table `ec_discount_products`
--

LOCK TABLES `ec_discount_products` WRITE;
/*!40000 ALTER TABLE `ec_discount_products` DISABLE KEYS */;
/*!40000 ALTER TABLE `ec_discount_products` ENABLE KEYS */;
UNLOCK TABLES;

--
-- Table structure for table `ec_discounts`
--

DROP TABLE IF EXISTS `ec_discounts`;
/*!40101 SET @saved_cs_client     = @@character_set_client */;
/*!50503 SET character_set_client = utf8mb4 */;
CREATE TABLE `ec_discounts` (
  `id` bigint unsigned NOT NULL AUTO_INCREMENT,
  `title` varchar(120) COLLATE utf8mb4_unicode_ci DEFAULT NULL,
  `code` varchar(20) COLLATE utf8mb4_unicode_ci DEFAULT NULL,
  `start_date` datetime DEFAULT NULL,
  `end_date` datetime DEFAULT NULL,
  `quantity` int DEFAULT NULL,
  `total_used` int unsigned NOT NULL DEFAULT '0',
  `value` double DEFAULT NULL,
  `type` varchar(60) COLLATE utf8mb4_unicode_ci DEFAULT 'coupon',
  `can_use_with_promotion` tinyint(1) NOT NULL DEFAULT '0',
  `discount_on` varchar(20) COLLATE utf8mb4_unicode_ci DEFAULT NULL,
  `product_quantity` int unsigned DEFAULT NULL,
  `type_option` varchar(100) COLLATE utf8mb4_unicode_ci NOT NULL DEFAULT 'amount',
  `target` varchar(100) COLLATE utf8mb4_unicode_ci NOT NULL DEFAULT 'all-orders',
  `min_order_price` decimal(15,2) DEFAULT NULL,
  `created_at` timestamp NULL DEFAULT NULL,
  `updated_at` timestamp NULL DEFAULT NULL,
  PRIMARY KEY (`id`),
  UNIQUE KEY `ec_discounts_code_unique` (`code`)
) ENGINE=InnoDB DEFAULT CHARSET=utf8mb4 COLLATE=utf8mb4_unicode_ci;
/*!40101 SET character_set_client = @saved_cs_client */;

--
-- Dumping data for table `ec_discounts`
--

LOCK TABLES `ec_discounts` WRITE;
/*!40000 ALTER TABLE `ec_discounts` DISABLE KEYS */;
/*!40000 ALTER TABLE `ec_discounts` ENABLE KEYS */;
UNLOCK TABLES;

--
-- Table structure for table `ec_flash_sale_products`
--

DROP TABLE IF EXISTS `ec_flash_sale_products`;
/*!40101 SET @saved_cs_client     = @@character_set_client */;
/*!50503 SET character_set_client = utf8mb4 */;
CREATE TABLE `ec_flash_sale_products` (
  `flash_sale_id` bigint unsigned NOT NULL,
  `product_id` bigint unsigned NOT NULL,
  `price` double unsigned DEFAULT NULL,
  `quantity` int unsigned DEFAULT NULL,
  `sold` int unsigned NOT NULL DEFAULT '0'
) ENGINE=InnoDB DEFAULT CHARSET=utf8mb4 COLLATE=utf8mb4_unicode_ci;
/*!40101 SET character_set_client = @saved_cs_client */;

--
-- Dumping data for table `ec_flash_sale_products`
--

LOCK TABLES `ec_flash_sale_products` WRITE;
/*!40000 ALTER TABLE `ec_flash_sale_products` DISABLE KEYS */;
INSERT INTO `ec_flash_sale_products` VALUES (1,1,27.9,16,4),(1,2,35.67,13,5),(1,3,21.6,15,4),(1,4,25.6168,16,1),(1,5,19.27,14,1),(1,6,36.54,9,4),(1,7,40,11,1),(1,8,22.68,16,4),(1,9,43.5,12,3),(1,10,18.13,13,5);
/*!40000 ALTER TABLE `ec_flash_sale_products` ENABLE KEYS */;
UNLOCK TABLES;

--
-- Table structure for table `ec_flash_sales`
--

DROP TABLE IF EXISTS `ec_flash_sales`;
/*!40101 SET @saved_cs_client     = @@character_set_client */;
/*!50503 SET character_set_client = utf8mb4 */;
CREATE TABLE `ec_flash_sales` (
  `id` bigint unsigned NOT NULL AUTO_INCREMENT,
  `name` varchar(255) COLLATE utf8mb4_unicode_ci NOT NULL,
  `end_date` datetime NOT NULL,
  `status` varchar(60) COLLATE utf8mb4_unicode_ci NOT NULL DEFAULT 'published',
  `created_at` timestamp NULL DEFAULT NULL,
  `updated_at` timestamp NULL DEFAULT NULL,
  PRIMARY KEY (`id`)
) ENGINE=InnoDB AUTO_INCREMENT=2 DEFAULT CHARSET=utf8mb4 COLLATE=utf8mb4_unicode_ci;
/*!40101 SET character_set_client = @saved_cs_client */;

--
-- Dumping data for table `ec_flash_sales`
--

LOCK TABLES `ec_flash_sales` WRITE;
/*!40000 ALTER TABLE `ec_flash_sales` DISABLE KEYS */;
INSERT INTO `ec_flash_sales` VALUES (1,'Winter Sale','2023-08-02 00:00:00','published','2023-07-02 19:58:46','2023-07-02 19:58:46');
/*!40000 ALTER TABLE `ec_flash_sales` ENABLE KEYS */;
UNLOCK TABLES;

--
-- Table structure for table `ec_flash_sales_translations`
--

DROP TABLE IF EXISTS `ec_flash_sales_translations`;
/*!40101 SET @saved_cs_client     = @@character_set_client */;
/*!50503 SET character_set_client = utf8mb4 */;
CREATE TABLE `ec_flash_sales_translations` (
  `lang_code` varchar(191) COLLATE utf8mb4_unicode_ci NOT NULL,
  `ec_flash_sales_id` bigint unsigned NOT NULL,
  `name` varchar(191) COLLATE utf8mb4_unicode_ci DEFAULT NULL,
  PRIMARY KEY (`lang_code`,`ec_flash_sales_id`)
) ENGINE=InnoDB DEFAULT CHARSET=utf8mb4 COLLATE=utf8mb4_unicode_ci;
/*!40101 SET character_set_client = @saved_cs_client */;

--
-- Dumping data for table `ec_flash_sales_translations`
--

LOCK TABLES `ec_flash_sales_translations` WRITE;
/*!40000 ALTER TABLE `ec_flash_sales_translations` DISABLE KEYS */;
INSERT INTO `ec_flash_sales_translations` VALUES ('vi',1,NULL);
/*!40000 ALTER TABLE `ec_flash_sales_translations` ENABLE KEYS */;
UNLOCK TABLES;

--
-- Table structure for table `ec_global_option_value`
--

DROP TABLE IF EXISTS `ec_global_option_value`;
/*!40101 SET @saved_cs_client     = @@character_set_client */;
/*!50503 SET character_set_client = utf8mb4 */;
CREATE TABLE `ec_global_option_value` (
  `option_id` bigint unsigned NOT NULL COMMENT 'option id',
  `id` bigint unsigned NOT NULL AUTO_INCREMENT,
  `option_value` tinytext COLLATE utf8mb4_unicode_ci COMMENT 'option value',
  `affect_price` double DEFAULT NULL COMMENT 'value of price of this option affect',
  `order` int NOT NULL DEFAULT '9999',
  `affect_type` tinyint NOT NULL DEFAULT '0' COMMENT '0. fixed 1. percent',
  `created_at` timestamp NULL DEFAULT NULL,
  `updated_at` timestamp NULL DEFAULT NULL,
  PRIMARY KEY (`id`)
) ENGINE=InnoDB AUTO_INCREMENT=13 DEFAULT CHARSET=utf8mb4 COLLATE=utf8mb4_unicode_ci;
/*!40101 SET character_set_client = @saved_cs_client */;

--
-- Dumping data for table `ec_global_option_value`
--

LOCK TABLES `ec_global_option_value` WRITE;
/*!40000 ALTER TABLE `ec_global_option_value` DISABLE KEYS */;
INSERT INTO `ec_global_option_value` VALUES (1,1,'1 Year',0,9999,0,'2023-07-02 19:58:46','2023-07-02 19:58:46'),(1,2,'2 Year',10,9999,0,'2023-07-02 19:58:46','2023-07-02 19:58:46'),(1,3,'3 Year',20,9999,0,'2023-07-02 19:58:46','2023-07-02 19:58:46'),(2,4,'4GB',0,9999,0,'2023-07-02 19:58:46','2023-07-02 19:58:46'),(2,5,'8GB',10,9999,0,'2023-07-02 19:58:46','2023-07-02 19:58:46'),(2,6,'16GB',20,9999,0,'2023-07-02 19:58:46','2023-07-02 19:58:46'),(3,7,'Core i5',0,9999,0,'2023-07-02 19:58:46','2023-07-02 19:58:46'),(3,8,'Core i7',10,9999,0,'2023-07-02 19:58:46','2023-07-02 19:58:46'),(3,9,'Core i9',20,9999,0,'2023-07-02 19:58:46','2023-07-02 19:58:46'),(4,10,'128GB',0,9999,0,'2023-07-02 19:58:46','2023-07-02 19:58:46'),(4,11,'256GB',10,9999,0,'2023-07-02 19:58:46','2023-07-02 19:58:46'),(4,12,'512GB',20,9999,0,'2023-07-02 19:58:46','2023-07-02 19:58:46');
/*!40000 ALTER TABLE `ec_global_option_value` ENABLE KEYS */;
UNLOCK TABLES;

--
-- Table structure for table `ec_global_option_value_translations`
--

DROP TABLE IF EXISTS `ec_global_option_value_translations`;
/*!40101 SET @saved_cs_client     = @@character_set_client */;
/*!50503 SET character_set_client = utf8mb4 */;
CREATE TABLE `ec_global_option_value_translations` (
  `lang_code` varchar(191) COLLATE utf8mb4_unicode_ci NOT NULL,
  `ec_global_option_value_id` bigint unsigned NOT NULL,
  `option_value` varchar(255) COLLATE utf8mb4_unicode_ci DEFAULT NULL,
  PRIMARY KEY (`lang_code`,`ec_global_option_value_id`)
) ENGINE=InnoDB DEFAULT CHARSET=utf8mb4 COLLATE=utf8mb4_unicode_ci;
/*!40101 SET character_set_client = @saved_cs_client */;

--
-- Dumping data for table `ec_global_option_value_translations`
--

LOCK TABLES `ec_global_option_value_translations` WRITE;
/*!40000 ALTER TABLE `ec_global_option_value_translations` DISABLE KEYS */;
/*!40000 ALTER TABLE `ec_global_option_value_translations` ENABLE KEYS */;
UNLOCK TABLES;

--
-- Table structure for table `ec_global_options`
--

DROP TABLE IF EXISTS `ec_global_options`;
/*!40101 SET @saved_cs_client     = @@character_set_client */;
/*!50503 SET character_set_client = utf8mb4 */;
CREATE TABLE `ec_global_options` (
  `id` bigint unsigned NOT NULL AUTO_INCREMENT,
  `name` varchar(191) COLLATE utf8mb4_unicode_ci NOT NULL COMMENT 'Name of options',
  `option_type` varchar(191) COLLATE utf8mb4_unicode_ci NOT NULL COMMENT 'option type',
  `required` tinyint(1) NOT NULL DEFAULT '0' COMMENT 'Checked if this option is required',
  `created_at` timestamp NULL DEFAULT NULL,
  `updated_at` timestamp NULL DEFAULT NULL,
  PRIMARY KEY (`id`)
) ENGINE=InnoDB AUTO_INCREMENT=5 DEFAULT CHARSET=utf8mb4 COLLATE=utf8mb4_unicode_ci;
/*!40101 SET character_set_client = @saved_cs_client */;

--
-- Dumping data for table `ec_global_options`
--

LOCK TABLES `ec_global_options` WRITE;
/*!40000 ALTER TABLE `ec_global_options` DISABLE KEYS */;
INSERT INTO `ec_global_options` VALUES (1,'Warranty','Botble\\Ecommerce\\Option\\OptionType\\RadioButton',1,'2023-07-02 19:58:46','2023-07-02 19:58:46'),(2,'RAM','Botble\\Ecommerce\\Option\\OptionType\\RadioButton',1,'2023-07-02 19:58:46','2023-07-02 19:58:46'),(3,'CPU','Botble\\Ecommerce\\Option\\OptionType\\RadioButton',1,'2023-07-02 19:58:46','2023-07-02 19:58:46'),(4,'HDD','Botble\\Ecommerce\\Option\\OptionType\\Dropdown',0,'2023-07-02 19:58:46','2023-07-02 19:58:46');
/*!40000 ALTER TABLE `ec_global_options` ENABLE KEYS */;
UNLOCK TABLES;

--
-- Table structure for table `ec_global_options_translations`
--

DROP TABLE IF EXISTS `ec_global_options_translations`;
/*!40101 SET @saved_cs_client     = @@character_set_client */;
/*!50503 SET character_set_client = utf8mb4 */;
CREATE TABLE `ec_global_options_translations` (
  `lang_code` varchar(191) COLLATE utf8mb4_unicode_ci NOT NULL,
  `ec_global_options_id` bigint unsigned NOT NULL,
  `name` varchar(255) COLLATE utf8mb4_unicode_ci DEFAULT NULL,
  PRIMARY KEY (`lang_code`,`ec_global_options_id`)
) ENGINE=InnoDB DEFAULT CHARSET=utf8mb4 COLLATE=utf8mb4_unicode_ci;
/*!40101 SET character_set_client = @saved_cs_client */;

--
-- Dumping data for table `ec_global_options_translations`
--

LOCK TABLES `ec_global_options_translations` WRITE;
/*!40000 ALTER TABLE `ec_global_options_translations` DISABLE KEYS */;
/*!40000 ALTER TABLE `ec_global_options_translations` ENABLE KEYS */;
UNLOCK TABLES;

--
-- Table structure for table `ec_grouped_products`
--

DROP TABLE IF EXISTS `ec_grouped_products`;
/*!40101 SET @saved_cs_client     = @@character_set_client */;
/*!50503 SET character_set_client = utf8mb4 */;
CREATE TABLE `ec_grouped_products` (
  `id` bigint unsigned NOT NULL AUTO_INCREMENT,
  `parent_product_id` bigint unsigned NOT NULL,
  `product_id` bigint unsigned NOT NULL,
  `fixed_qty` int NOT NULL DEFAULT '1',
  PRIMARY KEY (`id`)
) ENGINE=InnoDB DEFAULT CHARSET=utf8mb4 COLLATE=utf8mb4_unicode_ci;
/*!40101 SET character_set_client = @saved_cs_client */;

--
-- Dumping data for table `ec_grouped_products`
--

LOCK TABLES `ec_grouped_products` WRITE;
/*!40000 ALTER TABLE `ec_grouped_products` DISABLE KEYS */;
/*!40000 ALTER TABLE `ec_grouped_products` ENABLE KEYS */;
UNLOCK TABLES;

--
-- Table structure for table `ec_invoice_items`
--

DROP TABLE IF EXISTS `ec_invoice_items`;
/*!40101 SET @saved_cs_client     = @@character_set_client */;
/*!50503 SET character_set_client = utf8mb4 */;
CREATE TABLE `ec_invoice_items` (
  `id` bigint unsigned NOT NULL AUTO_INCREMENT,
  `invoice_id` bigint unsigned NOT NULL,
  `reference_type` varchar(191) COLLATE utf8mb4_unicode_ci NOT NULL,
  `reference_id` bigint unsigned NOT NULL,
  `name` varchar(191) COLLATE utf8mb4_unicode_ci NOT NULL,
  `description` varchar(191) COLLATE utf8mb4_unicode_ci DEFAULT NULL,
  `image` varchar(191) COLLATE utf8mb4_unicode_ci DEFAULT NULL,
  `qty` int unsigned NOT NULL,
  `price` decimal(15,2) NOT NULL DEFAULT '0.00',
  `sub_total` decimal(15,2) unsigned NOT NULL,
  `tax_amount` decimal(15,2) unsigned NOT NULL DEFAULT '0.00',
  `discount_amount` decimal(15,2) unsigned NOT NULL DEFAULT '0.00',
  `amount` decimal(15,2) unsigned NOT NULL,
  `options` text COLLATE utf8mb4_unicode_ci,
  `created_at` timestamp NULL DEFAULT NULL,
  `updated_at` timestamp NULL DEFAULT NULL,
  PRIMARY KEY (`id`),
  KEY `ec_invoice_items_reference_type_reference_id_index` (`reference_type`,`reference_id`)
) ENGINE=InnoDB AUTO_INCREMENT=56 DEFAULT CHARSET=utf8mb4 COLLATE=utf8mb4_unicode_ci;
/*!40101 SET character_set_client = @saved_cs_client */;

--
-- Dumping data for table `ec_invoice_items`
--

LOCK TABLES `ec_invoice_items` WRITE;
/*!40000 ALTER TABLE `ec_invoice_items` DISABLE KEYS */;
INSERT INTO `ec_invoice_items` VALUES (1,1,'Botble\\Ecommerce\\Models\\Product',80,'Turkey meat',NULL,'products/2.jpg',1,33.00,33.00,0.00,0.00,33.00,'[]','2023-07-02 19:58:46','2023-07-02 19:58:46'),(2,1,'Botble\\Ecommerce\\Models\\Product',110,'Leek and mushroom pie',NULL,'products/23.jpg',1,38.00,38.00,0.00,0.00,38.00,'[]','2023-07-02 19:58:46','2023-07-02 19:58:46'),(3,2,'Botble\\Ecommerce\\Models\\Product',59,'Boiled vegetables',NULL,'products/7.jpg',3,45.00,135.00,0.00,0.00,135.00,'[]','2023-07-02 19:58:46','2023-07-02 19:58:46'),(4,2,'Botble\\Ecommerce\\Models\\Product',99,'Chickpea and chilli pasta',NULL,'products/17.jpg',3,39.00,117.00,0.00,0.00,117.00,'[]','2023-07-02 19:58:46','2023-07-02 19:58:46'),(5,2,'Botble\\Ecommerce\\Models\\Product',123,'Spinach and aubergine bread',NULL,'products/8.jpg',3,46.00,138.00,0.00,0.00,138.00,'[]','2023-07-02 19:58:46','2023-07-02 19:58:46'),(6,2,'Botble\\Ecommerce\\Models\\Product',133,'Basil and chestnut soup',NULL,'products/14.jpg',1,35.00,35.00,0.00,0.00,35.00,'[]','2023-07-02 19:58:46','2023-07-02 19:58:46'),(7,3,'Botble\\Ecommerce\\Models\\Product',49,'Carpaccio de degrade',NULL,'products/1.jpg',3,41.00,123.00,0.00,0.00,123.00,'[]','2023-07-02 19:58:46','2023-07-02 19:58:46'),(8,3,'Botble\\Ecommerce\\Models\\Product',89,'Venison and aubergine kebab',NULL,'products/6.jpg',2,32.00,64.00,0.00,0.00,64.00,'[]','2023-07-02 19:58:46','2023-07-02 19:58:46'),(9,4,'Botble\\Ecommerce\\Models\\Product',74,'Spaghetti',NULL,'products/19.jpg',1,40.00,40.00,0.00,0.00,40.00,'[]','2023-07-02 19:58:46','2023-07-02 19:58:46'),(10,4,'Botble\\Ecommerce\\Models\\Product',103,'Anise and coconut curry',NULL,'products/26.jpg',2,33.00,66.00,0.00,0.00,66.00,'[]','2023-07-02 19:58:46','2023-07-02 19:58:46'),(11,4,'Botble\\Ecommerce\\Models\\Product',133,'Basil and chestnut soup',NULL,'products/14.jpg',3,35.00,105.00,0.00,0.00,105.00,'[]','2023-07-02 19:58:46','2023-07-02 19:58:46'),(12,5,'Botble\\Ecommerce\\Models\\Product',59,'Boiled vegetables',NULL,'products/7.jpg',2,45.00,90.00,0.00,0.00,90.00,'[]','2023-07-02 19:58:46','2023-07-02 19:58:46'),(13,5,'Botble\\Ecommerce\\Models\\Product',88,'Venison and aubergine kebab',NULL,'products/8.jpg',2,32.00,64.00,0.00,0.00,64.00,'[]','2023-07-02 19:58:46','2023-07-02 19:58:46'),(14,6,'Botble\\Ecommerce\\Models\\Product',56,'Fried beef',NULL,'products/24.jpg',2,50.00,100.00,0.00,0.00,100.00,'[]','2023-07-02 19:58:46','2023-07-02 19:58:46'),(15,6,'Botble\\Ecommerce\\Models\\Product',85,'Peppercorn and leek parcels',NULL,'products/4.jpg',2,32.00,64.00,0.00,0.00,64.00,'[]','2023-07-02 19:58:46','2023-07-02 19:58:46'),(16,7,'Botble\\Ecommerce\\Models\\Product',80,'Turkey meat',NULL,'products/2.jpg',1,33.00,33.00,0.00,0.00,33.00,'[]','2023-07-02 19:58:46','2023-07-02 19:58:46'),(17,7,'Botble\\Ecommerce\\Models\\Product',94,'Dulse and tumeric salad',NULL,'products/6.jpg',2,40.00,80.00,0.00,0.00,80.00,'[]','2023-07-02 19:58:46','2023-07-02 19:58:46'),(18,8,'Botble\\Ecommerce\\Models\\Product',44,'Salmon Grav-lax',NULL,'products/24.jpg',1,41.00,41.00,0.00,0.00,41.00,'[]','2023-07-02 19:58:46','2023-07-02 19:58:46'),(19,8,'Botble\\Ecommerce\\Models\\Product',66,'Pancake',NULL,'products/25.jpg',1,34.00,34.00,0.00,0.00,34.00,'[]','2023-07-02 19:58:46','2023-07-02 19:58:46'),(20,8,'Botble\\Ecommerce\\Models\\Product',84,'Peppercorn and leek parcels',NULL,'products/22.jpg',2,32.00,64.00,0.00,0.00,64.00,'[]','2023-07-02 19:58:46','2023-07-02 19:58:46'),(21,8,'Botble\\Ecommerce\\Models\\Product',118,'Bun dau mam tom',NULL,'products/24.jpg',2,33.00,66.00,0.00,0.00,66.00,'[]','2023-07-02 19:58:46','2023-07-02 19:58:46'),(22,9,'Botble\\Ecommerce\\Models\\Product',52,'Spring roll',NULL,'products/11.jpg',1,47.00,47.00,0.00,0.00,47.00,'[]','2023-07-02 19:58:46','2023-07-02 19:58:46'),(23,9,'Botble\\Ecommerce\\Models\\Product',106,'Cabbage and rosemary parcels',NULL,'products/17.jpg',2,40.00,80.00,0.00,0.00,80.00,'[]','2023-07-02 19:58:46','2023-07-02 19:58:46'),(24,10,'Botble\\Ecommerce\\Models\\Product',86,'Lamb and gruyere salad',NULL,'products/18.jpg',3,31.00,93.00,0.00,0.00,93.00,'[]','2023-07-02 19:58:46','2023-07-02 19:58:46'),(25,10,'Botble\\Ecommerce\\Models\\Product',119,'Onion sandwich with chilli relish',NULL,'products/3.jpg',3,31.00,93.00,0.00,0.00,93.00,'[]','2023-07-02 19:58:46','2023-07-02 19:58:46'),(26,11,'Botble\\Ecommerce\\Models\\Product',55,'Fish soup',NULL,'products/3.jpg',3,42.00,126.00,0.00,0.00,126.00,'[]','2023-07-02 19:58:46','2023-07-02 19:58:46'),(27,11,'Botble\\Ecommerce\\Models\\Product',59,'Boiled vegetables',NULL,'products/7.jpg',1,45.00,45.00,0.00,0.00,45.00,'[]','2023-07-02 19:58:46','2023-07-02 19:58:46'),(28,11,'Botble\\Ecommerce\\Models\\Product',88,'Venison and aubergine kebab',NULL,'products/8.jpg',3,32.00,96.00,0.00,0.00,96.00,'[]','2023-07-02 19:58:46','2023-07-02 19:58:46'),(29,11,'Botble\\Ecommerce\\Models\\Product',123,'Spinach and aubergine bread',NULL,'products/8.jpg',2,46.00,92.00,0.00,0.00,92.00,'[]','2023-07-02 19:58:46','2023-07-02 19:58:46'),(30,12,'Botble\\Ecommerce\\Models\\Product',88,'Venison and aubergine kebab',NULL,'products/8.jpg',2,32.00,64.00,0.00,0.00,64.00,'[]','2023-07-02 19:58:46','2023-07-02 19:58:46'),(31,12,'Botble\\Ecommerce\\Models\\Product',106,'Cabbage and rosemary parcels',NULL,'products/17.jpg',2,40.00,80.00,0.00,0.00,80.00,'[]','2023-07-02 19:58:46','2023-07-02 19:58:46'),(32,12,'Botble\\Ecommerce\\Models\\Product',124,'Banana and squash madras',NULL,'products/16.jpg',3,50.00,150.00,0.00,0.00,150.00,'[]','2023-07-02 19:58:46','2023-07-02 19:58:46'),(33,13,'Botble\\Ecommerce\\Models\\Product',93,'Dulse and tumeric salad',NULL,'products/26.jpg',3,40.00,120.00,0.00,0.00,120.00,'[]','2023-07-02 19:58:46','2023-07-02 19:58:46'),(34,13,'Botble\\Ecommerce\\Models\\Product',132,'Basil and chestnut soup',NULL,'products/22.jpg',1,35.00,35.00,0.00,0.00,35.00,'[]','2023-07-02 19:58:46','2023-07-02 19:58:46'),(35,14,'Botble\\Ecommerce\\Models\\Product',80,'Turkey meat',NULL,'products/2.jpg',1,33.00,33.00,0.00,0.00,33.00,'[]','2023-07-02 19:58:46','2023-07-02 19:58:46'),(36,14,'Botble\\Ecommerce\\Models\\Product',96,'Pork and broccoli soup',NULL,'products/9.jpg',1,33.00,33.00,0.00,0.00,33.00,'[]','2023-07-02 19:58:46','2023-07-02 19:58:46'),(37,14,'Botble\\Ecommerce\\Models\\Product',114,'Banh mi',NULL,'products/18.jpg',3,38.00,114.00,0.00,0.00,114.00,'[]','2023-07-02 19:58:46','2023-07-02 19:58:46'),(38,15,'Botble\\Ecommerce\\Models\\Product',59,'Boiled vegetables',NULL,'products/7.jpg',2,45.00,90.00,0.00,0.00,90.00,'[]','2023-07-02 19:58:46','2023-07-02 19:58:46'),(39,15,'Botble\\Ecommerce\\Models\\Product',74,'Spaghetti',NULL,'products/19.jpg',1,40.00,40.00,0.00,0.00,40.00,'[]','2023-07-02 19:58:46','2023-07-02 19:58:46'),(40,16,'Botble\\Ecommerce\\Models\\Product',66,'Pancake',NULL,'products/25.jpg',2,34.00,68.00,0.00,0.00,68.00,'[]','2023-07-02 19:58:46','2023-07-02 19:58:46'),(41,16,'Botble\\Ecommerce\\Models\\Product',111,'Leek and mushroom pie',NULL,'products/15.jpg',1,38.00,38.00,0.00,0.00,38.00,'[]','2023-07-02 19:58:46','2023-07-02 19:58:46'),(42,17,'Botble\\Ecommerce\\Models\\Product',52,'Spring roll',NULL,'products/11.jpg',1,47.00,47.00,0.00,0.00,47.00,'[]','2023-07-02 19:58:46','2023-07-02 19:58:46'),(43,17,'Botble\\Ecommerce\\Models\\Product',114,'Banh mi',NULL,'products/18.jpg',1,38.00,38.00,0.00,0.00,38.00,'[]','2023-07-02 19:58:46','2023-07-02 19:58:46'),(44,17,'Botble\\Ecommerce\\Models\\Product',125,'Apple and semolina cake',NULL,'products/5.jpg',3,46.00,138.00,0.00,0.00,138.00,'[]','2023-07-02 19:58:46','2023-07-02 19:58:46'),(45,17,'Botble\\Ecommerce\\Models\\Product',128,'Raisin and fennel yoghurt',NULL,'products/10.jpg',2,31.00,62.00,0.00,0.00,62.00,'[]','2023-07-02 19:58:46','2023-07-02 19:58:46'),(46,18,'Botble\\Ecommerce\\Models\\Product',59,'Boiled vegetables',NULL,'products/7.jpg',1,45.00,45.00,0.00,0.00,45.00,'[]','2023-07-02 19:58:46','2023-07-02 19:58:46'),(47,18,'Botble\\Ecommerce\\Models\\Product',116,'Pho bo',NULL,'products/4.jpg',3,32.00,96.00,0.00,0.00,96.00,'[]','2023-07-02 19:58:46','2023-07-02 19:58:46'),(48,18,'Botble\\Ecommerce\\Models\\Product',123,'Spinach and aubergine bread',NULL,'products/8.jpg',1,46.00,46.00,0.00,0.00,46.00,'[]','2023-07-02 19:58:46','2023-07-02 19:58:46'),(49,18,'Botble\\Ecommerce\\Models\\Product',127,'Apple and semolina cake',NULL,'products/16.jpg',2,33.00,66.00,0.00,0.00,66.00,'[]','2023-07-02 19:58:46','2023-07-02 19:58:46'),(50,19,'Botble\\Ecommerce\\Models\\Product',61,'Omelet',NULL,'products/23.jpg',2,50.00,100.00,0.00,0.00,100.00,'[]','2023-07-02 19:58:46','2023-07-02 19:58:46'),(51,19,'Botble\\Ecommerce\\Models\\Product',115,'Banh mi',NULL,'products/5.jpg',3,38.00,114.00,0.00,0.00,114.00,'[]','2023-07-02 19:58:46','2023-07-02 19:58:46'),(52,19,'Botble\\Ecommerce\\Models\\Product',120,'Onion sandwich with chilli relish',NULL,'products/19.jpg',1,31.00,31.00,0.00,0.00,31.00,'[]','2023-07-02 19:58:46','2023-07-02 19:58:46'),(53,19,'Botble\\Ecommerce\\Models\\Product',133,'Basil and chestnut soup',NULL,'products/14.jpg',3,35.00,105.00,0.00,0.00,105.00,'[]','2023-07-02 19:58:46','2023-07-02 19:58:46'),(54,20,'Botble\\Ecommerce\\Models\\Product',61,'Omelet',NULL,'products/23.jpg',1,50.00,50.00,0.00,0.00,50.00,'[]','2023-07-02 19:58:46','2023-07-02 19:58:46'),(55,20,'Botble\\Ecommerce\\Models\\Product',98,'Chickpea and chilli pasta',NULL,'products/1.jpg',1,39.00,39.00,0.00,0.00,39.00,'[]','2023-07-02 19:58:46','2023-07-02 19:58:46');
/*!40000 ALTER TABLE `ec_invoice_items` ENABLE KEYS */;
UNLOCK TABLES;

--
-- Table structure for table `ec_invoices`
--

DROP TABLE IF EXISTS `ec_invoices`;
/*!40101 SET @saved_cs_client     = @@character_set_client */;
/*!50503 SET character_set_client = utf8mb4 */;
CREATE TABLE `ec_invoices` (
  `id` bigint unsigned NOT NULL AUTO_INCREMENT,
  `reference_type` varchar(191) COLLATE utf8mb4_unicode_ci NOT NULL,
  `reference_id` bigint unsigned NOT NULL,
  `code` varchar(191) COLLATE utf8mb4_unicode_ci NOT NULL,
  `customer_name` varchar(191) COLLATE utf8mb4_unicode_ci DEFAULT NULL,
  `company_name` varchar(191) COLLATE utf8mb4_unicode_ci DEFAULT NULL,
  `company_logo` varchar(191) COLLATE utf8mb4_unicode_ci DEFAULT NULL,
  `customer_email` varchar(191) COLLATE utf8mb4_unicode_ci DEFAULT NULL,
  `customer_phone` varchar(191) COLLATE utf8mb4_unicode_ci DEFAULT NULL,
  `customer_address` varchar(191) COLLATE utf8mb4_unicode_ci DEFAULT NULL,
  `customer_tax_id` varchar(191) COLLATE utf8mb4_unicode_ci DEFAULT NULL,
  `sub_total` decimal(15,2) unsigned NOT NULL,
  `tax_amount` decimal(15,2) unsigned NOT NULL DEFAULT '0.00',
  `shipping_amount` decimal(15,2) unsigned NOT NULL DEFAULT '0.00',
  `discount_amount` decimal(15,2) unsigned NOT NULL DEFAULT '0.00',
  `shipping_option` varchar(60) COLLATE utf8mb4_unicode_ci DEFAULT NULL,
  `shipping_method` varchar(60) COLLATE utf8mb4_unicode_ci NOT NULL DEFAULT 'default',
  `coupon_code` varchar(120) COLLATE utf8mb4_unicode_ci DEFAULT NULL,
  `discount_description` varchar(255) COLLATE utf8mb4_unicode_ci DEFAULT NULL,
  `amount` decimal(15,2) unsigned NOT NULL,
  `description` text COLLATE utf8mb4_unicode_ci,
  `payment_id` bigint unsigned DEFAULT NULL,
  `status` varchar(191) COLLATE utf8mb4_unicode_ci NOT NULL DEFAULT 'pending',
  `paid_at` timestamp NULL DEFAULT NULL,
  `created_at` timestamp NULL DEFAULT NULL,
  `updated_at` timestamp NULL DEFAULT NULL,
  PRIMARY KEY (`id`),
  UNIQUE KEY `ec_invoices_code_unique` (`code`),
  KEY `ec_invoices_reference_type_reference_id_index` (`reference_type`,`reference_id`),
  KEY `ec_invoices_payment_id_index` (`payment_id`),
  KEY `ec_invoices_status_index` (`status`)
) ENGINE=InnoDB AUTO_INCREMENT=21 DEFAULT CHARSET=utf8mb4 COLLATE=utf8mb4_unicode_ci;
/*!40101 SET character_set_client = @saved_cs_client */;

--
-- Dumping data for table `ec_invoices`
--

LOCK TABLES `ec_invoices` WRITE;
/*!40000 ALTER TABLE `ec_invoices` DISABLE KEYS */;
INSERT INTO `ec_invoices` VALUES (1,'Botble\\Ecommerce\\Models\\Order',1,'INV-1','Madalyn Hegmann','',NULL,'douglas.eugenia@example.com','+16807576161','814 Witting Ville Apt. 270, Lake Destinchester, Cove, ET',NULL,71.00,0.00,0.00,0.00,'1','default',NULL,NULL,71.00,NULL,1,'completed','2023-07-02 19:58:46','2023-06-29 11:58:46','2023-07-02 19:58:46'),(2,'Botble\\Ecommerce\\Models\\Order',2,'INV-2','Alayna Mosciski','',NULL,'customer@archielite.com','+15802923308','60461 Larkin Bridge Suite 271, South Chasity, Ramp, AM',NULL,425.00,0.00,0.00,0.00,'1','default',NULL,NULL,425.00,NULL,2,'pending',NULL,'2023-06-28 01:58:46','2023-07-02 19:58:46'),(3,'Botble\\Ecommerce\\Models\\Order',3,'INV-3','Dr. Keyshawn Tromp','',NULL,'vluettgen@example.net','+17158392711','17049 Ferry Villages, Lake Bertram, Wall, BF',NULL,187.00,0.00,0.00,0.00,'1','default',NULL,NULL,187.00,NULL,3,'completed','2023-07-02 19:58:46','2023-06-29 19:58:46','2023-07-02 19:58:46'),(4,'Botble\\Ecommerce\\Models\\Order',4,'INV-4','Alayna Mosciski','',NULL,'customer@archielite.com','+15802923308','60461 Larkin Bridge Suite 271, South Chasity, Ramp, AM',NULL,211.00,0.00,0.00,0.00,'1','default',NULL,NULL,211.00,NULL,4,'pending',NULL,'2023-06-24 07:58:46','2023-07-02 19:58:46'),(5,'Botble\\Ecommerce\\Models\\Order',5,'INV-5','Ms. Dayna Boehm Jr.','',NULL,'dtorp@example.org','+18583729254','159 Kuhlman Place Suite 906, Caroleville, Freeway, MT',NULL,154.00,0.00,0.00,0.00,'1','default',NULL,NULL,154.00,NULL,5,'pending',NULL,'2023-06-19 11:58:46','2023-07-02 19:58:46'),(6,'Botble\\Ecommerce\\Models\\Order',6,'INV-6','Madalyn Hegmann','',NULL,'douglas.eugenia@example.com','+16807576161','814 Witting Ville Apt. 270, Lake Destinchester, Cove, ET',NULL,164.00,0.00,0.00,0.00,'1','default',NULL,NULL,164.00,NULL,6,'completed','2023-07-02 19:58:46','2023-06-22 19:58:46','2023-07-02 19:58:46'),(7,'Botble\\Ecommerce\\Models\\Order',7,'INV-7','Rosanna Nolan II','',NULL,'theron.bednar@example.com','+16465868985','47645 Parker Forest, South Annamarie, Course, MK',NULL,113.00,0.00,0.00,0.00,'1','default',NULL,NULL,113.00,NULL,7,'pending',NULL,'2023-07-01 15:58:46','2023-07-02 19:58:46'),(8,'Botble\\Ecommerce\\Models\\Order',8,'INV-8','Rosanna Nolan II','',NULL,'theron.bednar@example.com','+16465868985','47645 Parker Forest, South Annamarie, Course, MK',NULL,205.00,0.00,0.00,0.00,'1','default',NULL,NULL,205.00,NULL,8,'completed','2023-07-02 19:58:46','2023-06-29 13:58:46','2023-07-02 19:58:46'),(9,'Botble\\Ecommerce\\Models\\Order',9,'INV-9','Rosanna Nolan II','',NULL,'theron.bednar@example.com','+16465868985','47645 Parker Forest, South Annamarie, Course, MK',NULL,127.00,0.00,0.00,0.00,'1','default',NULL,NULL,127.00,NULL,9,'completed','2023-07-02 19:58:46','2023-06-25 19:58:46','2023-07-02 19:58:46'),(10,'Botble\\Ecommerce\\Models\\Order',10,'INV-10','Rosanna Nolan II','',NULL,'theron.bednar@example.com','+16465868985','47645 Parker Forest, South Annamarie, Course, MK',NULL,186.00,0.00,0.00,0.00,'1','default',NULL,NULL,186.00,NULL,10,'completed','2023-07-02 19:58:46','2023-06-30 01:58:46','2023-07-02 19:58:46'),(11,'Botble\\Ecommerce\\Models\\Order',11,'INV-11','Mac Weissnat','',NULL,'jjerde@example.com','+12519765703','15941 Avery Loaf Suite 167, Croninmouth, Harbors, MV',NULL,359.00,0.00,0.00,0.00,'1','default',NULL,NULL,359.00,NULL,11,'completed','2023-07-02 19:58:46','2023-06-28 15:58:46','2023-07-02 19:58:46'),(12,'Botble\\Ecommerce\\Models\\Order',12,'INV-12','Mac Weissnat','',NULL,'jjerde@example.com','+12519765703','15941 Avery Loaf Suite 167, Croninmouth, Harbors, MV',NULL,294.00,0.00,0.00,0.00,'1','default',NULL,NULL,294.00,NULL,12,'completed','2023-07-02 19:58:46','2023-06-30 13:58:46','2023-07-02 19:58:46'),(13,'Botble\\Ecommerce\\Models\\Order',13,'INV-13','Madalyn Hegmann','',NULL,'douglas.eugenia@example.com','+16807576161','814 Witting Ville Apt. 270, Lake Destinchester, Cove, ET',NULL,155.00,0.00,0.00,0.00,'1','default',NULL,NULL,155.00,NULL,13,'completed','2023-07-02 19:58:46','2023-07-02 03:58:46','2023-07-02 19:58:46'),(14,'Botble\\Ecommerce\\Models\\Order',14,'INV-14','Ms. Dayna Boehm Jr.','',NULL,'dtorp@example.org','+18583729254','159 Kuhlman Place Suite 906, Caroleville, Freeway, MT',NULL,180.00,0.00,0.00,0.00,'1','default',NULL,NULL,180.00,NULL,14,'completed','2023-07-02 19:58:46','2023-06-26 23:58:46','2023-07-02 19:58:46'),(15,'Botble\\Ecommerce\\Models\\Order',15,'INV-15','Delpha Monahan','',NULL,'peter35@example.org','+16512389319','6795 Shayna Plaza Apt. 767, South Billshire, Mills, MD',NULL,130.00,0.00,0.00,0.00,'1','default',NULL,NULL,130.00,NULL,15,'completed','2023-07-02 19:58:46','2023-06-30 19:58:46','2023-07-02 19:58:46'),(16,'Botble\\Ecommerce\\Models\\Order',16,'INV-16','Madalyn Hegmann','',NULL,'douglas.eugenia@example.com','+16807576161','814 Witting Ville Apt. 270, Lake Destinchester, Cove, ET',NULL,106.00,0.00,0.00,0.00,'1','default',NULL,NULL,106.00,NULL,16,'completed','2023-07-02 19:58:46','2023-07-01 13:58:46','2023-07-02 19:58:46'),(17,'Botble\\Ecommerce\\Models\\Order',17,'INV-17','Alayna Mosciski','',NULL,'customer@archielite.com','+15802923308','60461 Larkin Bridge Suite 271, South Chasity, Ramp, AM',NULL,285.00,0.00,0.00,0.00,'1','default',NULL,NULL,285.00,NULL,17,'completed','2023-07-02 19:58:46','2023-07-01 03:58:46','2023-07-02 19:58:46'),(18,'Botble\\Ecommerce\\Models\\Order',18,'INV-18','Delpha Monahan','',NULL,'peter35@example.org','+16512389319','6795 Shayna Plaza Apt. 767, South Billshire, Mills, MD',NULL,253.00,0.00,0.00,0.00,'1','default',NULL,NULL,253.00,NULL,18,'pending',NULL,'2023-07-01 07:58:46','2023-07-02 19:58:46'),(19,'Botble\\Ecommerce\\Models\\Order',19,'INV-19','Mac Weissnat','',NULL,'jjerde@example.com','+12519765703','15941 Avery Loaf Suite 167, Croninmouth, Harbors, MV',NULL,350.00,0.00,0.00,0.00,'1','default',NULL,NULL,350.00,NULL,19,'completed','2023-07-02 19:58:46','2023-07-02 07:58:46','2023-07-02 19:58:46'),(20,'Botble\\Ecommerce\\Models\\Order',20,'INV-20','Delpha Monahan','',NULL,'peter35@example.org','+16512389319','6795 Shayna Plaza Apt. 767, South Billshire, Mills, MD',NULL,89.00,0.00,0.00,0.00,'1','default',NULL,NULL,89.00,NULL,20,'completed','2023-07-02 19:58:46','2023-07-02 17:58:46','2023-07-02 19:58:46');
/*!40000 ALTER TABLE `ec_invoices` ENABLE KEYS */;
UNLOCK TABLES;

--
-- Table structure for table `ec_option_value`
--

DROP TABLE IF EXISTS `ec_option_value`;
/*!40101 SET @saved_cs_client     = @@character_set_client */;
/*!50503 SET character_set_client = utf8mb4 */;
CREATE TABLE `ec_option_value` (
  `option_id` bigint unsigned NOT NULL COMMENT 'option id',
  `id` bigint unsigned NOT NULL AUTO_INCREMENT,
  `option_value` tinytext COLLATE utf8mb4_unicode_ci COMMENT 'option value',
  `affect_price` double DEFAULT NULL COMMENT 'value of price of this option affect',
  `order` int NOT NULL DEFAULT '9999',
  `affect_type` tinyint NOT NULL DEFAULT '0' COMMENT '0. fixed 1. percent',
  `created_at` timestamp NULL DEFAULT NULL,
  `updated_at` timestamp NULL DEFAULT NULL,
  PRIMARY KEY (`id`)
) ENGINE=InnoDB DEFAULT CHARSET=utf8mb4 COLLATE=utf8mb4_unicode_ci;
/*!40101 SET character_set_client = @saved_cs_client */;

--
-- Dumping data for table `ec_option_value`
--

LOCK TABLES `ec_option_value` WRITE;
/*!40000 ALTER TABLE `ec_option_value` DISABLE KEYS */;
/*!40000 ALTER TABLE `ec_option_value` ENABLE KEYS */;
UNLOCK TABLES;

--
-- Table structure for table `ec_option_value_translations`
--

DROP TABLE IF EXISTS `ec_option_value_translations`;
/*!40101 SET @saved_cs_client     = @@character_set_client */;
/*!50503 SET character_set_client = utf8mb4 */;
CREATE TABLE `ec_option_value_translations` (
  `lang_code` varchar(191) COLLATE utf8mb4_unicode_ci NOT NULL,
  `ec_option_value_id` bigint unsigned NOT NULL,
  `option_value` varchar(255) COLLATE utf8mb4_unicode_ci DEFAULT NULL,
  PRIMARY KEY (`lang_code`,`ec_option_value_id`)
) ENGINE=InnoDB DEFAULT CHARSET=utf8mb4 COLLATE=utf8mb4_unicode_ci;
/*!40101 SET character_set_client = @saved_cs_client */;

--
-- Dumping data for table `ec_option_value_translations`
--

LOCK TABLES `ec_option_value_translations` WRITE;
/*!40000 ALTER TABLE `ec_option_value_translations` DISABLE KEYS */;
/*!40000 ALTER TABLE `ec_option_value_translations` ENABLE KEYS */;
UNLOCK TABLES;

--
-- Table structure for table `ec_options`
--

DROP TABLE IF EXISTS `ec_options`;
/*!40101 SET @saved_cs_client     = @@character_set_client */;
/*!50503 SET character_set_client = utf8mb4 */;
CREATE TABLE `ec_options` (
  `id` bigint unsigned NOT NULL AUTO_INCREMENT,
  `name` varchar(191) COLLATE utf8mb4_unicode_ci NOT NULL COMMENT 'Name of options',
  `option_type` varchar(191) COLLATE utf8mb4_unicode_ci DEFAULT NULL COMMENT 'option type',
  `product_id` bigint unsigned NOT NULL DEFAULT '0',
  `order` int NOT NULL DEFAULT '9999',
  `required` tinyint(1) NOT NULL DEFAULT '0' COMMENT 'Checked if this option is required',
  `created_at` timestamp NULL DEFAULT NULL,
  `updated_at` timestamp NULL DEFAULT NULL,
  PRIMARY KEY (`id`)
) ENGINE=InnoDB DEFAULT CHARSET=utf8mb4 COLLATE=utf8mb4_unicode_ci;
/*!40101 SET character_set_client = @saved_cs_client */;

--
-- Dumping data for table `ec_options`
--

LOCK TABLES `ec_options` WRITE;
/*!40000 ALTER TABLE `ec_options` DISABLE KEYS */;
/*!40000 ALTER TABLE `ec_options` ENABLE KEYS */;
UNLOCK TABLES;

--
-- Table structure for table `ec_options_translations`
--

DROP TABLE IF EXISTS `ec_options_translations`;
/*!40101 SET @saved_cs_client     = @@character_set_client */;
/*!50503 SET character_set_client = utf8mb4 */;
CREATE TABLE `ec_options_translations` (
  `lang_code` varchar(191) COLLATE utf8mb4_unicode_ci NOT NULL,
  `ec_options_id` bigint unsigned NOT NULL,
  `name` varchar(255) COLLATE utf8mb4_unicode_ci DEFAULT NULL,
  PRIMARY KEY (`lang_code`,`ec_options_id`)
) ENGINE=InnoDB DEFAULT CHARSET=utf8mb4 COLLATE=utf8mb4_unicode_ci;
/*!40101 SET character_set_client = @saved_cs_client */;

--
-- Dumping data for table `ec_options_translations`
--

LOCK TABLES `ec_options_translations` WRITE;
/*!40000 ALTER TABLE `ec_options_translations` DISABLE KEYS */;
/*!40000 ALTER TABLE `ec_options_translations` ENABLE KEYS */;
UNLOCK TABLES;

--
-- Table structure for table `ec_order_addresses`
--

DROP TABLE IF EXISTS `ec_order_addresses`;
/*!40101 SET @saved_cs_client     = @@character_set_client */;
/*!50503 SET character_set_client = utf8mb4 */;
CREATE TABLE `ec_order_addresses` (
  `id` bigint unsigned NOT NULL AUTO_INCREMENT,
  `name` varchar(191) COLLATE utf8mb4_unicode_ci NOT NULL,
  `phone` varchar(20) COLLATE utf8mb4_unicode_ci DEFAULT NULL,
  `email` varchar(191) COLLATE utf8mb4_unicode_ci DEFAULT NULL,
  `country` varchar(120) COLLATE utf8mb4_unicode_ci DEFAULT NULL,
  `state` varchar(120) COLLATE utf8mb4_unicode_ci DEFAULT NULL,
  `city` varchar(120) COLLATE utf8mb4_unicode_ci DEFAULT NULL,
  `address` varchar(255) COLLATE utf8mb4_unicode_ci DEFAULT NULL,
  `order_id` bigint unsigned NOT NULL,
  `zip_code` varchar(20) COLLATE utf8mb4_unicode_ci DEFAULT NULL,
  `type` varchar(60) COLLATE utf8mb4_unicode_ci NOT NULL DEFAULT 'shipping_address',
  PRIMARY KEY (`id`)
) ENGINE=InnoDB AUTO_INCREMENT=21 DEFAULT CHARSET=utf8mb4 COLLATE=utf8mb4_unicode_ci;
/*!40101 SET character_set_client = @saved_cs_client */;

--
-- Dumping data for table `ec_order_addresses`
--

LOCK TABLES `ec_order_addresses` WRITE;
/*!40000 ALTER TABLE `ec_order_addresses` DISABLE KEYS */;
INSERT INTO `ec_order_addresses` VALUES (1,'Madalyn Hegmann','+16807576161','douglas.eugenia@example.com','ET','Cove','Lake Destinchester','814 Witting Ville Apt. 270',1,'08961','shipping_address'),(2,'Alayna Mosciski','+15802923308','customer@archielite.com','AM','Ramp','South Chasity','60461 Larkin Bridge Suite 271',2,'32002-0100','shipping_address'),(3,'Dr. Keyshawn Tromp','+17158392711','vluettgen@example.net','BF','Wall','Lake Bertram','17049 Ferry Villages',3,'96433','shipping_address'),(4,'Alayna Mosciski','+15802923308','customer@archielite.com','AM','Ramp','South Chasity','60461 Larkin Bridge Suite 271',4,'32002-0100','shipping_address'),(5,'Ms. Dayna Boehm Jr.','+18583729254','dtorp@example.org','MT','Freeway','Caroleville','159 Kuhlman Place Suite 906',5,'15029','shipping_address'),(6,'Madalyn Hegmann','+16807576161','douglas.eugenia@example.com','ET','Cove','Lake Destinchester','814 Witting Ville Apt. 270',6,'08961','shipping_address'),(7,'Rosanna Nolan II','+16465868985','theron.bednar@example.com','MK','Course','South Annamarie','47645 Parker Forest',7,'12865-1380','shipping_address'),(8,'Rosanna Nolan II','+16465868985','theron.bednar@example.com','MK','Course','South Annamarie','47645 Parker Forest',8,'12865-1380','shipping_address'),(9,'Rosanna Nolan II','+16465868985','theron.bednar@example.com','MK','Course','South Annamarie','47645 Parker Forest',9,'12865-1380','shipping_address'),(10,'Rosanna Nolan II','+16465868985','theron.bednar@example.com','MK','Course','South Annamarie','47645 Parker Forest',10,'12865-1380','shipping_address'),(11,'Mac Weissnat','+12519765703','jjerde@example.com','MV','Harbors','Croninmouth','15941 Avery Loaf Suite 167',11,'06183','shipping_address'),(12,'Mac Weissnat','+12519765703','jjerde@example.com','MV','Harbors','Croninmouth','15941 Avery Loaf Suite 167',12,'06183','shipping_address'),(13,'Madalyn Hegmann','+16807576161','douglas.eugenia@example.com','ET','Cove','Lake Destinchester','814 Witting Ville Apt. 270',13,'08961','shipping_address'),(14,'Ms. Dayna Boehm Jr.','+18583729254','dtorp@example.org','MT','Freeway','Caroleville','159 Kuhlman Place Suite 906',14,'15029','shipping_address'),(15,'Delpha Monahan','+16512389319','peter35@example.org','MD','Mills','South Billshire','6795 Shayna Plaza Apt. 767',15,'50874-2983','shipping_address'),(16,'Madalyn Hegmann','+16807576161','douglas.eugenia@example.com','ET','Cove','Lake Destinchester','814 Witting Ville Apt. 270',16,'08961','shipping_address'),(17,'Alayna Mosciski','+15802923308','customer@archielite.com','AM','Ramp','South Chasity','60461 Larkin Bridge Suite 271',17,'32002-0100','shipping_address'),(18,'Delpha Monahan','+16512389319','peter35@example.org','MD','Mills','South Billshire','6795 Shayna Plaza Apt. 767',18,'50874-2983','shipping_address'),(19,'Mac Weissnat','+12519765703','jjerde@example.com','MV','Harbors','Croninmouth','15941 Avery Loaf Suite 167',19,'06183','shipping_address'),(20,'Delpha Monahan','+16512389319','peter35@example.org','MD','Mills','South Billshire','6795 Shayna Plaza Apt. 767',20,'50874-2983','shipping_address');
/*!40000 ALTER TABLE `ec_order_addresses` ENABLE KEYS */;
UNLOCK TABLES;

--
-- Table structure for table `ec_order_histories`
--

DROP TABLE IF EXISTS `ec_order_histories`;
/*!40101 SET @saved_cs_client     = @@character_set_client */;
/*!50503 SET character_set_client = utf8mb4 */;
CREATE TABLE `ec_order_histories` (
  `id` bigint unsigned NOT NULL AUTO_INCREMENT,
  `action` varchar(120) COLLATE utf8mb4_unicode_ci NOT NULL,
  `description` varchar(255) COLLATE utf8mb4_unicode_ci NOT NULL,
  `user_id` bigint unsigned DEFAULT NULL,
  `order_id` bigint unsigned NOT NULL,
  `extras` text COLLATE utf8mb4_unicode_ci,
  `created_at` timestamp NULL DEFAULT NULL,
  `updated_at` timestamp NULL DEFAULT NULL,
  PRIMARY KEY (`id`)
) ENGINE=InnoDB AUTO_INCREMENT=98 DEFAULT CHARSET=utf8mb4 COLLATE=utf8mb4_unicode_ci;
/*!40101 SET character_set_client = @saved_cs_client */;

--
-- Dumping data for table `ec_order_histories`
--

LOCK TABLES `ec_order_histories` WRITE;
/*!40000 ALTER TABLE `ec_order_histories` DISABLE KEYS */;
INSERT INTO `ec_order_histories` VALUES (1,'create_order_from_seeder','Order is created from the checkout page',NULL,1,NULL,'2023-06-29 11:58:46','2023-06-29 11:58:46'),(2,'confirm_order','Order was verified by %user_name%',0,1,NULL,'2023-06-29 11:58:46','2023-06-29 11:58:46'),(3,'confirm_payment','Payment was confirmed (amount $71.00) by %user_name%',0,1,NULL,'2023-07-02 19:58:46','2023-07-02 19:58:46'),(4,'create_shipment','Created shipment for order',0,1,NULL,'2023-07-02 19:58:46','2023-07-02 19:58:46'),(5,'create_order_from_seeder','Order is created from the checkout page',NULL,2,NULL,'2023-06-28 01:58:46','2023-06-28 01:58:46'),(6,'confirm_order','Order was verified by %user_name%',0,2,NULL,'2023-06-28 01:58:46','2023-06-28 01:58:46'),(7,'create_shipment','Created shipment for order',0,2,NULL,'2023-07-02 19:58:46','2023-07-02 19:58:46'),(8,'update_status','Changed status of shipping to: Delivered. Updated by: %user_name%',0,2,NULL,'2023-07-02 19:58:46','2023-07-02 19:58:46'),(9,'create_order_from_seeder','Order is created from the checkout page',NULL,3,NULL,'2023-06-29 19:58:46','2023-06-29 19:58:46'),(10,'confirm_order','Order was verified by %user_name%',0,3,NULL,'2023-06-29 19:58:46','2023-06-29 19:58:46'),(11,'confirm_payment','Payment was confirmed (amount $187.00) by %user_name%',0,3,NULL,'2023-07-02 19:58:46','2023-07-02 19:58:46'),(12,'create_shipment','Created shipment for order',0,3,NULL,'2023-07-02 19:58:46','2023-07-02 19:58:46'),(13,'update_status','Changed status of shipping to: Delivered. Updated by: %user_name%',0,3,NULL,'2023-07-02 19:58:46','2023-07-02 19:58:46'),(14,'create_order_from_seeder','Order is created from the checkout page',NULL,4,NULL,'2023-06-24 07:58:46','2023-06-24 07:58:46'),(15,'confirm_order','Order was verified by %user_name%',0,4,NULL,'2023-06-24 07:58:46','2023-06-24 07:58:46'),(16,'create_shipment','Created shipment for order',0,4,NULL,'2023-07-02 19:58:46','2023-07-02 19:58:46'),(17,'update_status','Changed status of shipping to: Delivered. Updated by: %user_name%',0,4,NULL,'2023-07-02 19:58:46','2023-07-02 19:58:46'),(18,'create_order_from_seeder','Order is created from the checkout page',NULL,5,NULL,'2023-06-19 11:58:46','2023-06-19 11:58:46'),(19,'confirm_order','Order was verified by %user_name%',0,5,NULL,'2023-06-19 11:58:46','2023-06-19 11:58:46'),(20,'create_shipment','Created shipment for order',0,5,NULL,'2023-07-02 19:58:46','2023-07-02 19:58:46'),(21,'update_status','Changed status of shipping to: Delivered. Updated by: %user_name%',0,5,NULL,'2023-07-02 19:58:46','2023-07-02 19:58:46'),(22,'create_order_from_seeder','Order is created from the checkout page',NULL,6,NULL,'2023-06-22 19:58:46','2023-06-22 19:58:46'),(23,'confirm_order','Order was verified by %user_name%',0,6,NULL,'2023-06-22 19:58:46','2023-06-22 19:58:46'),(24,'confirm_payment','Payment was confirmed (amount $164.00) by %user_name%',0,6,NULL,'2023-07-02 19:58:46','2023-07-02 19:58:46'),(25,'create_shipment','Created shipment for order',0,6,NULL,'2023-07-02 19:58:46','2023-07-02 19:58:46'),(26,'update_status','Changed status of shipping to: Delivered. Updated by: %user_name%',0,6,NULL,'2023-07-02 19:58:46','2023-07-02 19:58:46'),(27,'create_order_from_seeder','Order is created from the checkout page',NULL,7,NULL,'2023-07-01 15:58:46','2023-07-01 15:58:46'),(28,'confirm_order','Order was verified by %user_name%',0,7,NULL,'2023-07-01 15:58:46','2023-07-01 15:58:46'),(29,'create_shipment','Created shipment for order',0,7,NULL,'2023-07-02 19:58:46','2023-07-02 19:58:46'),(30,'create_order_from_seeder','Order is created from the checkout page',NULL,8,NULL,'2023-06-29 13:58:46','2023-06-29 13:58:46'),(31,'confirm_order','Order was verified by %user_name%',0,8,NULL,'2023-06-29 13:58:46','2023-06-29 13:58:46'),(32,'confirm_payment','Payment was confirmed (amount $205.00) by %user_name%',0,8,NULL,'2023-07-02 19:58:46','2023-07-02 19:58:46'),(33,'create_shipment','Created shipment for order',0,8,NULL,'2023-07-02 19:58:46','2023-07-02 19:58:46'),(34,'create_order_from_seeder','Order is created from the checkout page',NULL,9,NULL,'2023-06-25 19:58:46','2023-06-25 19:58:46'),(35,'confirm_order','Order was verified by %user_name%',0,9,NULL,'2023-06-25 19:58:46','2023-06-25 19:58:46'),(36,'confirm_payment','Payment was confirmed (amount $127.00) by %user_name%',0,9,NULL,'2023-07-02 19:58:46','2023-07-02 19:58:46'),(37,'create_shipment','Created shipment for order',0,9,NULL,'2023-07-02 19:58:46','2023-07-02 19:58:46'),(38,'create_order_from_seeder','Order is created from the checkout page',NULL,10,NULL,'2023-06-30 01:58:46','2023-06-30 01:58:46'),(39,'confirm_order','Order was verified by %user_name%',0,10,NULL,'2023-06-30 01:58:46','2023-06-30 01:58:46'),(40,'confirm_payment','Payment was confirmed (amount $186.00) by %user_name%',0,10,NULL,'2023-07-02 19:58:46','2023-07-02 19:58:46'),(41,'create_shipment','Created shipment for order',0,10,NULL,'2023-07-02 19:58:46','2023-07-02 19:58:46'),(42,'update_status','Changed status of shipping to: Delivered. Updated by: %user_name%',0,10,NULL,'2023-07-02 19:58:46','2023-07-02 19:58:46'),(43,'create_order_from_seeder','Order is created from the checkout page',NULL,11,NULL,'2023-06-28 15:58:46','2023-06-28 15:58:46'),(44,'confirm_order','Order was verified by %user_name%',0,11,NULL,'2023-06-28 15:58:46','2023-06-28 15:58:46'),(45,'confirm_payment','Payment was confirmed (amount $359.00) by %user_name%',0,11,NULL,'2023-07-02 19:58:46','2023-07-02 19:58:46'),(46,'create_shipment','Created shipment for order',0,11,NULL,'2023-07-02 19:58:46','2023-07-02 19:58:46'),(47,'update_status','Changed status of shipping to: Delivered. Updated by: %user_name%',0,11,NULL,'2023-07-02 19:58:46','2023-07-02 19:58:46'),(48,'create_order_from_seeder','Order is created from the checkout page',NULL,12,NULL,'2023-06-30 13:58:46','2023-06-30 13:58:46'),(49,'confirm_order','Order was verified by %user_name%',0,12,NULL,'2023-06-30 13:58:46','2023-06-30 13:58:46'),(50,'confirm_payment','Payment was confirmed (amount $294.00) by %user_name%',0,12,NULL,'2023-07-02 19:58:46','2023-07-02 19:58:46'),(51,'create_shipment','Created shipment for order',0,12,NULL,'2023-07-02 19:58:46','2023-07-02 19:58:46'),(52,'update_status','Changed status of shipping to: Delivered. Updated by: %user_name%',0,12,NULL,'2023-07-02 19:58:46','2023-07-02 19:58:46'),(53,'create_order_from_seeder','Order is created from the checkout page',NULL,13,NULL,'2023-07-02 03:58:46','2023-07-02 03:58:46'),(54,'confirm_order','Order was verified by %user_name%',0,13,NULL,'2023-07-02 03:58:46','2023-07-02 03:58:46'),(55,'confirm_payment','Payment was confirmed (amount $155.00) by %user_name%',0,13,NULL,'2023-07-02 19:58:46','2023-07-02 19:58:46'),(56,'create_shipment','Created shipment for order',0,13,NULL,'2023-07-02 19:58:46','2023-07-02 19:58:46'),(57,'create_order_from_seeder','Order is created from the checkout page',NULL,14,NULL,'2023-06-26 23:58:46','2023-06-26 23:58:46'),(58,'confirm_order','Order was verified by %user_name%',0,14,NULL,'2023-06-26 23:58:46','2023-06-26 23:58:46'),(59,'confirm_payment','Payment was confirmed (amount $180.00) by %user_name%',0,14,NULL,'2023-07-02 19:58:46','2023-07-02 19:58:46'),(60,'create_shipment','Created shipment for order',0,14,NULL,'2023-07-02 19:58:46','2023-07-02 19:58:46'),(61,'update_status','Changed status of shipping to: Delivered. Updated by: %user_name%',0,14,NULL,'2023-07-02 19:58:46','2023-07-02 19:58:46'),(62,'create_order_from_seeder','Order is created from the checkout page',NULL,15,NULL,'2023-06-30 19:58:46','2023-06-30 19:58:46'),(63,'confirm_order','Order was verified by %user_name%',0,15,NULL,'2023-06-30 19:58:46','2023-06-30 19:58:46'),(64,'confirm_payment','Payment was confirmed (amount $130.00) by %user_name%',0,15,NULL,'2023-07-02 19:58:46','2023-07-02 19:58:46'),(65,'create_shipment','Created shipment for order',0,15,NULL,'2023-07-02 19:58:46','2023-07-02 19:58:46'),(66,'create_order_from_seeder','Order is created from the checkout page',NULL,16,NULL,'2023-07-01 13:58:46','2023-07-01 13:58:46'),(67,'confirm_order','Order was verified by %user_name%',0,16,NULL,'2023-07-01 13:58:46','2023-07-01 13:58:46'),(68,'confirm_payment','Payment was confirmed (amount $106.00) by %user_name%',0,16,NULL,'2023-07-02 19:58:46','2023-07-02 19:58:46'),(69,'create_shipment','Created shipment for order',0,16,NULL,'2023-07-02 19:58:46','2023-07-02 19:58:46'),(70,'update_status','Changed status of shipping to: Delivered. Updated by: %user_name%',0,16,NULL,'2023-07-02 19:58:46','2023-07-02 19:58:46'),(71,'create_order_from_seeder','Order is created from the checkout page',NULL,17,NULL,'2023-07-01 03:58:46','2023-07-01 03:58:46'),(72,'confirm_order','Order was verified by %user_name%',0,17,NULL,'2023-07-01 03:58:46','2023-07-01 03:58:46'),(73,'confirm_payment','Payment was confirmed (amount $285.00) by %user_name%',0,17,NULL,'2023-07-02 19:58:46','2023-07-02 19:58:46'),(74,'create_shipment','Created shipment for order',0,17,NULL,'2023-07-02 19:58:46','2023-07-02 19:58:46'),(75,'update_status','Changed status of shipping to: Delivered. Updated by: %user_name%',0,17,NULL,'2023-07-02 19:58:46','2023-07-02 19:58:46'),(76,'create_order_from_seeder','Order is created from the checkout page',NULL,18,NULL,'2023-07-01 07:58:46','2023-07-01 07:58:46'),(77,'confirm_order','Order was verified by %user_name%',0,18,NULL,'2023-07-01 07:58:46','2023-07-01 07:58:46'),(78,'create_shipment','Created shipment for order',0,18,NULL,'2023-07-02 19:58:46','2023-07-02 19:58:46'),(79,'update_status','Changed status of shipping to: Delivered. Updated by: %user_name%',0,18,NULL,'2023-07-02 19:58:46','2023-07-02 19:58:46'),(80,'create_order_from_seeder','Order is created from the checkout page',NULL,19,NULL,'2023-07-02 07:58:46','2023-07-02 07:58:46'),(81,'confirm_order','Order was verified by %user_name%',0,19,NULL,'2023-07-02 07:58:46','2023-07-02 07:58:46'),(82,'confirm_payment','Payment was confirmed (amount $350.00) by %user_name%',0,19,NULL,'2023-07-02 19:58:46','2023-07-02 19:58:46'),(83,'create_shipment','Created shipment for order',0,19,NULL,'2023-07-02 19:58:46','2023-07-02 19:58:46'),(84,'update_status','Changed status of shipping to: Delivered. Updated by: %user_name%',0,19,NULL,'2023-07-02 19:58:46','2023-07-02 19:58:46'),(85,'create_order_from_seeder','Order is created from the checkout page',NULL,20,NULL,'2023-07-02 17:58:46','2023-07-02 17:58:46'),(86,'confirm_order','Order was verified by %user_name%',0,20,NULL,'2023-07-02 17:58:46','2023-07-02 17:58:46'),(87,'confirm_payment','Payment was confirmed (amount $89.00) by %user_name%',0,20,NULL,'2023-07-02 19:58:46','2023-07-02 19:58:46'),(88,'create_shipment','Created shipment for order',0,20,NULL,'2023-07-02 19:58:46','2023-07-02 19:58:46'),(89,'update_status','Order confirmed by %user_name%',0,3,NULL,'2023-07-02 19:58:46','2023-07-02 19:58:46'),(90,'update_status','Order confirmed by %user_name%',0,6,NULL,'2023-07-02 19:58:46','2023-07-02 19:58:46'),(91,'update_status','Order confirmed by %user_name%',0,10,NULL,'2023-07-02 19:58:46','2023-07-02 19:58:46'),(92,'update_status','Order confirmed by %user_name%',0,11,NULL,'2023-07-02 19:58:46','2023-07-02 19:58:46'),(93,'update_status','Order confirmed by %user_name%',0,12,NULL,'2023-07-02 19:58:46','2023-07-02 19:58:46'),(94,'update_status','Order confirmed by %user_name%',0,14,NULL,'2023-07-02 19:58:46','2023-07-02 19:58:46'),(95,'update_status','Order confirmed by %user_name%',0,16,NULL,'2023-07-02 19:58:46','2023-07-02 19:58:46'),(96,'update_status','Order confirmed by %user_name%',0,17,NULL,'2023-07-02 19:58:46','2023-07-02 19:58:46'),(97,'update_status','Order confirmed by %user_name%',0,19,NULL,'2023-07-02 19:58:46','2023-07-02 19:58:46');
/*!40000 ALTER TABLE `ec_order_histories` ENABLE KEYS */;
UNLOCK TABLES;

--
-- Table structure for table `ec_order_product`
--

DROP TABLE IF EXISTS `ec_order_product`;
/*!40101 SET @saved_cs_client     = @@character_set_client */;
/*!50503 SET character_set_client = utf8mb4 */;
CREATE TABLE `ec_order_product` (
  `id` bigint unsigned NOT NULL AUTO_INCREMENT,
  `order_id` bigint unsigned NOT NULL,
  `qty` int NOT NULL,
  `price` decimal(15,2) NOT NULL,
  `tax_amount` decimal(15,2) NOT NULL,
  `options` text COLLATE utf8mb4_unicode_ci,
  `product_options` text COLLATE utf8mb4_unicode_ci COMMENT 'product option data',
  `product_id` bigint unsigned DEFAULT NULL,
  `product_name` varchar(191) COLLATE utf8mb4_unicode_ci NOT NULL,
  `product_image` varchar(191) COLLATE utf8mb4_unicode_ci DEFAULT NULL,
  `weight` double(8,2) DEFAULT '0.00',
  `restock_quantity` int unsigned DEFAULT '0',
  `created_at` timestamp NULL DEFAULT NULL,
  `updated_at` timestamp NULL DEFAULT NULL,
  `product_type` varchar(60) COLLATE utf8mb4_unicode_ci NOT NULL DEFAULT 'physical',
  `times_downloaded` int NOT NULL DEFAULT '0',
  `license_code` char(36) COLLATE utf8mb4_unicode_ci DEFAULT NULL,
  PRIMARY KEY (`id`)
) ENGINE=InnoDB AUTO_INCREMENT=56 DEFAULT CHARSET=utf8mb4 COLLATE=utf8mb4_unicode_ci;
/*!40101 SET character_set_client = @saved_cs_client */;

--
-- Dumping data for table `ec_order_product`
--

LOCK TABLES `ec_order_product` WRITE;
/*!40000 ALTER TABLE `ec_order_product` DISABLE KEYS */;
INSERT INTO `ec_order_product` VALUES (1,1,1,33.00,0.00,'[]',NULL,80,'Turkey meat','products/2.jpg',755.00,0,'2023-07-02 19:58:46','2023-07-02 19:58:46','physical',0,NULL),(2,1,1,38.00,0.00,'[]',NULL,110,'Leek and mushroom pie','products/23.jpg',716.00,0,'2023-07-02 19:58:46','2023-07-02 19:58:46','physical',0,NULL),(3,2,3,45.00,0.00,'[]',NULL,59,'Boiled vegetables','products/7.jpg',1770.00,0,'2023-07-02 19:58:46','2023-07-02 19:58:46','physical',0,NULL),(4,2,3,39.00,0.00,'[]',NULL,99,'Chickpea and chilli pasta','products/17.jpg',1815.00,0,'2023-07-02 19:58:46','2023-07-02 19:58:46','physical',0,NULL),(5,2,3,46.00,0.00,'[]',NULL,123,'Spinach and aubergine bread','products/8.jpg',1770.00,0,'2023-07-02 19:58:46','2023-07-02 19:58:46','physical',0,NULL),(6,2,1,35.00,0.00,'[]',NULL,133,'Basil and chestnut soup','products/14.jpg',686.00,0,'2023-07-02 19:58:46','2023-07-02 19:58:46','physical',0,NULL),(7,3,3,41.00,0.00,'[]',NULL,49,'Carpaccio de degrade','products/1.jpg',1800.00,0,'2023-07-02 19:58:46','2023-07-02 19:58:46','physical',0,NULL),(8,3,2,32.00,0.00,'[]',NULL,89,'Venison and aubergine kebab','products/6.jpg',1606.00,0,'2023-07-02 19:58:46','2023-07-02 19:58:46','physical',0,NULL),(9,4,1,40.00,0.00,'[]',NULL,74,'Spaghetti','products/19.jpg',881.00,0,'2023-07-02 19:58:46','2023-07-02 19:58:46','physical',0,NULL),(10,4,2,33.00,0.00,'[]',NULL,103,'Anise and coconut curry','products/26.jpg',1706.00,0,'2023-07-02 19:58:46','2023-07-02 19:58:46','physical',0,NULL),(11,4,3,35.00,0.00,'[]',NULL,133,'Basil and chestnut soup','products/14.jpg',2058.00,0,'2023-07-02 19:58:46','2023-07-02 19:58:46','physical',0,NULL),(12,5,2,45.00,0.00,'[]',NULL,59,'Boiled vegetables','products/7.jpg',1180.00,0,'2023-07-02 19:58:46','2023-07-02 19:58:46','physical',0,NULL),(13,5,2,32.00,0.00,'[]',NULL,88,'Venison and aubergine kebab','products/8.jpg',1606.00,0,'2023-07-02 19:58:46','2023-07-02 19:58:46','physical',0,NULL),(14,6,2,50.00,0.00,'[]',NULL,56,'Fried beef','products/24.jpg',1348.00,0,'2023-07-02 19:58:46','2023-07-02 19:58:46','physical',0,NULL),(15,6,2,32.00,0.00,'[]',NULL,85,'Peppercorn and leek parcels','products/4.jpg',1008.00,0,'2023-07-02 19:58:46','2023-07-02 19:58:46','physical',0,NULL),(16,7,1,33.00,0.00,'[]',NULL,80,'Turkey meat','products/2.jpg',755.00,0,'2023-07-02 19:58:46','2023-07-02 19:58:46','physical',0,NULL),(17,7,2,40.00,0.00,'[]',NULL,94,'Dulse and tumeric salad','products/6.jpg',1732.00,0,'2023-07-02 19:58:46','2023-07-02 19:58:46','physical',0,NULL),(18,8,1,41.00,0.00,'[]',NULL,44,'Salmon Grav-lax','products/24.jpg',698.00,0,'2023-07-02 19:58:46','2023-07-02 19:58:46','physical',0,NULL),(19,8,1,34.00,0.00,'[]',NULL,66,'Pancake','products/25.jpg',802.00,0,'2023-07-02 19:58:46','2023-07-02 19:58:46','physical',0,NULL),(20,8,2,32.00,0.00,'[]',NULL,84,'Peppercorn and leek parcels','products/22.jpg',1008.00,0,'2023-07-02 19:58:46','2023-07-02 19:58:46','physical',0,NULL),(21,8,2,33.00,0.00,'[]',NULL,118,'Bun dau mam tom','products/24.jpg',1696.00,0,'2023-07-02 19:58:46','2023-07-02 19:58:46','physical',0,NULL),(22,9,1,47.00,0.00,'[]',NULL,52,'Spring roll','products/11.jpg',832.00,0,'2023-07-02 19:58:46','2023-07-02 19:58:46','physical',0,NULL),(23,9,2,40.00,0.00,'[]',NULL,106,'Cabbage and rosemary parcels','products/17.jpg',1364.00,0,'2023-07-02 19:58:46','2023-07-02 19:58:46','physical',0,NULL),(24,10,3,31.00,0.00,'[]',NULL,86,'Lamb and gruyere salad','products/18.jpg',1977.00,0,'2023-07-02 19:58:46','2023-07-02 19:58:46','physical',0,NULL),(25,10,3,31.00,0.00,'[]',NULL,119,'Onion sandwich with chilli relish','products/3.jpg',1809.00,0,'2023-07-02 19:58:46','2023-07-02 19:58:46','physical',0,NULL),(26,11,3,42.00,0.00,'[]',NULL,55,'Fish soup','products/3.jpg',2082.00,0,'2023-07-02 19:58:46','2023-07-02 19:58:46','physical',0,NULL),(27,11,1,45.00,0.00,'[]',NULL,59,'Boiled vegetables','products/7.jpg',590.00,0,'2023-07-02 19:58:46','2023-07-02 19:58:46','physical',0,NULL),(28,11,3,32.00,0.00,'[]',NULL,88,'Venison and aubergine kebab','products/8.jpg',2409.00,0,'2023-07-02 19:58:46','2023-07-02 19:58:46','physical',0,NULL),(29,11,2,46.00,0.00,'[]',NULL,123,'Spinach and aubergine bread','products/8.jpg',1180.00,0,'2023-07-02 19:58:46','2023-07-02 19:58:46','physical',0,NULL),(30,12,2,32.00,0.00,'[]',NULL,88,'Venison and aubergine kebab','products/8.jpg',1606.00,0,'2023-07-02 19:58:46','2023-07-02 19:58:46','physical',0,NULL),(31,12,2,40.00,0.00,'[]',NULL,106,'Cabbage and rosemary parcels','products/17.jpg',1364.00,0,'2023-07-02 19:58:46','2023-07-02 19:58:46','physical',0,NULL),(32,12,3,50.00,0.00,'[]',NULL,124,'Banana and squash madras','products/16.jpg',2004.00,0,'2023-07-02 19:58:46','2023-07-02 19:58:46','physical',0,NULL),(33,13,3,40.00,0.00,'[]',NULL,93,'Dulse and tumeric salad','products/26.jpg',2598.00,0,'2023-07-02 19:58:46','2023-07-02 19:58:46','physical',0,NULL),(34,13,1,35.00,0.00,'[]',NULL,132,'Basil and chestnut soup','products/22.jpg',686.00,0,'2023-07-02 19:58:46','2023-07-02 19:58:46','physical',0,NULL),(35,14,1,33.00,0.00,'[]',NULL,80,'Turkey meat','products/2.jpg',755.00,0,'2023-07-02 19:58:46','2023-07-02 19:58:46','physical',0,NULL),(36,14,1,33.00,0.00,'[]',NULL,96,'Pork and broccoli soup','products/9.jpg',725.00,0,'2023-07-02 19:58:46','2023-07-02 19:58:46','physical',0,NULL),(37,14,3,38.00,0.00,'[]',NULL,114,'Banh mi','products/18.jpg',1800.00,0,'2023-07-02 19:58:46','2023-07-02 19:58:46','physical',0,NULL),(38,15,2,45.00,0.00,'[]',NULL,59,'Boiled vegetables','products/7.jpg',1180.00,0,'2023-07-02 19:58:46','2023-07-02 19:58:46','physical',0,NULL),(39,15,1,40.00,0.00,'[]',NULL,74,'Spaghetti','products/19.jpg',881.00,0,'2023-07-02 19:58:46','2023-07-02 19:58:46','physical',0,NULL),(40,16,2,34.00,0.00,'[]',NULL,66,'Pancake','products/25.jpg',1604.00,0,'2023-07-02 19:58:46','2023-07-02 19:58:46','physical',0,NULL),(41,16,1,38.00,0.00,'[]',NULL,111,'Leek and mushroom pie','products/15.jpg',716.00,0,'2023-07-02 19:58:46','2023-07-02 19:58:46','physical',0,NULL),(42,17,1,47.00,0.00,'[]',NULL,52,'Spring roll','products/11.jpg',832.00,0,'2023-07-02 19:58:46','2023-07-02 19:58:46','physical',0,NULL),(43,17,1,38.00,0.00,'[]',NULL,114,'Banh mi','products/18.jpg',600.00,0,'2023-07-02 19:58:46','2023-07-02 19:58:46','physical',0,NULL),(44,17,3,46.00,0.00,'[]',NULL,125,'Apple and semolina cake','products/5.jpg',2058.00,0,'2023-07-02 19:58:46','2023-07-02 19:58:46','physical',0,NULL),(45,17,2,31.00,0.00,'[]',NULL,128,'Raisin and fennel yoghurt','products/10.jpg',1128.00,0,'2023-07-02 19:58:46','2023-07-02 19:58:46','physical',0,NULL),(46,18,1,45.00,0.00,'[]',NULL,59,'Boiled vegetables','products/7.jpg',590.00,0,'2023-07-02 19:58:46','2023-07-02 19:58:46','physical',0,NULL),(47,18,3,32.00,0.00,'[]',NULL,116,'Pho bo','products/4.jpg',2271.00,0,'2023-07-02 19:58:46','2023-07-02 19:58:46','physical',0,NULL),(48,18,1,46.00,0.00,'[]',NULL,123,'Spinach and aubergine bread','products/8.jpg',590.00,0,'2023-07-02 19:58:46','2023-07-02 19:58:46','physical',0,NULL),(49,18,2,33.00,0.00,'[]',NULL,127,'Apple and semolina cake','products/16.jpg',1162.00,0,'2023-07-02 19:58:46','2023-07-02 19:58:46','physical',0,NULL),(50,19,2,50.00,0.00,'[]',NULL,61,'Omelet','products/23.jpg',1174.00,0,'2023-07-02 19:58:46','2023-07-02 19:58:46','physical',0,NULL),(51,19,3,38.00,0.00,'[]',NULL,115,'Banh mi','products/5.jpg',1800.00,0,'2023-07-02 19:58:46','2023-07-02 19:58:46','physical',0,NULL),(52,19,1,31.00,0.00,'[]',NULL,120,'Onion sandwich with chilli relish','products/19.jpg',603.00,0,'2023-07-02 19:58:46','2023-07-02 19:58:46','physical',0,NULL),(53,19,3,35.00,0.00,'[]',NULL,133,'Basil and chestnut soup','products/14.jpg',2058.00,0,'2023-07-02 19:58:46','2023-07-02 19:58:46','physical',0,NULL),(54,20,1,50.00,0.00,'[]',NULL,61,'Omelet','products/23.jpg',587.00,0,'2023-07-02 19:58:46','2023-07-02 19:58:46','physical',0,NULL),(55,20,1,39.00,0.00,'[]',NULL,98,'Chickpea and chilli pasta','products/1.jpg',605.00,0,'2023-07-02 19:58:46','2023-07-02 19:58:46','physical',0,NULL);
/*!40000 ALTER TABLE `ec_order_product` ENABLE KEYS */;
UNLOCK TABLES;

--
-- Table structure for table `ec_order_referrals`
--

DROP TABLE IF EXISTS `ec_order_referrals`;
/*!40101 SET @saved_cs_client     = @@character_set_client */;
/*!50503 SET character_set_client = utf8mb4 */;
CREATE TABLE `ec_order_referrals` (
  `id` bigint unsigned NOT NULL AUTO_INCREMENT,
  `ip` varchar(39) COLLATE utf8mb4_unicode_ci DEFAULT NULL,
  `landing_domain` varchar(255) COLLATE utf8mb4_unicode_ci DEFAULT NULL,
  `landing_page` varchar(255) COLLATE utf8mb4_unicode_ci DEFAULT NULL,
  `landing_params` varchar(255) COLLATE utf8mb4_unicode_ci DEFAULT NULL,
  `referral` varchar(255) COLLATE utf8mb4_unicode_ci DEFAULT NULL,
  `gclid` varchar(255) COLLATE utf8mb4_unicode_ci DEFAULT NULL,
  `fclid` varchar(255) COLLATE utf8mb4_unicode_ci DEFAULT NULL,
  `utm_source` varchar(255) COLLATE utf8mb4_unicode_ci DEFAULT NULL,
  `utm_campaign` varchar(255) COLLATE utf8mb4_unicode_ci DEFAULT NULL,
  `utm_medium` varchar(255) COLLATE utf8mb4_unicode_ci DEFAULT NULL,
  `utm_term` varchar(255) COLLATE utf8mb4_unicode_ci DEFAULT NULL,
  `utm_content` varchar(255) COLLATE utf8mb4_unicode_ci DEFAULT NULL,
  `referrer_url` text COLLATE utf8mb4_unicode_ci,
  `referrer_domain` varchar(255) COLLATE utf8mb4_unicode_ci DEFAULT NULL,
  `order_id` bigint unsigned DEFAULT NULL,
  `created_at` timestamp NULL DEFAULT NULL,
  `updated_at` timestamp NULL DEFAULT NULL,
  PRIMARY KEY (`id`),
  KEY `ec_order_referrals_order_id_index` (`order_id`)
) ENGINE=InnoDB DEFAULT CHARSET=utf8mb4 COLLATE=utf8mb4_unicode_ci;
/*!40101 SET character_set_client = @saved_cs_client */;

--
-- Dumping data for table `ec_order_referrals`
--

LOCK TABLES `ec_order_referrals` WRITE;
/*!40000 ALTER TABLE `ec_order_referrals` DISABLE KEYS */;
/*!40000 ALTER TABLE `ec_order_referrals` ENABLE KEYS */;
UNLOCK TABLES;

--
-- Table structure for table `ec_order_return_items`
--

DROP TABLE IF EXISTS `ec_order_return_items`;
/*!40101 SET @saved_cs_client     = @@character_set_client */;
/*!50503 SET character_set_client = utf8mb4 */;
CREATE TABLE `ec_order_return_items` (
  `id` bigint unsigned NOT NULL AUTO_INCREMENT,
  `order_return_id` bigint unsigned NOT NULL COMMENT 'Order return id',
  `order_product_id` bigint unsigned NOT NULL COMMENT 'Order product id',
  `product_id` bigint unsigned NOT NULL COMMENT 'Product id',
  `product_name` varchar(191) COLLATE utf8mb4_unicode_ci NOT NULL,
  `product_image` varchar(191) COLLATE utf8mb4_unicode_ci DEFAULT NULL,
  `qty` int NOT NULL COMMENT 'Quantity return',
  `price` decimal(15,2) NOT NULL COMMENT 'Price Product',
  `reason` text COLLATE utf8mb4_unicode_ci,
  `created_at` timestamp NULL DEFAULT NULL,
  `updated_at` timestamp NULL DEFAULT NULL,
  `refund_amount` decimal(12,2) DEFAULT '0.00',
  PRIMARY KEY (`id`)
) ENGINE=InnoDB DEFAULT CHARSET=utf8mb4 COLLATE=utf8mb4_unicode_ci;
/*!40101 SET character_set_client = @saved_cs_client */;

--
-- Dumping data for table `ec_order_return_items`
--

LOCK TABLES `ec_order_return_items` WRITE;
/*!40000 ALTER TABLE `ec_order_return_items` DISABLE KEYS */;
/*!40000 ALTER TABLE `ec_order_return_items` ENABLE KEYS */;
UNLOCK TABLES;

--
-- Table structure for table `ec_order_returns`
--

DROP TABLE IF EXISTS `ec_order_returns`;
/*!40101 SET @saved_cs_client     = @@character_set_client */;
/*!50503 SET character_set_client = utf8mb4 */;
CREATE TABLE `ec_order_returns` (
  `id` bigint unsigned NOT NULL AUTO_INCREMENT,
  `code` varchar(191) COLLATE utf8mb4_unicode_ci DEFAULT NULL,
  `order_id` bigint unsigned NOT NULL COMMENT 'Order ID',
  `store_id` bigint unsigned DEFAULT NULL COMMENT 'Store ID',
  `user_id` bigint unsigned NOT NULL COMMENT 'Customer ID',
  `reason` text COLLATE utf8mb4_unicode_ci COMMENT 'Reason return order',
  `order_status` varchar(191) COLLATE utf8mb4_unicode_ci DEFAULT NULL COMMENT 'Order current status',
  `return_status` varchar(191) COLLATE utf8mb4_unicode_ci NOT NULL COMMENT 'Return status',
  `created_at` timestamp NULL DEFAULT NULL,
  `updated_at` timestamp NULL DEFAULT NULL,
  PRIMARY KEY (`id`),
  UNIQUE KEY `ec_order_returns_code_unique` (`code`)
) ENGINE=InnoDB DEFAULT CHARSET=utf8mb4 COLLATE=utf8mb4_unicode_ci;
/*!40101 SET character_set_client = @saved_cs_client */;

--
-- Dumping data for table `ec_order_returns`
--

LOCK TABLES `ec_order_returns` WRITE;
/*!40000 ALTER TABLE `ec_order_returns` DISABLE KEYS */;
/*!40000 ALTER TABLE `ec_order_returns` ENABLE KEYS */;
UNLOCK TABLES;

--
-- Table structure for table `ec_order_tax_information`
--

DROP TABLE IF EXISTS `ec_order_tax_information`;
/*!40101 SET @saved_cs_client     = @@character_set_client */;
/*!50503 SET character_set_client = utf8mb4 */;
CREATE TABLE `ec_order_tax_information` (
  `id` bigint unsigned NOT NULL AUTO_INCREMENT,
  `order_id` bigint unsigned NOT NULL,
  `company_name` varchar(120) COLLATE utf8mb4_unicode_ci NOT NULL,
  `company_address` varchar(191) COLLATE utf8mb4_unicode_ci NOT NULL,
  `company_tax_code` varchar(20) COLLATE utf8mb4_unicode_ci NOT NULL,
  `company_email` varchar(60) COLLATE utf8mb4_unicode_ci NOT NULL,
  `created_at` timestamp NULL DEFAULT NULL,
  `updated_at` timestamp NULL DEFAULT NULL,
  PRIMARY KEY (`id`),
  KEY `ec_order_tax_information_order_id_index` (`order_id`)
) ENGINE=InnoDB DEFAULT CHARSET=utf8mb4 COLLATE=utf8mb4_unicode_ci;
/*!40101 SET character_set_client = @saved_cs_client */;

--
-- Dumping data for table `ec_order_tax_information`
--

LOCK TABLES `ec_order_tax_information` WRITE;
/*!40000 ALTER TABLE `ec_order_tax_information` DISABLE KEYS */;
/*!40000 ALTER TABLE `ec_order_tax_information` ENABLE KEYS */;
UNLOCK TABLES;

--
-- Table structure for table `ec_orders`
--

DROP TABLE IF EXISTS `ec_orders`;
/*!40101 SET @saved_cs_client     = @@character_set_client */;
/*!50503 SET character_set_client = utf8mb4 */;
CREATE TABLE `ec_orders` (
  `id` bigint unsigned NOT NULL AUTO_INCREMENT,
  `code` varchar(191) COLLATE utf8mb4_unicode_ci DEFAULT NULL,
  `user_id` bigint unsigned NOT NULL,
  `shipping_option` varchar(60) COLLATE utf8mb4_unicode_ci DEFAULT NULL,
  `shipping_method` varchar(60) COLLATE utf8mb4_unicode_ci NOT NULL DEFAULT 'default',
  `status` varchar(120) COLLATE utf8mb4_unicode_ci NOT NULL DEFAULT 'pending',
  `amount` decimal(15,2) NOT NULL,
  `tax_amount` decimal(15,2) DEFAULT NULL,
  `shipping_amount` decimal(15,2) DEFAULT NULL,
  `description` text COLLATE utf8mb4_unicode_ci,
  `coupon_code` varchar(120) COLLATE utf8mb4_unicode_ci DEFAULT NULL,
  `discount_amount` decimal(15,2) DEFAULT NULL,
  `sub_total` decimal(15,2) NOT NULL,
  `is_confirmed` tinyint(1) NOT NULL DEFAULT '0',
  `discount_description` varchar(255) COLLATE utf8mb4_unicode_ci DEFAULT NULL,
  `is_finished` tinyint(1) DEFAULT '0',
  `completed_at` timestamp NULL DEFAULT NULL,
  `token` varchar(120) COLLATE utf8mb4_unicode_ci DEFAULT NULL,
  `payment_id` bigint unsigned DEFAULT NULL,
  `created_at` timestamp NULL DEFAULT NULL,
  `updated_at` timestamp NULL DEFAULT NULL,
  PRIMARY KEY (`id`),
  UNIQUE KEY `ec_orders_code_unique` (`code`),
  KEY `ec_orders_user_id_status_created_at_index` (`user_id`,`status`,`created_at`)
) ENGINE=InnoDB AUTO_INCREMENT=21 DEFAULT CHARSET=utf8mb4 COLLATE=utf8mb4_unicode_ci;
/*!40101 SET character_set_client = @saved_cs_client */;

--
-- Dumping data for table `ec_orders`
--

LOCK TABLES `ec_orders` WRITE;
/*!40000 ALTER TABLE `ec_orders` DISABLE KEYS */;
INSERT INTO `ec_orders` VALUES (1,'#10000001',5,'1','default','pending',71.00,0.00,0.00,NULL,NULL,0.00,71.00,1,NULL,1,NULL,'A4gjfPvwwb29d8iyEuRDVzPMSKA8K',1,'2023-06-29 11:58:46','2023-07-02 19:58:46'),(2,'#10000002',1,'1','default','completed',425.00,0.00,0.00,NULL,NULL,0.00,425.00,1,NULL,1,'2023-07-02 19:58:46','UFqyNA58BWjEVgm5yDNf6ovGN9Hl5',2,'2023-06-28 01:58:46','2023-07-02 19:58:46'),(3,'#10000003',7,'1','default','completed',187.00,0.00,0.00,NULL,NULL,0.00,187.00,1,NULL,1,'2023-07-02 19:58:46','2irsfJOURqrdGAp9lQgatxz2QZ9Vr',3,'2023-06-29 19:58:46','2023-07-02 19:58:46'),(4,'#10000004',1,'1','default','completed',211.00,0.00,0.00,NULL,NULL,0.00,211.00,1,NULL,1,'2023-07-02 19:58:46','CqN4Gsk80pgE1ZfnErsiHRgOeSAG9',4,'2023-06-24 07:58:46','2023-07-02 19:58:46'),(5,'#10000005',6,'1','default','completed',154.00,0.00,0.00,NULL,NULL,0.00,154.00,1,NULL,1,'2023-07-02 19:58:46','hwphwbKTnqPkXLzVSNWoyUaEyaOeL',5,'2023-06-19 11:58:46','2023-07-02 19:58:46'),(6,'#10000006',5,'1','default','completed',164.00,0.00,0.00,NULL,NULL,0.00,164.00,1,NULL,1,'2023-07-02 19:58:46','wYtDhNJAxvanxjUVlDoGUk2ixD9K3',6,'2023-06-22 19:58:46','2023-07-02 19:58:46'),(7,'#10000007',2,'1','default','pending',113.00,0.00,0.00,NULL,NULL,0.00,113.00,1,NULL,1,NULL,'jsZtreebjF0GKwRnDPhRXJP1nzwWV',7,'2023-07-01 15:58:46','2023-07-02 19:58:46'),(8,'#10000008',2,'1','default','pending',205.00,0.00,0.00,NULL,NULL,0.00,205.00,1,NULL,1,NULL,'mcA1vZ6VGbRbDnLeTnnyRyCtJv76I',8,'2023-06-29 13:58:46','2023-07-02 19:58:46'),(9,'#10000009',2,'1','default','pending',127.00,0.00,0.00,NULL,NULL,0.00,127.00,1,NULL,1,NULL,'CAph9MVdlwurQNk4H17SaJwFnZ2w8',9,'2023-06-25 19:58:46','2023-07-02 19:58:46'),(10,'#10000010',2,'1','default','completed',186.00,0.00,0.00,NULL,NULL,0.00,186.00,1,NULL,1,'2023-07-02 19:58:46','7DgurkNzvD2cftzYv6LcNTRq71A1E',10,'2023-06-30 01:58:46','2023-07-02 19:58:46'),(11,'#10000011',4,'1','default','completed',359.00,0.00,0.00,NULL,NULL,0.00,359.00,1,NULL,1,'2023-07-02 19:58:46','8QuVsqWoIxyyfO2gCrIezRhtKnLXu',11,'2023-06-28 15:58:46','2023-07-02 19:58:46'),(12,'#10000012',4,'1','default','completed',294.00,0.00,0.00,NULL,NULL,0.00,294.00,1,NULL,1,'2023-07-02 19:58:46','aoVW8ZFUTIO3PopAP9hBYOf8hEDgI',12,'2023-06-30 13:58:46','2023-07-02 19:58:46'),(13,'#10000013',5,'1','default','pending',155.00,0.00,0.00,NULL,NULL,0.00,155.00,1,NULL,1,NULL,'54LKVLbJeaMOBFhxabvezvc14jR53',13,'2023-07-02 03:58:46','2023-07-02 19:58:46'),(14,'#10000014',6,'1','default','completed',180.00,0.00,0.00,NULL,NULL,0.00,180.00,1,NULL,1,'2023-07-02 19:58:46','LQRpFshKYms8QbCIHhAWRUJKcTWrs',14,'2023-06-26 23:58:46','2023-07-02 19:58:46'),(15,'#10000015',8,'1','default','pending',130.00,0.00,0.00,NULL,NULL,0.00,130.00,1,NULL,1,NULL,'hPaLTZmTX7EU4RjLEO1WNHP7RpnEZ',15,'2023-06-30 19:58:46','2023-07-02 19:58:46'),(16,'#10000016',5,'1','default','completed',106.00,0.00,0.00,NULL,NULL,0.00,106.00,1,NULL,1,'2023-07-02 19:58:46','618P8qu8VFKYNijSr5De2Bh1ET9pJ',16,'2023-07-01 13:58:46','2023-07-02 19:58:46'),(17,'#10000017',1,'1','default','completed',285.00,0.00,0.00,NULL,NULL,0.00,285.00,1,NULL,1,'2023-07-02 19:58:46','Cl89m8Bw1UZ5ujF0ldMuOW5pvuq6E',17,'2023-07-01 03:58:46','2023-07-02 19:58:46'),(18,'#10000018',8,'1','default','completed',253.00,0.00,0.00,NULL,NULL,0.00,253.00,1,NULL,1,'2023-07-02 19:58:46','qWlMYjh6m4qfLOpB8w9dO0Q8NaDu4',18,'2023-07-01 07:58:46','2023-07-02 19:58:46'),(19,'#10000019',4,'1','default','completed',350.00,0.00,0.00,NULL,NULL,0.00,350.00,1,NULL,1,'2023-07-02 19:58:46','H0pVE1WyVuXHEICnKPNjppdMJs6GY',19,'2023-07-02 07:58:46','2023-07-02 19:58:46'),(20,'#10000020',8,'1','default','pending',89.00,0.00,0.00,NULL,NULL,0.00,89.00,1,NULL,1,NULL,'dLmWNCuDWVnNaG94KVyNdQWOJAfYM',20,'2023-07-02 17:58:46','2023-07-02 19:58:46');
/*!40000 ALTER TABLE `ec_orders` ENABLE KEYS */;
UNLOCK TABLES;

--
-- Table structure for table `ec_product_attribute_sets`
--

DROP TABLE IF EXISTS `ec_product_attribute_sets`;
/*!40101 SET @saved_cs_client     = @@character_set_client */;
/*!50503 SET character_set_client = utf8mb4 */;
CREATE TABLE `ec_product_attribute_sets` (
  `id` bigint unsigned NOT NULL AUTO_INCREMENT,
  `title` varchar(120) COLLATE utf8mb4_unicode_ci NOT NULL,
  `slug` varchar(120) COLLATE utf8mb4_unicode_ci DEFAULT NULL,
  `display_layout` varchar(191) COLLATE utf8mb4_unicode_ci NOT NULL DEFAULT 'swatch_dropdown',
  `is_searchable` tinyint unsigned NOT NULL DEFAULT '1',
  `is_comparable` tinyint unsigned NOT NULL DEFAULT '1',
  `is_use_in_product_listing` tinyint unsigned NOT NULL DEFAULT '0',
  `status` varchar(60) COLLATE utf8mb4_unicode_ci NOT NULL DEFAULT 'published',
  `order` tinyint unsigned NOT NULL DEFAULT '0',
  `created_at` timestamp NULL DEFAULT NULL,
  `updated_at` timestamp NULL DEFAULT NULL,
  `use_image_from_product_variation` tinyint unsigned NOT NULL DEFAULT '0',
  PRIMARY KEY (`id`)
) ENGINE=InnoDB AUTO_INCREMENT=3 DEFAULT CHARSET=utf8mb4 COLLATE=utf8mb4_unicode_ci;
/*!40101 SET character_set_client = @saved_cs_client */;

--
-- Dumping data for table `ec_product_attribute_sets`
--

LOCK TABLES `ec_product_attribute_sets` WRITE;
/*!40000 ALTER TABLE `ec_product_attribute_sets` DISABLE KEYS */;
INSERT INTO `ec_product_attribute_sets` VALUES (1,'Color','color','visual',1,1,1,'published',0,'2023-07-02 19:58:45','2023-07-02 19:58:45',0),(2,'Weight','weight','text',1,1,1,'published',0,'2023-07-02 19:58:45','2023-07-02 19:58:45',0);
/*!40000 ALTER TABLE `ec_product_attribute_sets` ENABLE KEYS */;
UNLOCK TABLES;

--
-- Table structure for table `ec_product_attribute_sets_translations`
--

DROP TABLE IF EXISTS `ec_product_attribute_sets_translations`;
/*!40101 SET @saved_cs_client     = @@character_set_client */;
/*!50503 SET character_set_client = utf8mb4 */;
CREATE TABLE `ec_product_attribute_sets_translations` (
  `lang_code` varchar(191) COLLATE utf8mb4_unicode_ci NOT NULL,
  `ec_product_attribute_sets_id` bigint unsigned NOT NULL,
  `title` varchar(191) COLLATE utf8mb4_unicode_ci DEFAULT NULL,
  PRIMARY KEY (`lang_code`,`ec_product_attribute_sets_id`)
) ENGINE=InnoDB DEFAULT CHARSET=utf8mb4 COLLATE=utf8mb4_unicode_ci;
/*!40101 SET character_set_client = @saved_cs_client */;

--
-- Dumping data for table `ec_product_attribute_sets_translations`
--

LOCK TABLES `ec_product_attribute_sets_translations` WRITE;
/*!40000 ALTER TABLE `ec_product_attribute_sets_translations` DISABLE KEYS */;
INSERT INTO `ec_product_attribute_sets_translations` VALUES ('vi',1,'Màu sắc'),('vi',2,'Kích thước');
/*!40000 ALTER TABLE `ec_product_attribute_sets_translations` ENABLE KEYS */;
UNLOCK TABLES;

--
-- Table structure for table `ec_product_attributes`
--

DROP TABLE IF EXISTS `ec_product_attributes`;
/*!40101 SET @saved_cs_client     = @@character_set_client */;
/*!50503 SET character_set_client = utf8mb4 */;
CREATE TABLE `ec_product_attributes` (
  `id` bigint unsigned NOT NULL AUTO_INCREMENT,
  `attribute_set_id` bigint unsigned NOT NULL,
  `title` varchar(120) COLLATE utf8mb4_unicode_ci NOT NULL,
  `slug` varchar(120) COLLATE utf8mb4_unicode_ci DEFAULT NULL,
  `color` varchar(50) COLLATE utf8mb4_unicode_ci DEFAULT NULL,
  `image` varchar(191) COLLATE utf8mb4_unicode_ci DEFAULT NULL,
  `is_default` tinyint unsigned NOT NULL DEFAULT '0',
  `order` tinyint unsigned NOT NULL DEFAULT '0',
  `status` varchar(60) COLLATE utf8mb4_unicode_ci NOT NULL DEFAULT 'published',
  `created_at` timestamp NULL DEFAULT NULL,
  `updated_at` timestamp NULL DEFAULT NULL,
  PRIMARY KEY (`id`),
  KEY `ec_product_attributes_attribute_set_id_status_index` (`attribute_set_id`,`status`)
) ENGINE=InnoDB AUTO_INCREMENT=11 DEFAULT CHARSET=utf8mb4 COLLATE=utf8mb4_unicode_ci;
/*!40101 SET character_set_client = @saved_cs_client */;

--
-- Dumping data for table `ec_product_attributes`
--

LOCK TABLES `ec_product_attributes` WRITE;
/*!40000 ALTER TABLE `ec_product_attributes` DISABLE KEYS */;
INSERT INTO `ec_product_attributes` VALUES (1,1,'Green','green','#5FB7D4',NULL,1,1,'published','2023-07-02 19:58:45','2023-07-02 19:58:45'),(2,1,'Blue','blue','#333333',NULL,0,2,'published','2023-07-02 19:58:45','2023-07-02 19:58:45'),(3,1,'Red','red','#DA323F',NULL,0,3,'published','2023-07-02 19:58:45','2023-07-02 19:58:45'),(4,1,'Black','back','#2F366C',NULL,0,4,'published','2023-07-02 19:58:45','2023-07-02 19:58:45'),(5,1,'Brown','brown','#87554B',NULL,0,5,'published','2023-07-02 19:58:45','2023-07-02 19:58:45'),(6,2,'1KG','1kg',NULL,NULL,1,1,'published','2023-07-02 19:58:45','2023-07-02 19:58:45'),(7,2,'2KG','2kg',NULL,NULL,0,2,'published','2023-07-02 19:58:45','2023-07-02 19:58:45'),(8,2,'3KG','3kg',NULL,NULL,0,3,'published','2023-07-02 19:58:45','2023-07-02 19:58:45'),(9,2,'4KG','4kg',NULL,NULL,0,4,'published','2023-07-02 19:58:45','2023-07-02 19:58:45'),(10,2,'5KG','5kg',NULL,NULL,0,5,'published','2023-07-02 19:58:45','2023-07-02 19:58:45');
/*!40000 ALTER TABLE `ec_product_attributes` ENABLE KEYS */;
UNLOCK TABLES;

--
-- Table structure for table `ec_product_attributes_translations`
--

DROP TABLE IF EXISTS `ec_product_attributes_translations`;
/*!40101 SET @saved_cs_client     = @@character_set_client */;
/*!50503 SET character_set_client = utf8mb4 */;
CREATE TABLE `ec_product_attributes_translations` (
  `lang_code` varchar(191) COLLATE utf8mb4_unicode_ci NOT NULL,
  `ec_product_attributes_id` bigint unsigned NOT NULL,
  `title` varchar(191) COLLATE utf8mb4_unicode_ci DEFAULT NULL,
  PRIMARY KEY (`lang_code`,`ec_product_attributes_id`)
) ENGINE=InnoDB DEFAULT CHARSET=utf8mb4 COLLATE=utf8mb4_unicode_ci;
/*!40101 SET character_set_client = @saved_cs_client */;

--
-- Dumping data for table `ec_product_attributes_translations`
--

LOCK TABLES `ec_product_attributes_translations` WRITE;
/*!40000 ALTER TABLE `ec_product_attributes_translations` DISABLE KEYS */;
INSERT INTO `ec_product_attributes_translations` VALUES ('vi',1,'Xanh lá cây'),('vi',2,'Xanh da trời'),('vi',3,'Đỏ'),('vi',4,'Đen'),('vi',5,'Nâu'),('vi',6,'1KG'),('vi',7,'2KG'),('vi',8,'3KG'),('vi',9,'4KG'),('vi',10,'5KG');
/*!40000 ALTER TABLE `ec_product_attributes_translations` ENABLE KEYS */;
UNLOCK TABLES;

--
-- Table structure for table `ec_product_categories`
--

DROP TABLE IF EXISTS `ec_product_categories`;
/*!40101 SET @saved_cs_client     = @@character_set_client */;
/*!50503 SET character_set_client = utf8mb4 */;
CREATE TABLE `ec_product_categories` (
  `id` bigint unsigned NOT NULL AUTO_INCREMENT,
  `name` varchar(191) COLLATE utf8mb4_unicode_ci NOT NULL,
  `parent_id` bigint unsigned NOT NULL DEFAULT '0',
  `description` mediumtext COLLATE utf8mb4_unicode_ci,
  `status` varchar(60) COLLATE utf8mb4_unicode_ci NOT NULL DEFAULT 'published',
  `order` int unsigned NOT NULL DEFAULT '0',
  `image` varchar(255) COLLATE utf8mb4_unicode_ci DEFAULT NULL,
  `is_featured` tinyint unsigned NOT NULL DEFAULT '0',
  `created_at` timestamp NULL DEFAULT NULL,
  `updated_at` timestamp NULL DEFAULT NULL,
  PRIMARY KEY (`id`),
  KEY `ec_product_categories_parent_id_status_created_at_index` (`parent_id`,`status`,`created_at`),
  KEY `ec_product_categories_parent_id_status_index` (`parent_id`,`status`)
) ENGINE=InnoDB AUTO_INCREMENT=5 DEFAULT CHARSET=utf8mb4 COLLATE=utf8mb4_unicode_ci;
/*!40101 SET character_set_client = @saved_cs_client */;

--
-- Dumping data for table `ec_product_categories`
--

LOCK TABLES `ec_product_categories` WRITE;
/*!40000 ALTER TABLE `ec_product_categories` DISABLE KEYS */;
INSERT INTO `ec_product_categories` VALUES (1,'Starters',0,'English, who wanted leaders, and had just begun to repeat it, but her voice sounded hoarse and strange, and the poor little thing sobbed again (or grunted, it was written to nobody, which isn\'t.','published',0,'product-categories/1.png',1,'2023-07-02 19:58:41','2023-07-02 19:58:41'),(2,'Main dishes',0,'King: \'however, it may kiss my hand if it had VERY long claws and a sad tale!\' said the Lory, with a whiting. Now you know.\' \'I don\'t know where Dinn may be,\' said the Pigeon in a natural way. \'I.','published',1,'product-categories/2.png',0,'2023-07-02 19:58:41','2023-07-02 19:58:41'),(3,'Drinks',0,'WAS a narrow escape!\' said Alice, and she heard the Rabbit coming to look for her, and she tried the little glass table. \'Now, I\'ll manage better this time,\' she said to the company generally, \'You.','published',2,'product-categories/3.png',0,'2023-07-02 19:58:41','2023-07-02 19:58:41'),(4,'Desserts',0,'Alice thought decidedly uncivil. \'But perhaps he can\'t help that,\' said Alice. \'Nothing WHATEVER?\' persisted the King. The White Rabbit interrupted: \'UNimportant, your Majesty means, of course,\' the.','published',3,'product-categories/4.png',1,'2023-07-02 19:58:41','2023-07-02 19:58:41');
/*!40000 ALTER TABLE `ec_product_categories` ENABLE KEYS */;
UNLOCK TABLES;

--
-- Table structure for table `ec_product_categories_translations`
--

DROP TABLE IF EXISTS `ec_product_categories_translations`;
/*!40101 SET @saved_cs_client     = @@character_set_client */;
/*!50503 SET character_set_client = utf8mb4 */;
CREATE TABLE `ec_product_categories_translations` (
  `lang_code` varchar(191) COLLATE utf8mb4_unicode_ci NOT NULL,
  `ec_product_categories_id` bigint unsigned NOT NULL,
  `name` varchar(191) COLLATE utf8mb4_unicode_ci DEFAULT NULL,
  `description` text COLLATE utf8mb4_unicode_ci,
  PRIMARY KEY (`lang_code`,`ec_product_categories_id`)
) ENGINE=InnoDB DEFAULT CHARSET=utf8mb4 COLLATE=utf8mb4_unicode_ci;
/*!40101 SET character_set_client = @saved_cs_client */;

--
-- Dumping data for table `ec_product_categories_translations`
--

LOCK TABLES `ec_product_categories_translations` WRITE;
/*!40000 ALTER TABLE `ec_product_categories_translations` DISABLE KEYS */;
/*!40000 ALTER TABLE `ec_product_categories_translations` ENABLE KEYS */;
UNLOCK TABLES;

--
-- Table structure for table `ec_product_categorizables`
--

DROP TABLE IF EXISTS `ec_product_categorizables`;
/*!40101 SET @saved_cs_client     = @@character_set_client */;
/*!50503 SET character_set_client = utf8mb4 */;
CREATE TABLE `ec_product_categorizables` (
  `category_id` bigint unsigned NOT NULL,
  `reference_id` bigint unsigned NOT NULL,
  `reference_type` varchar(120) COLLATE utf8mb4_unicode_ci NOT NULL,
  PRIMARY KEY (`category_id`,`reference_id`,`reference_type`),
  KEY `ec_product_categorizables_category_id_index` (`category_id`),
  KEY `ec_product_categorizables_reference_id_index` (`reference_id`),
  KEY `ec_product_categorizables_reference_type_index` (`reference_type`)
) ENGINE=InnoDB DEFAULT CHARSET=utf8mb4 COLLATE=utf8mb4_unicode_ci;
/*!40101 SET character_set_client = @saved_cs_client */;

--
-- Dumping data for table `ec_product_categorizables`
--

LOCK TABLES `ec_product_categorizables` WRITE;
/*!40000 ALTER TABLE `ec_product_categorizables` DISABLE KEYS */;
/*!40000 ALTER TABLE `ec_product_categorizables` ENABLE KEYS */;
UNLOCK TABLES;

--
-- Table structure for table `ec_product_category_product`
--

DROP TABLE IF EXISTS `ec_product_category_product`;
/*!40101 SET @saved_cs_client     = @@character_set_client */;
/*!50503 SET character_set_client = utf8mb4 */;
CREATE TABLE `ec_product_category_product` (
  `category_id` bigint unsigned NOT NULL,
  `product_id` bigint unsigned NOT NULL,
  PRIMARY KEY (`product_id`,`category_id`),
  KEY `ec_product_category_product_category_id_index` (`category_id`),
  KEY `ec_product_category_product_product_id_index` (`product_id`)
) ENGINE=InnoDB DEFAULT CHARSET=utf8mb4 COLLATE=utf8mb4_unicode_ci;
/*!40101 SET character_set_client = @saved_cs_client */;

--
-- Dumping data for table `ec_product_category_product`
--

LOCK TABLES `ec_product_category_product` WRITE;
/*!40000 ALTER TABLE `ec_product_category_product` DISABLE KEYS */;
INSERT INTO `ec_product_category_product` VALUES (1,12),(1,20),(1,37),(1,39),(1,40),(2,7),(2,8),(2,11),(2,17),(2,31),(3,14),(3,21),(4,3),(4,7),(4,17),(4,33),(6,13),(6,24),(6,30),(7,2),(7,7),(7,38),(8,2),(8,4),(8,9),(8,25),(9,3),(9,32),(10,5),(10,16),(10,18),(10,21),(10,22),(10,29),(10,30),(11,2),(11,3),(11,14),(11,21),(11,25),(11,32),(11,41),(12,26),(13,10),(13,11),(14,10),(14,27),(14,28),(14,32),(14,33),(15,28),(15,34),(15,37),(16,9),(16,12),(16,15),(16,20),(16,34),(16,35),(16,41),(17,8),(17,12),(17,26),(17,34),(17,37),(18,15),(18,20),(18,32),(19,1),(19,22),(20,14),(20,21),(20,24),(20,29),(20,39),(21,6),(21,23),(21,40),(22,6),(22,7),(22,11),(22,16),(23,1),(23,10),(23,15),(23,27),(23,33),(24,13),(24,37),(24,40),(25,1),(25,2),(25,18),(25,19),(25,22),(25,28),(25,31),(25,36),(25,38),(25,41),(26,9),(26,17),(26,24),(26,25),(27,4),(27,8),(27,19),(28,6),(28,8),(28,13),(28,19),(28,23),(28,27),(28,31),(28,36),(28,38),(29,3),(29,14),(29,23),(29,26),(29,35),(30,4),(30,5),(31,1),(31,9),(31,15),(31,17),(31,18),(31,28),(31,29),(31,40),(32,4),(32,5),(32,12),(32,26),(32,35),(33,6),(33,36),(34,19),(34,22),(34,24),(34,25),(34,33),(35,5),(35,16),(35,27),(35,30),(35,34),(35,36),(35,39),(35,41),(36,10),(36,20),(36,31),(36,35),(36,38),(37,11),(37,29),(37,30),(37,39);
/*!40000 ALTER TABLE `ec_product_category_product` ENABLE KEYS */;
UNLOCK TABLES;

--
-- Table structure for table `ec_product_collection_products`
--

DROP TABLE IF EXISTS `ec_product_collection_products`;
/*!40101 SET @saved_cs_client     = @@character_set_client */;
/*!50503 SET character_set_client = utf8mb4 */;
CREATE TABLE `ec_product_collection_products` (
  `product_collection_id` bigint unsigned NOT NULL,
  `product_id` bigint unsigned NOT NULL,
  PRIMARY KEY (`product_id`,`product_collection_id`),
  KEY `ec_product_collection_products_product_collection_id_index` (`product_collection_id`),
  KEY `ec_product_collection_products_product_id_index` (`product_id`)
) ENGINE=InnoDB DEFAULT CHARSET=utf8mb4 COLLATE=utf8mb4_unicode_ci;
/*!40101 SET character_set_client = @saved_cs_client */;

--
-- Dumping data for table `ec_product_collection_products`
--

LOCK TABLES `ec_product_collection_products` WRITE;
/*!40000 ALTER TABLE `ec_product_collection_products` DISABLE KEYS */;
INSERT INTO `ec_product_collection_products` VALUES (1,3),(1,9),(1,12),(1,13),(1,16),(1,19),(1,31),(1,38),(1,39),(1,41),(2,8),(2,11),(2,22),(2,23),(2,25),(2,30),(2,33),(2,34),(2,35),(2,36),(2,37),(3,1),(3,2),(3,4),(3,5),(3,6),(3,7),(3,10),(3,14),(3,15),(3,17),(3,18),(3,20),(3,21),(3,24),(3,26),(3,27),(3,28),(3,29),(3,32),(3,40);
/*!40000 ALTER TABLE `ec_product_collection_products` ENABLE KEYS */;
UNLOCK TABLES;

--
-- Table structure for table `ec_product_collections`
--

DROP TABLE IF EXISTS `ec_product_collections`;
/*!40101 SET @saved_cs_client     = @@character_set_client */;
/*!50503 SET character_set_client = utf8mb4 */;
CREATE TABLE `ec_product_collections` (
  `id` bigint unsigned NOT NULL AUTO_INCREMENT,
  `name` varchar(191) COLLATE utf8mb4_unicode_ci NOT NULL,
  `slug` varchar(191) COLLATE utf8mb4_unicode_ci NOT NULL,
  `description` varchar(400) COLLATE utf8mb4_unicode_ci DEFAULT NULL,
  `image` varchar(255) COLLATE utf8mb4_unicode_ci DEFAULT NULL,
  `status` varchar(60) COLLATE utf8mb4_unicode_ci NOT NULL DEFAULT 'published',
  `created_at` timestamp NULL DEFAULT NULL,
  `updated_at` timestamp NULL DEFAULT NULL,
  `is_featured` tinyint unsigned NOT NULL DEFAULT '0',
  PRIMARY KEY (`id`)
) ENGINE=InnoDB AUTO_INCREMENT=4 DEFAULT CHARSET=utf8mb4 COLLATE=utf8mb4_unicode_ci;
/*!40101 SET character_set_client = @saved_cs_client */;

--
-- Dumping data for table `ec_product_collections`
--

LOCK TABLES `ec_product_collections` WRITE;
/*!40000 ALTER TABLE `ec_product_collections` DISABLE KEYS */;
INSERT INTO `ec_product_collections` VALUES (1,'New Arrival','new-arrival',NULL,NULL,'published','2023-07-02 19:58:41','2023-07-02 19:58:41',0),(2,'Best Sellers','best-sellers',NULL,NULL,'published','2023-07-02 19:58:41','2023-07-02 19:58:41',0),(3,'Special Offer','special-offer',NULL,NULL,'published','2023-07-02 19:58:41','2023-07-02 19:58:41',0);
/*!40000 ALTER TABLE `ec_product_collections` ENABLE KEYS */;
UNLOCK TABLES;

--
-- Table structure for table `ec_product_collections_translations`
--

DROP TABLE IF EXISTS `ec_product_collections_translations`;
/*!40101 SET @saved_cs_client     = @@character_set_client */;
/*!50503 SET character_set_client = utf8mb4 */;
CREATE TABLE `ec_product_collections_translations` (
  `lang_code` varchar(191) COLLATE utf8mb4_unicode_ci NOT NULL,
  `ec_product_collections_id` bigint unsigned NOT NULL,
  `name` varchar(191) COLLATE utf8mb4_unicode_ci DEFAULT NULL,
  `description` varchar(191) COLLATE utf8mb4_unicode_ci DEFAULT NULL,
  PRIMARY KEY (`lang_code`,`ec_product_collections_id`)
) ENGINE=InnoDB DEFAULT CHARSET=utf8mb4 COLLATE=utf8mb4_unicode_ci;
/*!40101 SET character_set_client = @saved_cs_client */;

--
-- Dumping data for table `ec_product_collections_translations`
--

LOCK TABLES `ec_product_collections_translations` WRITE;
/*!40000 ALTER TABLE `ec_product_collections_translations` DISABLE KEYS */;
INSERT INTO `ec_product_collections_translations` VALUES ('vi',1,'Hàng mới về',NULL),('vi',2,'Bán chạy nhất',NULL),('vi',3,'Khuyến mãi đặc biệt',NULL);
/*!40000 ALTER TABLE `ec_product_collections_translations` ENABLE KEYS */;
UNLOCK TABLES;

--
-- Table structure for table `ec_product_cross_sale_relations`
--

DROP TABLE IF EXISTS `ec_product_cross_sale_relations`;
/*!40101 SET @saved_cs_client     = @@character_set_client */;
/*!50503 SET character_set_client = utf8mb4 */;
CREATE TABLE `ec_product_cross_sale_relations` (
  `from_product_id` bigint unsigned NOT NULL,
  `to_product_id` bigint unsigned NOT NULL,
  PRIMARY KEY (`from_product_id`,`to_product_id`),
  KEY `ec_product_cross_sale_relations_from_product_id_index` (`from_product_id`),
  KEY `ec_product_cross_sale_relations_to_product_id_index` (`to_product_id`)
) ENGINE=InnoDB DEFAULT CHARSET=utf8mb4 COLLATE=utf8mb4_unicode_ci;
/*!40101 SET character_set_client = @saved_cs_client */;

--
-- Dumping data for table `ec_product_cross_sale_relations`
--

LOCK TABLES `ec_product_cross_sale_relations` WRITE;
/*!40000 ALTER TABLE `ec_product_cross_sale_relations` DISABLE KEYS */;
INSERT INTO `ec_product_cross_sale_relations` VALUES (1,2),(1,6),(1,7),(1,13),(1,17),(1,20),(2,1),(2,4),(2,5),(2,11),(2,12),(2,20),(3,2),(3,10),(3,11),(3,14),(3,19),(4,3),(4,7),(4,8),(4,10),(4,12),(4,17),(4,20),(5,1),(5,3),(5,4),(5,6),(5,15),(5,17),(5,18),(6,1),(6,5),(6,13),(6,16),(6,20),(7,1),(7,3),(7,5),(7,13),(7,18),(7,19),(8,1),(8,5),(8,7),(8,11),(8,17),(8,19),(9,4),(9,5),(9,11),(9,12),(9,19),(10,4),(10,5),(10,6),(10,9),(10,12),(10,15),(10,17),(11,6),(11,8),(11,10),(11,14),(11,16),(12,2),(12,6),(12,7),(12,14),(12,16),(12,17),(12,18),(13,3),(13,7),(13,9),(13,10),(13,15),(13,20),(14,2),(14,5),(14,9),(14,10),(15,1),(15,2),(15,10),(15,14),(16,9),(16,10),(16,13),(16,15),(16,17),(16,18),(17,7),(17,10),(17,11),(17,13),(17,16),(18,2),(18,5),(18,7),(18,10),(18,13),(18,15),(18,17),(19,3),(19,6),(19,7),(19,8),(19,11),(19,14),(19,18),(20,2),(20,5),(20,9),(20,14),(20,16),(20,18),(20,19),(21,1),(21,12),(21,13),(21,14),(21,18),(22,2),(22,3),(22,5),(22,6),(22,8),(22,9),(22,17),(23,5),(23,6),(23,16),(23,17),(23,18),(24,3),(24,7),(24,9),(24,10),(24,12),(24,13),(25,3),(25,6),(25,9),(25,10),(25,12),(25,17),(26,3),(26,5),(26,8),(26,18),(26,19),(27,2),(27,3),(27,5),(27,7),(27,12),(27,15),(27,19),(28,2),(28,5),(28,6),(28,9),(28,15),(29,1),(29,3),(29,5),(29,10),(29,11),(29,17),(29,19),(30,2),(30,8),(30,11),(30,12),(30,17),(31,2),(31,4),(31,10),(31,11),(31,13),(31,14),(31,18),(32,6),(32,7),(32,11),(32,15),(32,16),(32,19),(33,1),(33,5),(33,7),(33,11),(33,13),(33,15),(34,5),(34,6),(34,8),(34,11),(34,12),(34,13),(34,16),(35,1),(35,4),(35,7),(35,10),(35,11),(35,18),(35,19),(36,7),(36,8),(36,10),(36,11),(36,15),(36,19),(37,1),(37,3),(37,8),(37,10),(37,11),(37,16),(37,18),(38,1),(38,4),(38,8),(38,12),(38,16),(38,18),(39,8),(39,12),(39,13),(39,14),(39,19),(40,5),(40,7),(40,9),(40,12),(40,13),(40,19),(41,3),(41,8),(41,11),(41,12),(41,13),(41,14),(41,15);
/*!40000 ALTER TABLE `ec_product_cross_sale_relations` ENABLE KEYS */;
UNLOCK TABLES;

--
-- Table structure for table `ec_product_files`
--

DROP TABLE IF EXISTS `ec_product_files`;
/*!40101 SET @saved_cs_client     = @@character_set_client */;
/*!50503 SET character_set_client = utf8mb4 */;
CREATE TABLE `ec_product_files` (
  `id` bigint unsigned NOT NULL AUTO_INCREMENT,
  `product_id` bigint unsigned DEFAULT NULL,
  `url` varchar(400) COLLATE utf8mb4_unicode_ci DEFAULT NULL,
  `extras` mediumtext COLLATE utf8mb4_unicode_ci,
  `created_at` timestamp NULL DEFAULT NULL,
  `updated_at` timestamp NULL DEFAULT NULL,
  PRIMARY KEY (`id`),
  KEY `ec_product_files_product_id_index` (`product_id`)
) ENGINE=InnoDB DEFAULT CHARSET=utf8mb4 COLLATE=utf8mb4_unicode_ci;
/*!40101 SET character_set_client = @saved_cs_client */;

--
-- Dumping data for table `ec_product_files`
--

LOCK TABLES `ec_product_files` WRITE;
/*!40000 ALTER TABLE `ec_product_files` DISABLE KEYS */;
/*!40000 ALTER TABLE `ec_product_files` ENABLE KEYS */;
UNLOCK TABLES;

--
-- Table structure for table `ec_product_label_products`
--

DROP TABLE IF EXISTS `ec_product_label_products`;
/*!40101 SET @saved_cs_client     = @@character_set_client */;
/*!50503 SET character_set_client = utf8mb4 */;
CREATE TABLE `ec_product_label_products` (
  `product_label_id` bigint unsigned NOT NULL,
  `product_id` bigint unsigned NOT NULL,
  PRIMARY KEY (`product_label_id`,`product_id`),
  KEY `ec_product_label_products_product_label_id_index` (`product_label_id`),
  KEY `ec_product_label_products_product_id_index` (`product_id`)
) ENGINE=InnoDB DEFAULT CHARSET=utf8mb4 COLLATE=utf8mb4_unicode_ci;
/*!40101 SET character_set_client = @saved_cs_client */;

--
-- Dumping data for table `ec_product_label_products`
--

LOCK TABLES `ec_product_label_products` WRITE;
/*!40000 ALTER TABLE `ec_product_label_products` DISABLE KEYS */;
INSERT INTO `ec_product_label_products` VALUES (1,3),(1,21),(2,6),(2,15),(2,24),(2,27),(2,30),(2,36),(2,39),(3,9),(3,12),(3,18),(3,33);
/*!40000 ALTER TABLE `ec_product_label_products` ENABLE KEYS */;
UNLOCK TABLES;

--
-- Table structure for table `ec_product_labels`
--

DROP TABLE IF EXISTS `ec_product_labels`;
/*!40101 SET @saved_cs_client     = @@character_set_client */;
/*!50503 SET character_set_client = utf8mb4 */;
CREATE TABLE `ec_product_labels` (
  `id` bigint unsigned NOT NULL AUTO_INCREMENT,
  `name` varchar(255) COLLATE utf8mb4_unicode_ci NOT NULL,
  `color` varchar(120) COLLATE utf8mb4_unicode_ci DEFAULT NULL,
  `status` varchar(60) COLLATE utf8mb4_unicode_ci NOT NULL DEFAULT 'published',
  `created_at` timestamp NULL DEFAULT NULL,
  `updated_at` timestamp NULL DEFAULT NULL,
  PRIMARY KEY (`id`)
) ENGINE=InnoDB AUTO_INCREMENT=4 DEFAULT CHARSET=utf8mb4 COLLATE=utf8mb4_unicode_ci;
/*!40101 SET character_set_client = @saved_cs_client */;

--
-- Dumping data for table `ec_product_labels`
--

LOCK TABLES `ec_product_labels` WRITE;
/*!40000 ALTER TABLE `ec_product_labels` DISABLE KEYS */;
INSERT INTO `ec_product_labels` VALUES (1,'Hot','#ec2434','published','2023-07-02 19:58:42','2023-07-02 19:58:42'),(2,'New','#00c9a7','published','2023-07-02 19:58:42','2023-07-02 19:58:42'),(3,'Sale','#fe9931','published','2023-07-02 19:58:42','2023-07-02 19:58:42');
/*!40000 ALTER TABLE `ec_product_labels` ENABLE KEYS */;
UNLOCK TABLES;

--
-- Table structure for table `ec_product_labels_translations`
--

DROP TABLE IF EXISTS `ec_product_labels_translations`;
/*!40101 SET @saved_cs_client     = @@character_set_client */;
/*!50503 SET character_set_client = utf8mb4 */;
CREATE TABLE `ec_product_labels_translations` (
  `lang_code` varchar(191) COLLATE utf8mb4_unicode_ci NOT NULL,
  `ec_product_labels_id` bigint unsigned NOT NULL,
  `name` varchar(191) COLLATE utf8mb4_unicode_ci DEFAULT NULL,
  `description` varchar(191) COLLATE utf8mb4_unicode_ci DEFAULT NULL,
  PRIMARY KEY (`lang_code`,`ec_product_labels_id`)
) ENGINE=InnoDB DEFAULT CHARSET=utf8mb4 COLLATE=utf8mb4_unicode_ci;
/*!40101 SET character_set_client = @saved_cs_client */;

--
-- Dumping data for table `ec_product_labels_translations`
--

LOCK TABLES `ec_product_labels_translations` WRITE;
/*!40000 ALTER TABLE `ec_product_labels_translations` DISABLE KEYS */;
INSERT INTO `ec_product_labels_translations` VALUES ('vi',1,'Nổi bật',NULL),('vi',2,'Mới',NULL),('vi',3,'Giảm giá',NULL);
/*!40000 ALTER TABLE `ec_product_labels_translations` ENABLE KEYS */;
UNLOCK TABLES;

--
-- Table structure for table `ec_product_related_relations`
--

DROP TABLE IF EXISTS `ec_product_related_relations`;
/*!40101 SET @saved_cs_client     = @@character_set_client */;
/*!50503 SET character_set_client = utf8mb4 */;
CREATE TABLE `ec_product_related_relations` (
  `from_product_id` bigint unsigned NOT NULL,
  `to_product_id` bigint unsigned NOT NULL,
  PRIMARY KEY (`from_product_id`,`to_product_id`),
  KEY `ec_product_related_relations_from_product_id_index` (`from_product_id`),
  KEY `ec_product_related_relations_to_product_id_index` (`to_product_id`)
) ENGINE=InnoDB DEFAULT CHARSET=utf8mb4 COLLATE=utf8mb4_unicode_ci;
/*!40101 SET character_set_client = @saved_cs_client */;

--
-- Dumping data for table `ec_product_related_relations`
--

LOCK TABLES `ec_product_related_relations` WRITE;
/*!40000 ALTER TABLE `ec_product_related_relations` DISABLE KEYS */;
/*!40000 ALTER TABLE `ec_product_related_relations` ENABLE KEYS */;
UNLOCK TABLES;

--
-- Table structure for table `ec_product_tag_product`
--

DROP TABLE IF EXISTS `ec_product_tag_product`;
/*!40101 SET @saved_cs_client     = @@character_set_client */;
/*!50503 SET character_set_client = utf8mb4 */;
CREATE TABLE `ec_product_tag_product` (
  `product_id` bigint unsigned NOT NULL,
  `tag_id` bigint unsigned NOT NULL,
  PRIMARY KEY (`product_id`,`tag_id`),
  KEY `ec_product_tag_product_product_id_index` (`product_id`),
  KEY `ec_product_tag_product_tag_id_index` (`tag_id`)
) ENGINE=InnoDB DEFAULT CHARSET=utf8mb4 COLLATE=utf8mb4_unicode_ci;
/*!40101 SET character_set_client = @saved_cs_client */;

--
-- Dumping data for table `ec_product_tag_product`
--

LOCK TABLES `ec_product_tag_product` WRITE;
/*!40000 ALTER TABLE `ec_product_tag_product` DISABLE KEYS */;
INSERT INTO `ec_product_tag_product` VALUES (1,1),(1,3),(1,4),(2,2),(2,5),(3,2),(3,4),(4,1),(4,4),(4,6),(5,1),(5,2),(5,4),(6,1),(6,3),(7,5),(7,6),(8,5),(8,6),(9,2),(9,3),(10,3),(10,5),(11,1),(11,2),(11,3),(12,3),(12,6),(13,1),(13,4),(13,6),(14,2),(14,4),(14,5),(15,1),(15,2),(15,5),(16,1),(16,3),(16,4),(17,3),(17,6),(18,1),(18,2),(18,3),(19,1),(19,2),(19,3),(20,1),(20,5),(20,6),(21,1),(21,2),(22,1),(22,5),(23,2),(23,4),(23,5),(24,2),(24,3),(24,6),(25,1),(25,5),(26,4),(26,6),(27,3),(27,6),(28,2),(28,5),(28,6),(29,1),(29,3),(29,4),(30,2),(30,4),(30,6),(31,2),(31,4),(31,6),(32,4),(32,6),(33,4),(33,5),(33,6),(34,1),(34,5),(34,6),(35,1),(35,4),(35,5),(36,1),(36,3),(36,6),(37,3),(37,6),(38,2),(38,3),(38,5),(39,2),(39,4),(40,2),(40,3),(40,5),(41,3),(41,4);
/*!40000 ALTER TABLE `ec_product_tag_product` ENABLE KEYS */;
UNLOCK TABLES;

--
-- Table structure for table `ec_product_tags`
--

DROP TABLE IF EXISTS `ec_product_tags`;
/*!40101 SET @saved_cs_client     = @@character_set_client */;
/*!50503 SET character_set_client = utf8mb4 */;
CREATE TABLE `ec_product_tags` (
  `id` bigint unsigned NOT NULL AUTO_INCREMENT,
  `name` varchar(120) COLLATE utf8mb4_unicode_ci NOT NULL,
  `description` varchar(400) COLLATE utf8mb4_unicode_ci DEFAULT NULL,
  `status` varchar(60) COLLATE utf8mb4_unicode_ci NOT NULL DEFAULT 'published',
  `created_at` timestamp NULL DEFAULT NULL,
  `updated_at` timestamp NULL DEFAULT NULL,
  PRIMARY KEY (`id`)
) ENGINE=InnoDB AUTO_INCREMENT=7 DEFAULT CHARSET=utf8mb4 COLLATE=utf8mb4_unicode_ci;
/*!40101 SET character_set_client = @saved_cs_client */;

--
-- Dumping data for table `ec_product_tags`
--

LOCK TABLES `ec_product_tags` WRITE;
/*!40000 ALTER TABLE `ec_product_tags` DISABLE KEYS */;
INSERT INTO `ec_product_tags` VALUES (1,'Dinner',NULL,'published','2023-07-02 19:58:46','2023-07-02 19:58:46'),(2,'Delicious',NULL,'published','2023-07-02 19:58:46','2023-07-02 19:58:46'),(3,'Breakfast',NULL,'published','2023-07-02 19:58:46','2023-07-02 19:58:46'),(4,'Chocolate',NULL,'published','2023-07-02 19:58:46','2023-07-02 19:58:46'),(5,'Vegan',NULL,'published','2023-07-02 19:58:46','2023-07-02 19:58:46'),(6,'Sweet',NULL,'published','2023-07-02 19:58:46','2023-07-02 19:58:46');
/*!40000 ALTER TABLE `ec_product_tags` ENABLE KEYS */;
UNLOCK TABLES;

--
-- Table structure for table `ec_product_tags_translations`
--

DROP TABLE IF EXISTS `ec_product_tags_translations`;
/*!40101 SET @saved_cs_client     = @@character_set_client */;
/*!50503 SET character_set_client = utf8mb4 */;
CREATE TABLE `ec_product_tags_translations` (
  `lang_code` varchar(191) COLLATE utf8mb4_unicode_ci NOT NULL,
  `ec_product_tags_id` bigint unsigned NOT NULL,
  `name` varchar(191) COLLATE utf8mb4_unicode_ci DEFAULT NULL,
  PRIMARY KEY (`lang_code`,`ec_product_tags_id`)
) ENGINE=InnoDB DEFAULT CHARSET=utf8mb4 COLLATE=utf8mb4_unicode_ci;
/*!40101 SET character_set_client = @saved_cs_client */;

--
-- Dumping data for table `ec_product_tags_translations`
--

LOCK TABLES `ec_product_tags_translations` WRITE;
/*!40000 ALTER TABLE `ec_product_tags_translations` DISABLE KEYS */;
INSERT INTO `ec_product_tags_translations` VALUES ('vi',1,'Dinner'),('vi',2,'Delicious'),('vi',3,'Breakfast'),('vi',4,'Chocolate'),('vi',5,'Vegan'),('vi',6,'Sweet');
/*!40000 ALTER TABLE `ec_product_tags_translations` ENABLE KEYS */;
UNLOCK TABLES;

--
-- Table structure for table `ec_product_up_sale_relations`
--

DROP TABLE IF EXISTS `ec_product_up_sale_relations`;
/*!40101 SET @saved_cs_client     = @@character_set_client */;
/*!50503 SET character_set_client = utf8mb4 */;
CREATE TABLE `ec_product_up_sale_relations` (
  `from_product_id` bigint unsigned NOT NULL,
  `to_product_id` bigint unsigned NOT NULL,
  PRIMARY KEY (`from_product_id`,`to_product_id`),
  KEY `ec_product_up_sale_relations_from_product_id_index` (`from_product_id`),
  KEY `ec_product_up_sale_relations_to_product_id_index` (`to_product_id`)
) ENGINE=InnoDB DEFAULT CHARSET=utf8mb4 COLLATE=utf8mb4_unicode_ci;
/*!40101 SET character_set_client = @saved_cs_client */;

--
-- Dumping data for table `ec_product_up_sale_relations`
--

LOCK TABLES `ec_product_up_sale_relations` WRITE;
/*!40000 ALTER TABLE `ec_product_up_sale_relations` DISABLE KEYS */;
/*!40000 ALTER TABLE `ec_product_up_sale_relations` ENABLE KEYS */;
UNLOCK TABLES;

--
-- Table structure for table `ec_product_variation_items`
--

DROP TABLE IF EXISTS `ec_product_variation_items`;
/*!40101 SET @saved_cs_client     = @@character_set_client */;
/*!50503 SET character_set_client = utf8mb4 */;
CREATE TABLE `ec_product_variation_items` (
  `id` bigint unsigned NOT NULL AUTO_INCREMENT,
  `attribute_id` bigint unsigned NOT NULL,
  `variation_id` bigint unsigned NOT NULL,
  PRIMARY KEY (`id`),
  KEY `ec_product_variation_items_attribute_id_variation_id_index` (`attribute_id`,`variation_id`)
) ENGINE=InnoDB AUTO_INCREMENT=185 DEFAULT CHARSET=utf8mb4 COLLATE=utf8mb4_unicode_ci;
/*!40101 SET character_set_client = @saved_cs_client */;

--
-- Dumping data for table `ec_product_variation_items`
--

LOCK TABLES `ec_product_variation_items` WRITE;
/*!40000 ALTER TABLE `ec_product_variation_items` DISABLE KEYS */;
INSERT INTO `ec_product_variation_items` VALUES (9,1,5),(27,1,14),(33,1,17),(35,1,18),(37,1,19),(41,1,21),(75,1,38),(99,1,50),(3,2,2),(11,2,6),(13,2,7),(31,2,16),(45,2,23),(49,2,25),(51,2,26),(61,2,31),(79,2,40),(85,2,43),(15,3,8),(17,3,9),(21,3,11),(29,3,15),(53,3,27),(63,3,32),(71,3,36),(81,3,41),(101,3,51),(103,3,52),(1,4,1),(7,4,4),(25,4,13),(39,4,20),(43,4,22),(57,4,29),(65,4,33),(87,4,44),(93,4,47),(95,4,48),(105,4,53),(5,5,3),(19,5,10),(23,5,12),(47,5,24),(55,5,28),(59,5,30),(67,5,34),(69,5,35),(73,5,37),(77,5,39),(83,5,42),(89,5,45),(91,5,46),(97,5,49),(107,5,54),(6,6,3),(44,6,22),(48,6,24),(58,6,29),(70,6,35),(86,6,43),(106,6,53),(2,7,1),(8,7,4),(10,7,5),(28,7,14),(40,7,20),(42,7,21),(56,7,28),(66,7,33),(76,7,38),(78,7,39),(80,7,40),(92,7,46),(100,7,50),(102,7,51),(108,7,54),(16,8,8),(22,8,11),(24,8,12),(26,8,13),(32,8,16),(34,8,17),(38,8,19),(46,8,23),(68,8,34),(74,8,37),(96,8,48),(12,9,6),(14,9,7),(18,9,9),(20,9,10),(30,9,15),(36,9,18),(64,9,32),(82,9,41),(84,9,42),(88,9,44),(90,9,45),(94,9,47),(98,9,49),(104,9,52),(4,10,2),(50,10,25),(52,10,26),(54,10,27),(60,10,30),(62,10,31),(72,10,36),(109,11,55),(113,11,57),(129,11,65),(133,11,67),(153,11,77),(167,11,84),(173,11,87),(115,12,58),(125,12,63),(139,12,70),(177,12,89),(179,12,90),(111,13,56),(119,13,60),(127,13,64),(141,13,71),(157,13,79),(161,13,81),(163,13,82),(165,13,83),(169,13,85),(131,14,66),(135,14,68),(143,14,72),(145,14,73),(147,14,74),(149,14,75),(155,14,78),(159,14,80),(171,14,86),(175,14,88),(117,15,59),(121,15,61),(123,15,62),(137,15,69),(151,15,76),(181,15,91),(183,15,92),(134,16,67),(136,16,68),(138,16,69),(142,16,71),(144,16,72),(156,16,78),(164,16,82),(182,16,91),(130,17,65),(132,17,66),(150,17,75),(152,17,76),(160,17,80),(162,17,81),(172,17,86),(174,17,87),(110,18,55),(112,18,56),(114,18,57),(120,18,60),(124,18,62),(146,18,73),(148,18,74),(154,18,77),(158,18,79),(176,18,88),(180,18,90),(184,18,92),(116,19,58),(118,19,59),(122,19,61),(140,19,70),(166,19,83),(178,19,89),(126,20,63),(128,20,64),(168,20,84),(170,20,85);
/*!40000 ALTER TABLE `ec_product_variation_items` ENABLE KEYS */;
UNLOCK TABLES;

--
-- Table structure for table `ec_product_variations`
--

DROP TABLE IF EXISTS `ec_product_variations`;
/*!40101 SET @saved_cs_client     = @@character_set_client */;
/*!50503 SET character_set_client = utf8mb4 */;
CREATE TABLE `ec_product_variations` (
  `id` bigint unsigned NOT NULL AUTO_INCREMENT,
  `product_id` bigint unsigned DEFAULT NULL,
  `configurable_product_id` bigint unsigned NOT NULL,
  `is_default` tinyint NOT NULL DEFAULT '0',
  PRIMARY KEY (`id`),
  KEY `ec_product_variations_product_id_configurable_product_id_index` (`product_id`,`configurable_product_id`)
) ENGINE=InnoDB AUTO_INCREMENT=93 DEFAULT CHARSET=utf8mb4 COLLATE=utf8mb4_unicode_ci;
/*!40101 SET character_set_client = @saved_cs_client */;

--
-- Dumping data for table `ec_product_variations`
--

LOCK TABLES `ec_product_variations` WRITE;
/*!40000 ALTER TABLE `ec_product_variations` DISABLE KEYS */;
INSERT INTO `ec_product_variations` VALUES (1,42,1,1),(2,43,1,0),(3,44,2,1),(4,45,2,0),(5,46,2,0),(6,47,3,1),(7,48,3,0),(8,49,4,1),(9,50,4,0),(10,51,5,1),(11,52,5,0),(12,53,6,1),(13,54,6,0),(14,55,6,0),(15,56,7,1),(16,57,7,0),(17,58,8,1),(18,59,8,0),(19,60,8,0),(20,61,9,1),(21,62,10,1),(22,63,10,0),(23,64,11,1),(24,65,11,0),(25,66,12,1),(26,67,12,0),(27,68,13,1),(28,69,13,0),(29,70,14,1),(30,71,15,1),(31,72,16,1),(32,73,16,0),(33,74,16,0),(34,75,17,1),(35,76,18,1),(36,77,18,0),(37,78,18,0),(38,79,19,1),(39,80,19,0),(40,81,19,0),(41,82,20,1),(42,83,20,0),(43,84,20,0),(44,85,20,0),(45,86,21,1),(46,87,21,0),(47,88,22,1),(48,89,22,0),(49,90,22,0),(50,91,22,0),(51,92,23,1),(52,93,23,0),(53,94,23,0),(54,95,23,0),(55,96,24,1),(56,97,24,0),(57,98,25,1),(58,99,25,0),(59,100,25,0),(60,101,25,0),(61,102,26,1),(62,103,26,0),(63,104,27,1),(64,105,28,1),(65,106,28,0),(66,107,29,1),(67,108,29,0),(68,109,29,0),(69,110,30,1),(70,111,30,0),(71,112,31,1),(72,113,31,0),(73,114,31,0),(74,115,31,0),(75,116,32,1),(76,117,33,1),(77,118,33,0),(78,119,34,1),(79,120,34,0),(80,121,35,1),(81,122,35,0),(82,123,35,0),(83,124,36,1),(84,125,37,1),(85,126,37,0),(86,127,38,1),(87,128,39,1),(88,129,40,1),(89,130,40,0),(90,131,41,1),(91,132,41,0),(92,133,41,0);
/*!40000 ALTER TABLE `ec_product_variations` ENABLE KEYS */;
UNLOCK TABLES;

--
-- Table structure for table `ec_product_views`
--

DROP TABLE IF EXISTS `ec_product_views`;
/*!40101 SET @saved_cs_client     = @@character_set_client */;
/*!50503 SET character_set_client = utf8mb4 */;
CREATE TABLE `ec_product_views` (
  `id` bigint unsigned NOT NULL AUTO_INCREMENT,
  `product_id` bigint unsigned NOT NULL,
  `views` int NOT NULL DEFAULT '1',
  `date` date NOT NULL DEFAULT '2023-07-03',
  PRIMARY KEY (`id`),
  UNIQUE KEY `ec_product_views_product_id_date_unique` (`product_id`,`date`),
  KEY `ec_product_views_product_id_index` (`product_id`)
) ENGINE=InnoDB DEFAULT CHARSET=utf8mb4 COLLATE=utf8mb4_unicode_ci;
/*!40101 SET character_set_client = @saved_cs_client */;

--
-- Dumping data for table `ec_product_views`
--

LOCK TABLES `ec_product_views` WRITE;
/*!40000 ALTER TABLE `ec_product_views` DISABLE KEYS */;
/*!40000 ALTER TABLE `ec_product_views` ENABLE KEYS */;
UNLOCK TABLES;

--
-- Table structure for table `ec_product_with_attribute_set`
--

DROP TABLE IF EXISTS `ec_product_with_attribute_set`;
/*!40101 SET @saved_cs_client     = @@character_set_client */;
/*!50503 SET character_set_client = utf8mb4 */;
CREATE TABLE `ec_product_with_attribute_set` (
  `attribute_set_id` bigint unsigned NOT NULL,
  `product_id` bigint unsigned NOT NULL,
  `order` tinyint unsigned NOT NULL DEFAULT '0',
  PRIMARY KEY (`product_id`,`attribute_set_id`)
) ENGINE=InnoDB DEFAULT CHARSET=utf8mb4 COLLATE=utf8mb4_unicode_ci;
/*!40101 SET character_set_client = @saved_cs_client */;

--
-- Dumping data for table `ec_product_with_attribute_set`
--

LOCK TABLES `ec_product_with_attribute_set` WRITE;
/*!40000 ALTER TABLE `ec_product_with_attribute_set` DISABLE KEYS */;
INSERT INTO `ec_product_with_attribute_set` VALUES (1,1,0),(2,1,0),(1,2,0),(2,2,0),(1,3,0),(2,3,0),(1,4,0),(2,4,0),(1,5,0),(2,5,0),(1,6,0),(2,6,0),(1,7,0),(2,7,0),(1,8,0),(2,8,0),(1,9,0),(2,9,0),(1,10,0),(2,10,0),(1,11,0),(2,11,0),(1,12,0),(2,12,0),(1,13,0),(2,13,0),(1,14,0),(2,14,0),(1,15,0),(2,15,0),(1,16,0),(2,16,0),(1,17,0),(2,17,0),(1,18,0),(2,18,0),(1,19,0),(2,19,0),(1,20,0),(2,20,0),(1,21,0),(2,21,0),(1,22,0),(2,22,0),(1,23,0),(2,23,0),(3,24,0),(4,24,0),(3,25,0),(4,25,0),(3,26,0),(4,26,0),(3,27,0),(4,27,0),(3,28,0),(4,28,0),(3,29,0),(4,29,0),(3,30,0),(4,30,0),(3,31,0),(4,31,0),(3,32,0),(4,32,0),(3,33,0),(4,33,0),(3,34,0),(4,34,0),(3,35,0),(4,35,0),(3,36,0),(4,36,0),(3,37,0),(4,37,0),(3,38,0),(4,38,0),(3,39,0),(4,39,0),(3,40,0),(4,40,0),(3,41,0),(4,41,0);
/*!40000 ALTER TABLE `ec_product_with_attribute_set` ENABLE KEYS */;
UNLOCK TABLES;

--
-- Table structure for table `ec_products`
--

DROP TABLE IF EXISTS `ec_products`;
/*!40101 SET @saved_cs_client     = @@character_set_client */;
/*!50503 SET character_set_client = utf8mb4 */;
CREATE TABLE `ec_products` (
  `id` bigint unsigned NOT NULL AUTO_INCREMENT,
  `name` varchar(191) COLLATE utf8mb4_unicode_ci NOT NULL,
  `description` text COLLATE utf8mb4_unicode_ci,
  `content` longtext COLLATE utf8mb4_unicode_ci,
  `status` varchar(60) COLLATE utf8mb4_unicode_ci NOT NULL DEFAULT 'published',
  `images` text COLLATE utf8mb4_unicode_ci,
  `sku` varchar(191) COLLATE utf8mb4_unicode_ci DEFAULT NULL,
  `order` int unsigned NOT NULL DEFAULT '0',
  `quantity` int unsigned DEFAULT NULL,
  `allow_checkout_when_out_of_stock` tinyint unsigned NOT NULL DEFAULT '0',
  `with_storehouse_management` tinyint unsigned NOT NULL DEFAULT '0',
  `is_featured` tinyint unsigned NOT NULL DEFAULT '0',
  `brand_id` bigint unsigned DEFAULT NULL,
  `is_variation` tinyint NOT NULL DEFAULT '0',
  `sale_type` tinyint NOT NULL DEFAULT '0',
  `price` double unsigned DEFAULT NULL,
  `sale_price` double unsigned DEFAULT NULL,
  `start_date` timestamp NULL DEFAULT NULL,
  `end_date` timestamp NULL DEFAULT NULL,
  `length` double(8,2) DEFAULT NULL,
  `wide` double(8,2) DEFAULT NULL,
  `height` double(8,2) DEFAULT NULL,
  `weight` double(8,2) DEFAULT NULL,
  `tax_id` bigint unsigned DEFAULT NULL,
  `views` bigint NOT NULL DEFAULT '0',
  `created_at` timestamp NULL DEFAULT NULL,
  `updated_at` timestamp NULL DEFAULT NULL,
  `stock_status` varchar(191) COLLATE utf8mb4_unicode_ci DEFAULT 'in_stock',
  `created_by_id` bigint unsigned DEFAULT '0',
  `created_by_type` varchar(255) COLLATE utf8mb4_unicode_ci NOT NULL DEFAULT 'Botble\\ACL\\Models\\User',
  `image` varchar(255) COLLATE utf8mb4_unicode_ci DEFAULT NULL,
  `product_type` varchar(60) COLLATE utf8mb4_unicode_ci DEFAULT 'physical',
  `barcode` varchar(50) COLLATE utf8mb4_unicode_ci DEFAULT NULL,
  `cost_per_item` double DEFAULT NULL,
  `generate_license_code` tinyint(1) NOT NULL DEFAULT '0',
  PRIMARY KEY (`id`),
  UNIQUE KEY `ec_products_barcode_unique` (`barcode`),
  KEY `ec_products_brand_id_status_is_variation_created_at_index` (`brand_id`,`status`,`is_variation`,`created_at`),
  KEY `ec_products_sale_type_index` (`sale_type`),
  KEY `ec_products_start_date_index` (`start_date`),
  KEY `ec_products_end_date_index` (`end_date`),
  KEY `ec_products_sale_price_index` (`sale_price`),
  KEY `ec_products_is_variation_index` (`is_variation`)
) ENGINE=InnoDB AUTO_INCREMENT=134 DEFAULT CHARSET=utf8mb4 COLLATE=utf8mb4_unicode_ci;
/*!40101 SET character_set_client = @saved_cs_client */;

--
-- Dumping data for table `ec_products`
--

LOCK TABLES `ec_products` WRITE;
/*!40000 ALTER TABLE `ec_products` DISABLE KEYS */;
INSERT INTO `ec_products` VALUES (1,'Chevre au mill','I shall ever see you again, you dear old thing!\' said the Mouse. \'Of course,\' the Dodo in an offended tone, \'Hm! No accounting for tastes! Sing her \"Turtle Soup,\" will you, won\'t you join the dance?.','<p>Short Hooded Coat features a straight body, large pockets with button flaps, ventilation air holes, and a string detail along the hemline. The style is completed with a drawstring hood, featuring Rains’ signature built-in cap. Made from waterproof, matte PU, this lightweight unisex rain jacket is an ode to nostalgia through its classic silhouette and utilitarian design details.</p>\n                                <p>- Casual unisex fit</p>\n\n                                <p>- 64% polyester, 36% polyurethane</p>\n\n                                <p>- Water column pressure: 4000 mm</p>\n\n                                <p>- Model is 187cm tall and wearing a size S / M</p>\n\n                                <p>- Unisex fit</p>\n\n                                <p>- Drawstring hood with built-in cap</p>\n\n                                <p>- Front placket with snap buttons</p>\n\n                                <p>- Ventilation under armpit</p>\n\n                                <p>- Adjustable cuffs</p>\n\n                                <p>- Double welted front pockets</p>\n\n                                <p>- Adjustable elastic string at hempen</p>\n\n                                <p>- Ultrasonically welded seams</p>\n\n                                <p>This is a unisex item, please check our clothing &amp; footwear sizing guide for specific Rains jacket sizing information. RAINS comes from the rainy nation of Denmark at the edge of the European continent, close to the ocean and with prevailing westerly winds; all factors that contribute to an average of 121 rain days each year. Arising from these rainy weather conditions comes the attitude that a quick rain shower may be beautiful, as well as moody- but first and foremost requires the right outfit. Rains focus on the whole experience of going outside on rainy days, issuing an invitation to explore even in the most mercurial weather.</p>','published','[\"products\\/15.jpg\",\"products\\/21.jpg\",\"products\\/8.jpg\",\"products\\/13.jpg\",\"products\\/10.jpg\",\"products\\/6.jpg\"]','SW-186-A0',0,16,0,1,1,2,0,0,31,NULL,NULL,NULL,20.00,19.00,19.00,756.00,NULL,130626,'2023-07-02 19:58:44','2023-07-02 19:58:44','in_stock',0,'Botble\\ACL\\Models\\User',NULL,'physical',NULL,NULL,0),(2,'Salmon Grav-lax','I\'ve offended it again!\' For the Mouse to tell its age, there was enough of me left to make out what it meant till now.\' \'If that\'s all I can kick a little!\' She drew her foot slipped, and in.','<p>Short Hooded Coat features a straight body, large pockets with button flaps, ventilation air holes, and a string detail along the hemline. The style is completed with a drawstring hood, featuring Rains’ signature built-in cap. Made from waterproof, matte PU, this lightweight unisex rain jacket is an ode to nostalgia through its classic silhouette and utilitarian design details.</p>\n                                <p>- Casual unisex fit</p>\n\n                                <p>- 64% polyester, 36% polyurethane</p>\n\n                                <p>- Water column pressure: 4000 mm</p>\n\n                                <p>- Model is 187cm tall and wearing a size S / M</p>\n\n                                <p>- Unisex fit</p>\n\n                                <p>- Drawstring hood with built-in cap</p>\n\n                                <p>- Front placket with snap buttons</p>\n\n                                <p>- Ventilation under armpit</p>\n\n                                <p>- Adjustable cuffs</p>\n\n                                <p>- Double welted front pockets</p>\n\n                                <p>- Adjustable elastic string at hempen</p>\n\n                                <p>- Ultrasonically welded seams</p>\n\n                                <p>This is a unisex item, please check our clothing &amp; footwear sizing guide for specific Rains jacket sizing information. RAINS comes from the rainy nation of Denmark at the edge of the European continent, close to the ocean and with prevailing westerly winds; all factors that contribute to an average of 121 rain days each year. Arising from these rainy weather conditions comes the attitude that a quick rain shower may be beautiful, as well as moody- but first and foremost requires the right outfit. Rains focus on the whole experience of going outside on rainy days, issuing an invitation to explore even in the most mercurial weather.</p>','published','[\"products\\/24.jpg\",\"products\\/12.jpg\",\"products\\/16.jpg\",\"products\\/11.jpg\",\"products\\/2.jpg\"]','SW-183-A0',0,15,0,1,0,3,0,0,41,NULL,NULL,NULL,11.00,11.00,11.00,698.00,NULL,140486,'2023-07-02 19:58:44','2023-07-02 19:58:44','in_stock',0,'Botble\\ACL\\Models\\User',NULL,'physical',NULL,NULL,0),(3,'Straitlaced','Alice gently remarked; \'they\'d have been changed several times since then.\' \'What do you want to stay with it as far as they came nearer, Alice could bear: she got up this morning, but I can\'t.','<p>Short Hooded Coat features a straight body, large pockets with button flaps, ventilation air holes, and a string detail along the hemline. The style is completed with a drawstring hood, featuring Rains’ signature built-in cap. Made from waterproof, matte PU, this lightweight unisex rain jacket is an ode to nostalgia through its classic silhouette and utilitarian design details.</p>\n                                <p>- Casual unisex fit</p>\n\n                                <p>- 64% polyester, 36% polyurethane</p>\n\n                                <p>- Water column pressure: 4000 mm</p>\n\n                                <p>- Model is 187cm tall and wearing a size S / M</p>\n\n                                <p>- Unisex fit</p>\n\n                                <p>- Drawstring hood with built-in cap</p>\n\n                                <p>- Front placket with snap buttons</p>\n\n                                <p>- Ventilation under armpit</p>\n\n                                <p>- Adjustable cuffs</p>\n\n                                <p>- Double welted front pockets</p>\n\n                                <p>- Adjustable elastic string at hempen</p>\n\n                                <p>- Ultrasonically welded seams</p>\n\n                                <p>This is a unisex item, please check our clothing &amp; footwear sizing guide for specific Rains jacket sizing information. RAINS comes from the rainy nation of Denmark at the edge of the European continent, close to the ocean and with prevailing westerly winds; all factors that contribute to an average of 121 rain days each year. Arising from these rainy weather conditions comes the attitude that a quick rain shower may be beautiful, as well as moody- but first and foremost requires the right outfit. Rains focus on the whole experience of going outside on rainy days, issuing an invitation to explore even in the most mercurial weather.</p>','published','[\"products\\/2.jpg\",\"products\\/25.jpg\",\"products\\/18.jpg\",\"products\\/22.jpg\",\"products\\/7.jpg\",\"products\\/20.jpg\"]','SW-110-A0',0,20,0,1,1,5,0,0,45,NULL,NULL,NULL,20.00,20.00,18.00,654.00,NULL,184487,'2023-07-02 19:58:44','2023-07-02 19:58:44','in_stock',0,'Botble\\ACL\\Models\\User',NULL,'physical',NULL,NULL,0),(4,'Carpaccio de degrade','Time as well as she had nothing else to do, and in his note-book, cackled out \'Silence!\' and read out from his book, \'Rule Forty-two. ALL PERSONS MORE THAN A MILE HIGH TO LEAVE THE COURT.\' Everybody.','<p>Short Hooded Coat features a straight body, large pockets with button flaps, ventilation air holes, and a string detail along the hemline. The style is completed with a drawstring hood, featuring Rains’ signature built-in cap. Made from waterproof, matte PU, this lightweight unisex rain jacket is an ode to nostalgia through its classic silhouette and utilitarian design details.</p>\n                                <p>- Casual unisex fit</p>\n\n                                <p>- 64% polyester, 36% polyurethane</p>\n\n                                <p>- Water column pressure: 4000 mm</p>\n\n                                <p>- Model is 187cm tall and wearing a size S / M</p>\n\n                                <p>- Unisex fit</p>\n\n                                <p>- Drawstring hood with built-in cap</p>\n\n                                <p>- Front placket with snap buttons</p>\n\n                                <p>- Ventilation under armpit</p>\n\n                                <p>- Adjustable cuffs</p>\n\n                                <p>- Double welted front pockets</p>\n\n                                <p>- Adjustable elastic string at hempen</p>\n\n                                <p>- Ultrasonically welded seams</p>\n\n                                <p>This is a unisex item, please check our clothing &amp; footwear sizing guide for specific Rains jacket sizing information. RAINS comes from the rainy nation of Denmark at the edge of the European continent, close to the ocean and with prevailing westerly winds; all factors that contribute to an average of 121 rain days each year. Arising from these rainy weather conditions comes the attitude that a quick rain shower may be beautiful, as well as moody- but first and foremost requires the right outfit. Rains focus on the whole experience of going outside on rainy days, issuing an invitation to explore even in the most mercurial weather.</p>','published','[\"products\\/1.jpg\",\"products\\/26.jpg\",\"products\\/15.jpg\",\"products\\/18.jpg\",\"products\\/12.jpg\",\"products\\/20.jpg\",\"products\\/3.jpg\",\"products\\/2.jpg\"]','SW-134-A0',0,16,0,1,0,1,0,0,41,36.08,NULL,NULL,10.00,19.00,10.00,600.00,NULL,120096,'2023-07-02 19:58:44','2023-07-02 19:58:44','in_stock',0,'Botble\\ACL\\Models\\User',NULL,'physical',NULL,NULL,0),(5,'Spring roll','Duchess. \'Everything\'s got a moral, if only you can have no notion how delightful it will be much the same thing, you know.\' \'Not the same height as herself; and when Alice had no pictures or.','<p>Short Hooded Coat features a straight body, large pockets with button flaps, ventilation air holes, and a string detail along the hemline. The style is completed with a drawstring hood, featuring Rains’ signature built-in cap. Made from waterproof, matte PU, this lightweight unisex rain jacket is an ode to nostalgia through its classic silhouette and utilitarian design details.</p>\n                                <p>- Casual unisex fit</p>\n\n                                <p>- 64% polyester, 36% polyurethane</p>\n\n                                <p>- Water column pressure: 4000 mm</p>\n\n                                <p>- Model is 187cm tall and wearing a size S / M</p>\n\n                                <p>- Unisex fit</p>\n\n                                <p>- Drawstring hood with built-in cap</p>\n\n                                <p>- Front placket with snap buttons</p>\n\n                                <p>- Ventilation under armpit</p>\n\n                                <p>- Adjustable cuffs</p>\n\n                                <p>- Double welted front pockets</p>\n\n                                <p>- Adjustable elastic string at hempen</p>\n\n                                <p>- Ultrasonically welded seams</p>\n\n                                <p>This is a unisex item, please check our clothing &amp; footwear sizing guide for specific Rains jacket sizing information. RAINS comes from the rainy nation of Denmark at the edge of the European continent, close to the ocean and with prevailing westerly winds; all factors that contribute to an average of 121 rain days each year. Arising from these rainy weather conditions comes the attitude that a quick rain shower may be beautiful, as well as moody- but first and foremost requires the right outfit. Rains focus on the whole experience of going outside on rainy days, issuing an invitation to explore even in the most mercurial weather.</p>','published','[\"products\\/26.jpg\",\"products\\/11.jpg\",\"products\\/9.jpg\"]','SW-119-A0',0,10,0,1,1,4,0,0,47,NULL,NULL,NULL,12.00,12.00,18.00,832.00,NULL,154369,'2023-07-02 19:58:44','2023-07-02 19:58:44','in_stock',0,'Botble\\ACL\\Models\\User',NULL,'physical',NULL,NULL,0),(6,'Fish soup','I say again!\' repeated the Pigeon, raising its voice to its children, \'Come away, my dears! It\'s high time to hear the very tones of the bottle was NOT marked \'poison,\' it is all the rest of my.','<p>Short Hooded Coat features a straight body, large pockets with button flaps, ventilation air holes, and a string detail along the hemline. The style is completed with a drawstring hood, featuring Rains’ signature built-in cap. Made from waterproof, matte PU, this lightweight unisex rain jacket is an ode to nostalgia through its classic silhouette and utilitarian design details.</p>\n                                <p>- Casual unisex fit</p>\n\n                                <p>- 64% polyester, 36% polyurethane</p>\n\n                                <p>- Water column pressure: 4000 mm</p>\n\n                                <p>- Model is 187cm tall and wearing a size S / M</p>\n\n                                <p>- Unisex fit</p>\n\n                                <p>- Drawstring hood with built-in cap</p>\n\n                                <p>- Front placket with snap buttons</p>\n\n                                <p>- Ventilation under armpit</p>\n\n                                <p>- Adjustable cuffs</p>\n\n                                <p>- Double welted front pockets</p>\n\n                                <p>- Adjustable elastic string at hempen</p>\n\n                                <p>- Ultrasonically welded seams</p>\n\n                                <p>This is a unisex item, please check our clothing &amp; footwear sizing guide for specific Rains jacket sizing information. RAINS comes from the rainy nation of Denmark at the edge of the European continent, close to the ocean and with prevailing westerly winds; all factors that contribute to an average of 121 rain days each year. Arising from these rainy weather conditions comes the attitude that a quick rain shower may be beautiful, as well as moody- but first and foremost requires the right outfit. Rains focus on the whole experience of going outside on rainy days, issuing an invitation to explore even in the most mercurial weather.</p>','published','[\"products\\/10.jpg\",\"products\\/9.jpg\",\"products\\/3.jpg\",\"products\\/23.jpg\",\"products\\/14.jpg\",\"products\\/4.jpg\",\"products\\/5.jpg\",\"products\\/19.jpg\"]','SW-137-A0',0,20,0,1,0,1,0,0,42,NULL,NULL,NULL,11.00,19.00,18.00,694.00,NULL,49813,'2023-07-02 19:58:44','2023-07-02 19:58:44','in_stock',0,'Botble\\ACL\\Models\\User',NULL,'physical',NULL,NULL,0),(7,'Fried beef','YOUR table,\' said Alice; \'living at the mouth with strings: into this they slipped the guinea-pig, head first, and then a great hurry; \'this paper has just been picked up.\' \'What\'s in it?\' said the.','<p>Short Hooded Coat features a straight body, large pockets with button flaps, ventilation air holes, and a string detail along the hemline. The style is completed with a drawstring hood, featuring Rains’ signature built-in cap. Made from waterproof, matte PU, this lightweight unisex rain jacket is an ode to nostalgia through its classic silhouette and utilitarian design details.</p>\n                                <p>- Casual unisex fit</p>\n\n                                <p>- 64% polyester, 36% polyurethane</p>\n\n                                <p>- Water column pressure: 4000 mm</p>\n\n                                <p>- Model is 187cm tall and wearing a size S / M</p>\n\n                                <p>- Unisex fit</p>\n\n                                <p>- Drawstring hood with built-in cap</p>\n\n                                <p>- Front placket with snap buttons</p>\n\n                                <p>- Ventilation under armpit</p>\n\n                                <p>- Adjustable cuffs</p>\n\n                                <p>- Double welted front pockets</p>\n\n                                <p>- Adjustable elastic string at hempen</p>\n\n                                <p>- Ultrasonically welded seams</p>\n\n                                <p>This is a unisex item, please check our clothing &amp; footwear sizing guide for specific Rains jacket sizing information. RAINS comes from the rainy nation of Denmark at the edge of the European continent, close to the ocean and with prevailing westerly winds; all factors that contribute to an average of 121 rain days each year. Arising from these rainy weather conditions comes the attitude that a quick rain shower may be beautiful, as well as moody- but first and foremost requires the right outfit. Rains focus on the whole experience of going outside on rainy days, issuing an invitation to explore even in the most mercurial weather.</p>','published','[\"products\\/24.jpg\",\"products\\/9.jpg\",\"products\\/16.jpg\"]','SW-146-A0',0,16,0,1,1,2,0,0,50,NULL,NULL,NULL,17.00,18.00,14.00,674.00,NULL,13421,'2023-07-02 19:58:44','2023-07-02 19:58:44','in_stock',0,'Botble\\ACL\\Models\\User',NULL,'physical',NULL,NULL,0),(8,'Boiled vegetables','Gryphon replied rather crossly: \'of course you know that you\'re mad?\' \'To begin with,\' said the Mock Turtle sighed deeply, and began, in rather a hard word, I will tell you just now what the flame.','<p>Short Hooded Coat features a straight body, large pockets with button flaps, ventilation air holes, and a string detail along the hemline. The style is completed with a drawstring hood, featuring Rains’ signature built-in cap. Made from waterproof, matte PU, this lightweight unisex rain jacket is an ode to nostalgia through its classic silhouette and utilitarian design details.</p>\n                                <p>- Casual unisex fit</p>\n\n                                <p>- 64% polyester, 36% polyurethane</p>\n\n                                <p>- Water column pressure: 4000 mm</p>\n\n                                <p>- Model is 187cm tall and wearing a size S / M</p>\n\n                                <p>- Unisex fit</p>\n\n                                <p>- Drawstring hood with built-in cap</p>\n\n                                <p>- Front placket with snap buttons</p>\n\n                                <p>- Ventilation under armpit</p>\n\n                                <p>- Adjustable cuffs</p>\n\n                                <p>- Double welted front pockets</p>\n\n                                <p>- Adjustable elastic string at hempen</p>\n\n                                <p>- Ultrasonically welded seams</p>\n\n                                <p>This is a unisex item, please check our clothing &amp; footwear sizing guide for specific Rains jacket sizing information. RAINS comes from the rainy nation of Denmark at the edge of the European continent, close to the ocean and with prevailing westerly winds; all factors that contribute to an average of 121 rain days each year. Arising from these rainy weather conditions comes the attitude that a quick rain shower may be beautiful, as well as moody- but first and foremost requires the right outfit. Rains focus on the whole experience of going outside on rainy days, issuing an invitation to explore even in the most mercurial weather.</p>','published','[\"products\\/8.jpg\",\"products\\/7.jpg\",\"products\\/25.jpg\",\"products\\/19.jpg\",\"products\\/5.jpg\",\"products\\/26.jpg\",\"products\\/17.jpg\",\"products\\/16.jpg\",\"products\\/14.jpg\"]','SW-122-A0',0,17,0,1,0,5,0,0,45,40.5,NULL,NULL,19.00,15.00,19.00,590.00,NULL,87182,'2023-07-02 19:58:44','2023-07-02 19:58:44','in_stock',0,'Botble\\ACL\\Models\\User',NULL,'physical',NULL,NULL,0),(9,'Omelet','WHAT are you?\' And then a voice of the Rabbit\'s little white kid gloves: she took up the fan she was considering in her haste, she had known them all her riper years, the simple and loving heart of.','<p>Short Hooded Coat features a straight body, large pockets with button flaps, ventilation air holes, and a string detail along the hemline. The style is completed with a drawstring hood, featuring Rains’ signature built-in cap. Made from waterproof, matte PU, this lightweight unisex rain jacket is an ode to nostalgia through its classic silhouette and utilitarian design details.</p>\n                                <p>- Casual unisex fit</p>\n\n                                <p>- 64% polyester, 36% polyurethane</p>\n\n                                <p>- Water column pressure: 4000 mm</p>\n\n                                <p>- Model is 187cm tall and wearing a size S / M</p>\n\n                                <p>- Unisex fit</p>\n\n                                <p>- Drawstring hood with built-in cap</p>\n\n                                <p>- Front placket with snap buttons</p>\n\n                                <p>- Ventilation under armpit</p>\n\n                                <p>- Adjustable cuffs</p>\n\n                                <p>- Double welted front pockets</p>\n\n                                <p>- Adjustable elastic string at hempen</p>\n\n                                <p>- Ultrasonically welded seams</p>\n\n                                <p>This is a unisex item, please check our clothing &amp; footwear sizing guide for specific Rains jacket sizing information. RAINS comes from the rainy nation of Denmark at the edge of the European continent, close to the ocean and with prevailing westerly winds; all factors that contribute to an average of 121 rain days each year. Arising from these rainy weather conditions comes the attitude that a quick rain shower may be beautiful, as well as moody- but first and foremost requires the right outfit. Rains focus on the whole experience of going outside on rainy days, issuing an invitation to explore even in the most mercurial weather.</p>','published','[\"products\\/23.jpg\",\"products\\/19.jpg\",\"products\\/9.jpg\",\"products\\/1.jpg\",\"products\\/21.jpg\",\"products\\/14.jpg\",\"products\\/15.jpg\",\"products\\/11.jpg\"]','SW-138-A0',0,11,0,1,1,1,0,0,50,NULL,NULL,NULL,12.00,11.00,20.00,587.00,NULL,41080,'2023-07-02 19:58:44','2023-07-02 19:58:44','in_stock',0,'Botble\\ACL\\Models\\User',NULL,'physical',NULL,NULL,0),(10,'Stuffed pancake','There could be NO mistake about it: it was impossible to say to itself, \'Oh dear! Oh dear! I\'d nearly forgotten that I\'ve got to the voice of the bread-and-butter. Just at this moment Alice felt a.','<p>Short Hooded Coat features a straight body, large pockets with button flaps, ventilation air holes, and a string detail along the hemline. The style is completed with a drawstring hood, featuring Rains’ signature built-in cap. Made from waterproof, matte PU, this lightweight unisex rain jacket is an ode to nostalgia through its classic silhouette and utilitarian design details.</p>\n                                <p>- Casual unisex fit</p>\n\n                                <p>- 64% polyester, 36% polyurethane</p>\n\n                                <p>- Water column pressure: 4000 mm</p>\n\n                                <p>- Model is 187cm tall and wearing a size S / M</p>\n\n                                <p>- Unisex fit</p>\n\n                                <p>- Drawstring hood with built-in cap</p>\n\n                                <p>- Front placket with snap buttons</p>\n\n                                <p>- Ventilation under armpit</p>\n\n                                <p>- Adjustable cuffs</p>\n\n                                <p>- Double welted front pockets</p>\n\n                                <p>- Adjustable elastic string at hempen</p>\n\n                                <p>- Ultrasonically welded seams</p>\n\n                                <p>This is a unisex item, please check our clothing &amp; footwear sizing guide for specific Rains jacket sizing information. RAINS comes from the rainy nation of Denmark at the edge of the European continent, close to the ocean and with prevailing westerly winds; all factors that contribute to an average of 121 rain days each year. Arising from these rainy weather conditions comes the attitude that a quick rain shower may be beautiful, as well as moody- but first and foremost requires the right outfit. Rains focus on the whole experience of going outside on rainy days, issuing an invitation to explore even in the most mercurial weather.</p>','published','[\"products\\/6.jpg\",\"products\\/25.jpg\",\"products\\/12.jpg\",\"products\\/1.jpg\",\"products\\/17.jpg\",\"products\\/4.jpg\",\"products\\/9.jpg\",\"products\\/20.jpg\",\"products\\/7.jpg\"]','SW-191-A0',0,13,0,1,0,3,0,0,37,NULL,NULL,NULL,12.00,17.00,15.00,851.00,NULL,193840,'2023-07-02 19:58:44','2023-07-02 19:58:44','in_stock',0,'Botble\\ACL\\Models\\User',NULL,'physical',NULL,NULL,0),(11,'Spicy beef noodle soup','There ought to go through next walking about at the March Hare. \'Then it ought to eat or drink under the hedge. In another moment that it ought to tell its age, there was a little timidly, \'why you.','<p>Short Hooded Coat features a straight body, large pockets with button flaps, ventilation air holes, and a string detail along the hemline. The style is completed with a drawstring hood, featuring Rains’ signature built-in cap. Made from waterproof, matte PU, this lightweight unisex rain jacket is an ode to nostalgia through its classic silhouette and utilitarian design details.</p>\n                                <p>- Casual unisex fit</p>\n\n                                <p>- 64% polyester, 36% polyurethane</p>\n\n                                <p>- Water column pressure: 4000 mm</p>\n\n                                <p>- Model is 187cm tall and wearing a size S / M</p>\n\n                                <p>- Unisex fit</p>\n\n                                <p>- Drawstring hood with built-in cap</p>\n\n                                <p>- Front placket with snap buttons</p>\n\n                                <p>- Ventilation under armpit</p>\n\n                                <p>- Adjustable cuffs</p>\n\n                                <p>- Double welted front pockets</p>\n\n                                <p>- Adjustable elastic string at hempen</p>\n\n                                <p>- Ultrasonically welded seams</p>\n\n                                <p>This is a unisex item, please check our clothing &amp; footwear sizing guide for specific Rains jacket sizing information. RAINS comes from the rainy nation of Denmark at the edge of the European continent, close to the ocean and with prevailing westerly winds; all factors that contribute to an average of 121 rain days each year. Arising from these rainy weather conditions comes the attitude that a quick rain shower may be beautiful, as well as moody- but first and foremost requires the right outfit. Rains focus on the whole experience of going outside on rainy days, issuing an invitation to explore even in the most mercurial weather.</p>','published','[\"products\\/13.jpg\",\"products\\/2.jpg\",\"products\\/5.jpg\",\"products\\/14.jpg\",\"products\\/23.jpg\",\"products\\/3.jpg\",\"products\\/22.jpg\",\"products\\/18.jpg\",\"products\\/4.jpg\",\"products\\/7.jpg\"]','SW-147-A0',0,10,0,1,1,5,0,0,43,NULL,NULL,NULL,20.00,15.00,17.00,777.00,NULL,164227,'2023-07-02 19:58:44','2023-07-02 19:58:44','in_stock',0,'Botble\\ACL\\Models\\User',NULL,'physical',NULL,NULL,0),(12,'Pancake','Alice thoughtfully: \'but then--I shouldn\'t be hungry for it, she found to be executed for having cheated herself in a tone of great relief. \'Now at OURS they had to stop and untwist it. After a.','<p>Short Hooded Coat features a straight body, large pockets with button flaps, ventilation air holes, and a string detail along the hemline. The style is completed with a drawstring hood, featuring Rains’ signature built-in cap. Made from waterproof, matte PU, this lightweight unisex rain jacket is an ode to nostalgia through its classic silhouette and utilitarian design details.</p>\n                                <p>- Casual unisex fit</p>\n\n                                <p>- 64% polyester, 36% polyurethane</p>\n\n                                <p>- Water column pressure: 4000 mm</p>\n\n                                <p>- Model is 187cm tall and wearing a size S / M</p>\n\n                                <p>- Unisex fit</p>\n\n                                <p>- Drawstring hood with built-in cap</p>\n\n                                <p>- Front placket with snap buttons</p>\n\n                                <p>- Ventilation under armpit</p>\n\n                                <p>- Adjustable cuffs</p>\n\n                                <p>- Double welted front pockets</p>\n\n                                <p>- Adjustable elastic string at hempen</p>\n\n                                <p>- Ultrasonically welded seams</p>\n\n                                <p>This is a unisex item, please check our clothing &amp; footwear sizing guide for specific Rains jacket sizing information. RAINS comes from the rainy nation of Denmark at the edge of the European continent, close to the ocean and with prevailing westerly winds; all factors that contribute to an average of 121 rain days each year. Arising from these rainy weather conditions comes the attitude that a quick rain shower may be beautiful, as well as moody- but first and foremost requires the right outfit. Rains focus on the whole experience of going outside on rainy days, issuing an invitation to explore even in the most mercurial weather.</p>','published','[\"products\\/25.jpg\",\"products\\/2.jpg\",\"products\\/14.jpg\",\"products\\/11.jpg\",\"products\\/24.jpg\",\"products\\/16.jpg\",\"products\\/6.jpg\",\"products\\/13.jpg\",\"products\\/5.jpg\"]','SW-116-A0',0,13,0,1,0,3,0,0,34,24.82,NULL,NULL,18.00,12.00,12.00,802.00,NULL,151216,'2023-07-02 19:58:44','2023-07-02 19:58:44','in_stock',0,'Botble\\ACL\\Models\\User',NULL,'physical',NULL,NULL,0),(13,'Onion pickle','Dinah, if I might venture to go down the chimney, and said \'What else had you to get dry again: they had settled down again, the cook tulip-roots instead of the room. The cook threw a frying-pan.','<p>Short Hooded Coat features a straight body, large pockets with button flaps, ventilation air holes, and a string detail along the hemline. The style is completed with a drawstring hood, featuring Rains’ signature built-in cap. Made from waterproof, matte PU, this lightweight unisex rain jacket is an ode to nostalgia through its classic silhouette and utilitarian design details.</p>\n                                <p>- Casual unisex fit</p>\n\n                                <p>- 64% polyester, 36% polyurethane</p>\n\n                                <p>- Water column pressure: 4000 mm</p>\n\n                                <p>- Model is 187cm tall and wearing a size S / M</p>\n\n                                <p>- Unisex fit</p>\n\n                                <p>- Drawstring hood with built-in cap</p>\n\n                                <p>- Front placket with snap buttons</p>\n\n                                <p>- Ventilation under armpit</p>\n\n                                <p>- Adjustable cuffs</p>\n\n                                <p>- Double welted front pockets</p>\n\n                                <p>- Adjustable elastic string at hempen</p>\n\n                                <p>- Ultrasonically welded seams</p>\n\n                                <p>This is a unisex item, please check our clothing &amp; footwear sizing guide for specific Rains jacket sizing information. RAINS comes from the rainy nation of Denmark at the edge of the European continent, close to the ocean and with prevailing westerly winds; all factors that contribute to an average of 121 rain days each year. Arising from these rainy weather conditions comes the attitude that a quick rain shower may be beautiful, as well as moody- but first and foremost requires the right outfit. Rains focus on the whole experience of going outside on rainy days, issuing an invitation to explore even in the most mercurial weather.</p>','published','[\"products\\/14.jpg\",\"products\\/10.jpg\",\"products\\/2.jpg\",\"products\\/17.jpg\",\"products\\/6.jpg\",\"products\\/8.jpg\",\"products\\/3.jpg\",\"products\\/12.jpg\",\"products\\/9.jpg\",\"products\\/26.jpg\"]','SW-194-A0',0,13,0,1,1,4,0,0,40,NULL,NULL,NULL,11.00,10.00,17.00,723.00,NULL,64798,'2023-07-02 19:58:44','2023-07-02 19:58:44','in_stock',0,'Botble\\ACL\\Models\\User',NULL,'physical',NULL,NULL,0),(14,'Ice-cream','Hatter hurriedly left the court, by the hedge!\' then silence, and then sat upon it.) \'I\'m glad they\'ve begun asking riddles.--I believe I can find them.\' As she said to Alice, they all crowded round.','<p>Short Hooded Coat features a straight body, large pockets with button flaps, ventilation air holes, and a string detail along the hemline. The style is completed with a drawstring hood, featuring Rains’ signature built-in cap. Made from waterproof, matte PU, this lightweight unisex rain jacket is an ode to nostalgia through its classic silhouette and utilitarian design details.</p>\n                                <p>- Casual unisex fit</p>\n\n                                <p>- 64% polyester, 36% polyurethane</p>\n\n                                <p>- Water column pressure: 4000 mm</p>\n\n                                <p>- Model is 187cm tall and wearing a size S / M</p>\n\n                                <p>- Unisex fit</p>\n\n                                <p>- Drawstring hood with built-in cap</p>\n\n                                <p>- Front placket with snap buttons</p>\n\n                                <p>- Ventilation under armpit</p>\n\n                                <p>- Adjustable cuffs</p>\n\n                                <p>- Double welted front pockets</p>\n\n                                <p>- Adjustable elastic string at hempen</p>\n\n                                <p>- Ultrasonically welded seams</p>\n\n                                <p>This is a unisex item, please check our clothing &amp; footwear sizing guide for specific Rains jacket sizing information. RAINS comes from the rainy nation of Denmark at the edge of the European continent, close to the ocean and with prevailing westerly winds; all factors that contribute to an average of 121 rain days each year. Arising from these rainy weather conditions comes the attitude that a quick rain shower may be beautiful, as well as moody- but first and foremost requires the right outfit. Rains focus on the whole experience of going outside on rainy days, issuing an invitation to explore even in the most mercurial weather.</p>','published','[\"products\\/15.jpg\",\"products\\/11.jpg\",\"products\\/2.jpg\",\"products\\/3.jpg\",\"products\\/5.jpg\",\"products\\/23.jpg\"]','SW-115-A0',0,16,0,1,0,1,0,0,50,NULL,NULL,NULL,11.00,13.00,15.00,567.00,NULL,52113,'2023-07-02 19:58:44','2023-07-02 19:58:44','in_stock',0,'Botble\\ACL\\Models\\User',NULL,'physical',NULL,NULL,0),(15,'Salad','Alice, thinking it was all dark overhead; before her was another long passage, and the March Hare went \'Sh! sh!\' and the choking of the wood for fear of their hearing her; and when she heard one of.','<p>Short Hooded Coat features a straight body, large pockets with button flaps, ventilation air holes, and a string detail along the hemline. The style is completed with a drawstring hood, featuring Rains’ signature built-in cap. Made from waterproof, matte PU, this lightweight unisex rain jacket is an ode to nostalgia through its classic silhouette and utilitarian design details.</p>\n                                <p>- Casual unisex fit</p>\n\n                                <p>- 64% polyester, 36% polyurethane</p>\n\n                                <p>- Water column pressure: 4000 mm</p>\n\n                                <p>- Model is 187cm tall and wearing a size S / M</p>\n\n                                <p>- Unisex fit</p>\n\n                                <p>- Drawstring hood with built-in cap</p>\n\n                                <p>- Front placket with snap buttons</p>\n\n                                <p>- Ventilation under armpit</p>\n\n                                <p>- Adjustable cuffs</p>\n\n                                <p>- Double welted front pockets</p>\n\n                                <p>- Adjustable elastic string at hempen</p>\n\n                                <p>- Ultrasonically welded seams</p>\n\n                                <p>This is a unisex item, please check our clothing &amp; footwear sizing guide for specific Rains jacket sizing information. RAINS comes from the rainy nation of Denmark at the edge of the European continent, close to the ocean and with prevailing westerly winds; all factors that contribute to an average of 121 rain days each year. Arising from these rainy weather conditions comes the attitude that a quick rain shower may be beautiful, as well as moody- but first and foremost requires the right outfit. Rains focus on the whole experience of going outside on rainy days, issuing an invitation to explore even in the most mercurial weather.</p>','published','[\"products\\/9.jpg\",\"products\\/18.jpg\",\"products\\/2.jpg\",\"products\\/19.jpg\",\"products\\/25.jpg\",\"products\\/21.jpg\",\"products\\/22.jpg\"]','SW-143-A0',0,10,0,1,1,1,0,0,44,NULL,NULL,NULL,17.00,18.00,17.00,748.00,NULL,173319,'2023-07-02 19:58:44','2023-07-02 19:58:44','in_stock',0,'Botble\\ACL\\Models\\User',NULL,'physical',NULL,NULL,0),(16,'Spaghetti','Queen, who was talking. \'How CAN I have dropped them, I wonder?\' And here poor Alice in a melancholy tone: \'it doesn\'t seem to see if she had sat down a good deal on where you want to stay in here.','<p>Short Hooded Coat features a straight body, large pockets with button flaps, ventilation air holes, and a string detail along the hemline. The style is completed with a drawstring hood, featuring Rains’ signature built-in cap. Made from waterproof, matte PU, this lightweight unisex rain jacket is an ode to nostalgia through its classic silhouette and utilitarian design details.</p>\n                                <p>- Casual unisex fit</p>\n\n                                <p>- 64% polyester, 36% polyurethane</p>\n\n                                <p>- Water column pressure: 4000 mm</p>\n\n                                <p>- Model is 187cm tall and wearing a size S / M</p>\n\n                                <p>- Unisex fit</p>\n\n                                <p>- Drawstring hood with built-in cap</p>\n\n                                <p>- Front placket with snap buttons</p>\n\n                                <p>- Ventilation under armpit</p>\n\n                                <p>- Adjustable cuffs</p>\n\n                                <p>- Double welted front pockets</p>\n\n                                <p>- Adjustable elastic string at hempen</p>\n\n                                <p>- Ultrasonically welded seams</p>\n\n                                <p>This is a unisex item, please check our clothing &amp; footwear sizing guide for specific Rains jacket sizing information. RAINS comes from the rainy nation of Denmark at the edge of the European continent, close to the ocean and with prevailing westerly winds; all factors that contribute to an average of 121 rain days each year. Arising from these rainy weather conditions comes the attitude that a quick rain shower may be beautiful, as well as moody- but first and foremost requires the right outfit. Rains focus on the whole experience of going outside on rainy days, issuing an invitation to explore even in the most mercurial weather.</p>','published','[\"products\\/7.jpg\",\"products\\/17.jpg\",\"products\\/19.jpg\",\"products\\/20.jpg\",\"products\\/16.jpg\",\"products\\/1.jpg\",\"products\\/6.jpg\",\"products\\/3.jpg\",\"products\\/14.jpg\"]','SW-192-A0',0,17,0,1,0,4,0,0,40,30,NULL,NULL,10.00,16.00,11.00,881.00,NULL,30554,'2023-07-02 19:58:44','2023-07-02 19:58:44','in_stock',0,'Botble\\ACL\\Models\\User',NULL,'physical',NULL,NULL,0),(17,'Duck meat','He looked at her, and she jumped up and rubbed its eyes: then it watched the Queen was to eat some of them at last, they must needs come wriggling down from the shock of being all alone here!\' As.','<p>Short Hooded Coat features a straight body, large pockets with button flaps, ventilation air holes, and a string detail along the hemline. The style is completed with a drawstring hood, featuring Rains’ signature built-in cap. Made from waterproof, matte PU, this lightweight unisex rain jacket is an ode to nostalgia through its classic silhouette and utilitarian design details.</p>\n                                <p>- Casual unisex fit</p>\n\n                                <p>- 64% polyester, 36% polyurethane</p>\n\n                                <p>- Water column pressure: 4000 mm</p>\n\n                                <p>- Model is 187cm tall and wearing a size S / M</p>\n\n                                <p>- Unisex fit</p>\n\n                                <p>- Drawstring hood with built-in cap</p>\n\n                                <p>- Front placket with snap buttons</p>\n\n                                <p>- Ventilation under armpit</p>\n\n                                <p>- Adjustable cuffs</p>\n\n                                <p>- Double welted front pockets</p>\n\n                                <p>- Adjustable elastic string at hempen</p>\n\n                                <p>- Ultrasonically welded seams</p>\n\n                                <p>This is a unisex item, please check our clothing &amp; footwear sizing guide for specific Rains jacket sizing information. RAINS comes from the rainy nation of Denmark at the edge of the European continent, close to the ocean and with prevailing westerly winds; all factors that contribute to an average of 121 rain days each year. Arising from these rainy weather conditions comes the attitude that a quick rain shower may be beautiful, as well as moody- but first and foremost requires the right outfit. Rains focus on the whole experience of going outside on rainy days, issuing an invitation to explore even in the most mercurial weather.</p>','published','[\"products\\/25.jpg\",\"products\\/7.jpg\",\"products\\/13.jpg\",\"products\\/24.jpg\",\"products\\/9.jpg\",\"products\\/20.jpg\",\"products\\/19.jpg\",\"products\\/23.jpg\",\"products\\/15.jpg\"]','SW-111-A0',0,19,0,1,1,5,0,0,33,NULL,NULL,NULL,16.00,12.00,11.00,703.00,NULL,4635,'2023-07-02 19:58:44','2023-07-02 19:58:44','in_stock',0,'Botble\\ACL\\Models\\User',NULL,'physical',NULL,NULL,0),(18,'Shrimp','Come on!\' So they had to sing \"Twinkle, twinkle, little bat! How I wonder what was the same thing as a last resource, she put them into a cucumber-frame, or something of the sea.\' \'I couldn\'t afford.','<p>Short Hooded Coat features a straight body, large pockets with button flaps, ventilation air holes, and a string detail along the hemline. The style is completed with a drawstring hood, featuring Rains’ signature built-in cap. Made from waterproof, matte PU, this lightweight unisex rain jacket is an ode to nostalgia through its classic silhouette and utilitarian design details.</p>\n                                <p>- Casual unisex fit</p>\n\n                                <p>- 64% polyester, 36% polyurethane</p>\n\n                                <p>- Water column pressure: 4000 mm</p>\n\n                                <p>- Model is 187cm tall and wearing a size S / M</p>\n\n                                <p>- Unisex fit</p>\n\n                                <p>- Drawstring hood with built-in cap</p>\n\n                                <p>- Front placket with snap buttons</p>\n\n                                <p>- Ventilation under armpit</p>\n\n                                <p>- Adjustable cuffs</p>\n\n                                <p>- Double welted front pockets</p>\n\n                                <p>- Adjustable elastic string at hempen</p>\n\n                                <p>- Ultrasonically welded seams</p>\n\n                                <p>This is a unisex item, please check our clothing &amp; footwear sizing guide for specific Rains jacket sizing information. RAINS comes from the rainy nation of Denmark at the edge of the European continent, close to the ocean and with prevailing westerly winds; all factors that contribute to an average of 121 rain days each year. Arising from these rainy weather conditions comes the attitude that a quick rain shower may be beautiful, as well as moody- but first and foremost requires the right outfit. Rains focus on the whole experience of going outside on rainy days, issuing an invitation to explore even in the most mercurial weather.</p>','published','[\"products\\/20.jpg\",\"products\\/12.jpg\",\"products\\/5.jpg\",\"products\\/7.jpg\",\"products\\/3.jpg\",\"products\\/24.jpg\",\"products\\/6.jpg\",\"products\\/17.jpg\",\"products\\/22.jpg\"]','SW-131-A0',0,18,0,1,0,2,0,0,31,NULL,NULL,NULL,11.00,15.00,17.00,584.00,NULL,76398,'2023-07-02 19:58:44','2023-07-02 19:58:44','in_stock',0,'Botble\\ACL\\Models\\User',NULL,'physical',NULL,NULL,0),(19,'Turkey meat','Seaography: then Drawling--the Drawling-master was an old crab, HE was.\' \'I never said I could let you out, you know.\' He was looking at Alice as it turned round and round goes the clock in a dreamy.','<p>Short Hooded Coat features a straight body, large pockets with button flaps, ventilation air holes, and a string detail along the hemline. The style is completed with a drawstring hood, featuring Rains’ signature built-in cap. Made from waterproof, matte PU, this lightweight unisex rain jacket is an ode to nostalgia through its classic silhouette and utilitarian design details.</p>\n                                <p>- Casual unisex fit</p>\n\n                                <p>- 64% polyester, 36% polyurethane</p>\n\n                                <p>- Water column pressure: 4000 mm</p>\n\n                                <p>- Model is 187cm tall and wearing a size S / M</p>\n\n                                <p>- Unisex fit</p>\n\n                                <p>- Drawstring hood with built-in cap</p>\n\n                                <p>- Front placket with snap buttons</p>\n\n                                <p>- Ventilation under armpit</p>\n\n                                <p>- Adjustable cuffs</p>\n\n                                <p>- Double welted front pockets</p>\n\n                                <p>- Adjustable elastic string at hempen</p>\n\n                                <p>- Ultrasonically welded seams</p>\n\n                                <p>This is a unisex item, please check our clothing &amp; footwear sizing guide for specific Rains jacket sizing information. RAINS comes from the rainy nation of Denmark at the edge of the European continent, close to the ocean and with prevailing westerly winds; all factors that contribute to an average of 121 rain days each year. Arising from these rainy weather conditions comes the attitude that a quick rain shower may be beautiful, as well as moody- but first and foremost requires the right outfit. Rains focus on the whole experience of going outside on rainy days, issuing an invitation to explore even in the most mercurial weather.</p>','published','[\"products\\/11.jpg\",\"products\\/2.jpg\",\"products\\/12.jpg\",\"products\\/16.jpg\",\"products\\/19.jpg\",\"products\\/1.jpg\",\"products\\/25.jpg\"]','SW-151-A0',0,13,0,1,1,1,0,0,33,NULL,NULL,NULL,13.00,11.00,12.00,755.00,NULL,177878,'2023-07-02 19:58:44','2023-07-02 19:58:44','in_stock',0,'Botble\\ACL\\Models\\User',NULL,'physical',NULL,NULL,0),(20,'Peppercorn and leek parcels','The three soldiers wandered about in all directions, tumbling up against each other; however, they got settled down again, the cook and the whole cause, and condemn you to offer it,\' said Alice very.','<p>Short Hooded Coat features a straight body, large pockets with button flaps, ventilation air holes, and a string detail along the hemline. The style is completed with a drawstring hood, featuring Rains’ signature built-in cap. Made from waterproof, matte PU, this lightweight unisex rain jacket is an ode to nostalgia through its classic silhouette and utilitarian design details.</p>\n                                <p>- Casual unisex fit</p>\n\n                                <p>- 64% polyester, 36% polyurethane</p>\n\n                                <p>- Water column pressure: 4000 mm</p>\n\n                                <p>- Model is 187cm tall and wearing a size S / M</p>\n\n                                <p>- Unisex fit</p>\n\n                                <p>- Drawstring hood with built-in cap</p>\n\n                                <p>- Front placket with snap buttons</p>\n\n                                <p>- Ventilation under armpit</p>\n\n                                <p>- Adjustable cuffs</p>\n\n                                <p>- Double welted front pockets</p>\n\n                                <p>- Adjustable elastic string at hempen</p>\n\n                                <p>- Ultrasonically welded seams</p>\n\n                                <p>This is a unisex item, please check our clothing &amp; footwear sizing guide for specific Rains jacket sizing information. RAINS comes from the rainy nation of Denmark at the edge of the European continent, close to the ocean and with prevailing westerly winds; all factors that contribute to an average of 121 rain days each year. Arising from these rainy weather conditions comes the attitude that a quick rain shower may be beautiful, as well as moody- but first and foremost requires the right outfit. Rains focus on the whole experience of going outside on rainy days, issuing an invitation to explore even in the most mercurial weather.</p>','published','[\"products\\/17.jpg\",\"products\\/13.jpg\",\"products\\/22.jpg\",\"products\\/4.jpg\",\"products\\/7.jpg\",\"products\\/16.jpg\",\"products\\/11.jpg\",\"products\\/25.jpg\",\"products\\/18.jpg\",\"products\\/21.jpg\"]','SW-143-A0',0,15,0,1,0,5,0,0,32,22.72,NULL,NULL,18.00,14.00,16.00,504.00,NULL,129844,'2023-07-02 19:58:44','2023-07-02 19:58:44','in_stock',0,'Botble\\ACL\\Models\\User',NULL,'physical',NULL,NULL,0),(21,'Lamb and gruyere salad','Allow me to introduce some other subject of conversation. While she was appealed to by all three dates on their slates, and she was out of the singers in the sand with wooden spades, then a voice of.','<p>Short Hooded Coat features a straight body, large pockets with button flaps, ventilation air holes, and a string detail along the hemline. The style is completed with a drawstring hood, featuring Rains’ signature built-in cap. Made from waterproof, matte PU, this lightweight unisex rain jacket is an ode to nostalgia through its classic silhouette and utilitarian design details.</p>\n                                <p>- Casual unisex fit</p>\n\n                                <p>- 64% polyester, 36% polyurethane</p>\n\n                                <p>- Water column pressure: 4000 mm</p>\n\n                                <p>- Model is 187cm tall and wearing a size S / M</p>\n\n                                <p>- Unisex fit</p>\n\n                                <p>- Drawstring hood with built-in cap</p>\n\n                                <p>- Front placket with snap buttons</p>\n\n                                <p>- Ventilation under armpit</p>\n\n                                <p>- Adjustable cuffs</p>\n\n                                <p>- Double welted front pockets</p>\n\n                                <p>- Adjustable elastic string at hempen</p>\n\n                                <p>- Ultrasonically welded seams</p>\n\n                                <p>This is a unisex item, please check our clothing &amp; footwear sizing guide for specific Rains jacket sizing information. RAINS comes from the rainy nation of Denmark at the edge of the European continent, close to the ocean and with prevailing westerly winds; all factors that contribute to an average of 121 rain days each year. Arising from these rainy weather conditions comes the attitude that a quick rain shower may be beautiful, as well as moody- but first and foremost requires the right outfit. Rains focus on the whole experience of going outside on rainy days, issuing an invitation to explore even in the most mercurial weather.</p>','published','[\"products\\/18.jpg\",\"products\\/26.jpg\",\"products\\/13.jpg\",\"products\\/3.jpg\"]','SW-144-A0',0,19,0,1,1,4,0,0,31,NULL,NULL,NULL,10.00,14.00,17.00,659.00,NULL,132639,'2023-07-02 19:58:44','2023-07-02 19:58:44','in_stock',0,'Botble\\ACL\\Models\\User',NULL,'physical',NULL,NULL,0),(22,'Venison and aubergine kebab','Gryphon, half to herself, as she went down on one side, to look about her any more if you\'d rather not.\' \'We indeed!\' cried the Gryphon, and the blades of grass, but she could not possibly reach it.','<p>Short Hooded Coat features a straight body, large pockets with button flaps, ventilation air holes, and a string detail along the hemline. The style is completed with a drawstring hood, featuring Rains’ signature built-in cap. Made from waterproof, matte PU, this lightweight unisex rain jacket is an ode to nostalgia through its classic silhouette and utilitarian design details.</p>\n                                <p>- Casual unisex fit</p>\n\n                                <p>- 64% polyester, 36% polyurethane</p>\n\n                                <p>- Water column pressure: 4000 mm</p>\n\n                                <p>- Model is 187cm tall and wearing a size S / M</p>\n\n                                <p>- Unisex fit</p>\n\n                                <p>- Drawstring hood with built-in cap</p>\n\n                                <p>- Front placket with snap buttons</p>\n\n                                <p>- Ventilation under armpit</p>\n\n                                <p>- Adjustable cuffs</p>\n\n                                <p>- Double welted front pockets</p>\n\n                                <p>- Adjustable elastic string at hempen</p>\n\n                                <p>- Ultrasonically welded seams</p>\n\n                                <p>This is a unisex item, please check our clothing &amp; footwear sizing guide for specific Rains jacket sizing information. RAINS comes from the rainy nation of Denmark at the edge of the European continent, close to the ocean and with prevailing westerly winds; all factors that contribute to an average of 121 rain days each year. Arising from these rainy weather conditions comes the attitude that a quick rain shower may be beautiful, as well as moody- but first and foremost requires the right outfit. Rains focus on the whole experience of going outside on rainy days, issuing an invitation to explore even in the most mercurial weather.</p>','published','[\"products\\/8.jpg\",\"products\\/6.jpg\",\"products\\/23.jpg\",\"products\\/3.jpg\",\"products\\/4.jpg\",\"products\\/12.jpg\",\"products\\/26.jpg\",\"products\\/5.jpg\",\"products\\/21.jpg\"]','SW-198-A0',0,20,0,1,0,4,0,0,32,NULL,NULL,NULL,20.00,13.00,16.00,803.00,NULL,183751,'2023-07-02 19:58:44','2023-07-02 19:58:44','in_stock',0,'Botble\\ACL\\Models\\User',NULL,'physical',NULL,NULL,0),(23,'Dulse and tumeric salad','I shall have to fly; and the little golden key was lying on the twelfth?\' Alice went on at last, they must needs come wriggling down from the shock of being upset, and their curls got entangled.','<p>Short Hooded Coat features a straight body, large pockets with button flaps, ventilation air holes, and a string detail along the hemline. The style is completed with a drawstring hood, featuring Rains’ signature built-in cap. Made from waterproof, matte PU, this lightweight unisex rain jacket is an ode to nostalgia through its classic silhouette and utilitarian design details.</p>\n                                <p>- Casual unisex fit</p>\n\n                                <p>- 64% polyester, 36% polyurethane</p>\n\n                                <p>- Water column pressure: 4000 mm</p>\n\n                                <p>- Model is 187cm tall and wearing a size S / M</p>\n\n                                <p>- Unisex fit</p>\n\n                                <p>- Drawstring hood with built-in cap</p>\n\n                                <p>- Front placket with snap buttons</p>\n\n                                <p>- Ventilation under armpit</p>\n\n                                <p>- Adjustable cuffs</p>\n\n                                <p>- Double welted front pockets</p>\n\n                                <p>- Adjustable elastic string at hempen</p>\n\n                                <p>- Ultrasonically welded seams</p>\n\n                                <p>This is a unisex item, please check our clothing &amp; footwear sizing guide for specific Rains jacket sizing information. RAINS comes from the rainy nation of Denmark at the edge of the European continent, close to the ocean and with prevailing westerly winds; all factors that contribute to an average of 121 rain days each year. Arising from these rainy weather conditions comes the attitude that a quick rain shower may be beautiful, as well as moody- but first and foremost requires the right outfit. Rains focus on the whole experience of going outside on rainy days, issuing an invitation to explore even in the most mercurial weather.</p>','published','[\"products\\/7.jpg\",\"products\\/26.jpg\",\"products\\/6.jpg\",\"products\\/22.jpg\",\"products\\/20.jpg\",\"products\\/13.jpg\"]','SW-166-A0',0,19,0,1,1,2,0,0,40,NULL,NULL,NULL,14.00,16.00,19.00,866.00,NULL,144492,'2023-07-02 19:58:44','2023-07-02 19:58:44','in_stock',0,'Botble\\ACL\\Models\\User',NULL,'physical',NULL,NULL,0),(24,'Pork and broccoli soup','Her listeners were perfectly quiet till she heard was a table, with a growl, And concluded the banquet--] \'What IS the same thing as \"I sleep when I got up this morning, but I THINK I can guess.','<p>Short Hooded Coat features a straight body, large pockets with button flaps, ventilation air holes, and a string detail along the hemline. The style is completed with a drawstring hood, featuring Rains’ signature built-in cap. Made from waterproof, matte PU, this lightweight unisex rain jacket is an ode to nostalgia through its classic silhouette and utilitarian design details.</p>\n                                <p>- Casual unisex fit</p>\n\n                                <p>- 64% polyester, 36% polyurethane</p>\n\n                                <p>- Water column pressure: 4000 mm</p>\n\n                                <p>- Model is 187cm tall and wearing a size S / M</p>\n\n                                <p>- Unisex fit</p>\n\n                                <p>- Drawstring hood with built-in cap</p>\n\n                                <p>- Front placket with snap buttons</p>\n\n                                <p>- Ventilation under armpit</p>\n\n                                <p>- Adjustable cuffs</p>\n\n                                <p>- Double welted front pockets</p>\n\n                                <p>- Adjustable elastic string at hempen</p>\n\n                                <p>- Ultrasonically welded seams</p>\n\n                                <p>This is a unisex item, please check our clothing &amp; footwear sizing guide for specific Rains jacket sizing information. RAINS comes from the rainy nation of Denmark at the edge of the European continent, close to the ocean and with prevailing westerly winds; all factors that contribute to an average of 121 rain days each year. Arising from these rainy weather conditions comes the attitude that a quick rain shower may be beautiful, as well as moody- but first and foremost requires the right outfit. Rains focus on the whole experience of going outside on rainy days, issuing an invitation to explore even in the most mercurial weather.</p>','published','[\"products\\/9.jpg\",\"products\\/24.jpg\",\"products\\/18.jpg\",\"products\\/15.jpg\",\"products\\/16.jpg\"]','SW-171-A0',0,12,0,1,0,4,0,0,33,28.38,NULL,NULL,13.00,12.00,19.00,725.00,NULL,163478,'2023-07-02 19:58:44','2023-07-02 19:58:44','in_stock',0,'Botble\\ACL\\Models\\User',NULL,'physical',NULL,NULL,0),(25,'Chickpea and chilli pasta','Alice after it, never once considering how in the trial done,\' she thought, \'and hand round the court and got behind him, and very soon had to kneel down on one knee. \'I\'m a poor man, your Majesty,\'.','<p>Short Hooded Coat features a straight body, large pockets with button flaps, ventilation air holes, and a string detail along the hemline. The style is completed with a drawstring hood, featuring Rains’ signature built-in cap. Made from waterproof, matte PU, this lightweight unisex rain jacket is an ode to nostalgia through its classic silhouette and utilitarian design details.</p>\n                                <p>- Casual unisex fit</p>\n\n                                <p>- 64% polyester, 36% polyurethane</p>\n\n                                <p>- Water column pressure: 4000 mm</p>\n\n                                <p>- Model is 187cm tall and wearing a size S / M</p>\n\n                                <p>- Unisex fit</p>\n\n                                <p>- Drawstring hood with built-in cap</p>\n\n                                <p>- Front placket with snap buttons</p>\n\n                                <p>- Ventilation under armpit</p>\n\n                                <p>- Adjustable cuffs</p>\n\n                                <p>- Double welted front pockets</p>\n\n                                <p>- Adjustable elastic string at hempen</p>\n\n                                <p>- Ultrasonically welded seams</p>\n\n                                <p>This is a unisex item, please check our clothing &amp; footwear sizing guide for specific Rains jacket sizing information. RAINS comes from the rainy nation of Denmark at the edge of the European continent, close to the ocean and with prevailing westerly winds; all factors that contribute to an average of 121 rain days each year. Arising from these rainy weather conditions comes the attitude that a quick rain shower may be beautiful, as well as moody- but first and foremost requires the right outfit. Rains focus on the whole experience of going outside on rainy days, issuing an invitation to explore even in the most mercurial weather.</p>','published','[\"products\\/1.jpg\",\"products\\/17.jpg\",\"products\\/6.jpg\",\"products\\/23.jpg\",\"products\\/9.jpg\",\"products\\/12.jpg\",\"products\\/11.jpg\",\"products\\/14.jpg\"]','SW-192-A0',0,11,0,1,1,5,0,0,39,NULL,NULL,NULL,12.00,18.00,11.00,605.00,NULL,181923,'2023-07-02 19:58:44','2023-07-02 19:58:44','in_stock',0,'Botble\\ACL\\Models\\User',NULL,'physical',NULL,NULL,0),(26,'Anise and coconut curry','Alice. \'I\'ve read that in about half no time! Take your choice!\' The Duchess took no notice of her age knew the right thing to nurse--and she\'s such a hurry that she began fancying the sort of.','<p>Short Hooded Coat features a straight body, large pockets with button flaps, ventilation air holes, and a string detail along the hemline. The style is completed with a drawstring hood, featuring Rains’ signature built-in cap. Made from waterproof, matte PU, this lightweight unisex rain jacket is an ode to nostalgia through its classic silhouette and utilitarian design details.</p>\n                                <p>- Casual unisex fit</p>\n\n                                <p>- 64% polyester, 36% polyurethane</p>\n\n                                <p>- Water column pressure: 4000 mm</p>\n\n                                <p>- Model is 187cm tall and wearing a size S / M</p>\n\n                                <p>- Unisex fit</p>\n\n                                <p>- Drawstring hood with built-in cap</p>\n\n                                <p>- Front placket with snap buttons</p>\n\n                                <p>- Ventilation under armpit</p>\n\n                                <p>- Adjustable cuffs</p>\n\n                                <p>- Double welted front pockets</p>\n\n                                <p>- Adjustable elastic string at hempen</p>\n\n                                <p>- Ultrasonically welded seams</p>\n\n                                <p>This is a unisex item, please check our clothing &amp; footwear sizing guide for specific Rains jacket sizing information. RAINS comes from the rainy nation of Denmark at the edge of the European continent, close to the ocean and with prevailing westerly winds; all factors that contribute to an average of 121 rain days each year. Arising from these rainy weather conditions comes the attitude that a quick rain shower may be beautiful, as well as moody- but first and foremost requires the right outfit. Rains focus on the whole experience of going outside on rainy days, issuing an invitation to explore even in the most mercurial weather.</p>','published','[\"products\\/3.jpg\",\"products\\/26.jpg\",\"products\\/1.jpg\",\"products\\/15.jpg\"]','SW-125-A0',0,19,0,1,0,2,0,0,33,NULL,NULL,NULL,10.00,13.00,16.00,853.00,NULL,197574,'2023-07-02 19:58:44','2023-07-02 19:58:44','in_stock',0,'Botble\\ACL\\Models\\User',NULL,'physical',NULL,NULL,0),(27,'Rice and sesame pancake','She said the King. \'Nothing whatever,\' said Alice. \'That\'s very curious!\' she thought. \'I must go by the whole window!\' \'Sure, it does, yer honour: but it\'s an arm, yer honour!\' (He pronounced it.','<p>Short Hooded Coat features a straight body, large pockets with button flaps, ventilation air holes, and a string detail along the hemline. The style is completed with a drawstring hood, featuring Rains’ signature built-in cap. Made from waterproof, matte PU, this lightweight unisex rain jacket is an ode to nostalgia through its classic silhouette and utilitarian design details.</p>\n                                <p>- Casual unisex fit</p>\n\n                                <p>- 64% polyester, 36% polyurethane</p>\n\n                                <p>- Water column pressure: 4000 mm</p>\n\n                                <p>- Model is 187cm tall and wearing a size S / M</p>\n\n                                <p>- Unisex fit</p>\n\n                                <p>- Drawstring hood with built-in cap</p>\n\n                                <p>- Front placket with snap buttons</p>\n\n                                <p>- Ventilation under armpit</p>\n\n                                <p>- Adjustable cuffs</p>\n\n                                <p>- Double welted front pockets</p>\n\n                                <p>- Adjustable elastic string at hempen</p>\n\n                                <p>- Ultrasonically welded seams</p>\n\n                                <p>This is a unisex item, please check our clothing &amp; footwear sizing guide for specific Rains jacket sizing information. RAINS comes from the rainy nation of Denmark at the edge of the European continent, close to the ocean and with prevailing westerly winds; all factors that contribute to an average of 121 rain days each year. Arising from these rainy weather conditions comes the attitude that a quick rain shower may be beautiful, as well as moody- but first and foremost requires the right outfit. Rains focus on the whole experience of going outside on rainy days, issuing an invitation to explore even in the most mercurial weather.</p>','published','[\"products\\/7.jpg\",\"products\\/21.jpg\",\"products\\/5.jpg\"]','SW-167-A0',0,17,0,1,1,5,0,0,50,NULL,NULL,NULL,13.00,19.00,10.00,622.00,NULL,172964,'2023-07-02 19:58:44','2023-07-02 19:58:44','in_stock',0,'Botble\\ACL\\Models\\User',NULL,'physical',NULL,NULL,0),(28,'Cabbage and rosemary parcels','Queen. First came ten soldiers carrying clubs; these were ornamented all over with William the Conqueror.\' (For, with all her fancy, that: they never executes nobody, you know. But do cats eat.','<p>Short Hooded Coat features a straight body, large pockets with button flaps, ventilation air holes, and a string detail along the hemline. The style is completed with a drawstring hood, featuring Rains’ signature built-in cap. Made from waterproof, matte PU, this lightweight unisex rain jacket is an ode to nostalgia through its classic silhouette and utilitarian design details.</p>\n                                <p>- Casual unisex fit</p>\n\n                                <p>- 64% polyester, 36% polyurethane</p>\n\n                                <p>- Water column pressure: 4000 mm</p>\n\n                                <p>- Model is 187cm tall and wearing a size S / M</p>\n\n                                <p>- Unisex fit</p>\n\n                                <p>- Drawstring hood with built-in cap</p>\n\n                                <p>- Front placket with snap buttons</p>\n\n                                <p>- Ventilation under armpit</p>\n\n                                <p>- Adjustable cuffs</p>\n\n                                <p>- Double welted front pockets</p>\n\n                                <p>- Adjustable elastic string at hempen</p>\n\n                                <p>- Ultrasonically welded seams</p>\n\n                                <p>This is a unisex item, please check our clothing &amp; footwear sizing guide for specific Rains jacket sizing information. RAINS comes from the rainy nation of Denmark at the edge of the European continent, close to the ocean and with prevailing westerly winds; all factors that contribute to an average of 121 rain days each year. Arising from these rainy weather conditions comes the attitude that a quick rain shower may be beautiful, as well as moody- but first and foremost requires the right outfit. Rains focus on the whole experience of going outside on rainy days, issuing an invitation to explore even in the most mercurial weather.</p>','published','[\"products\\/10.jpg\",\"products\\/17.jpg\",\"products\\/15.jpg\"]','SW-100-A0',0,16,0,1,0,2,0,0,40,31.2,NULL,NULL,18.00,19.00,13.00,682.00,NULL,189207,'2023-07-02 19:58:44','2023-07-02 19:58:44','in_stock',0,'Botble\\ACL\\Models\\User',NULL,'physical',NULL,NULL,0),(29,'Nutmeg and cinnamon loaf','You see, she came suddenly upon an open place, with a sigh: \'he taught Laughing and Grief, they used to it in large letters. It was all about, and shouting \'Off with his nose Trims his belt and his.','<p>Short Hooded Coat features a straight body, large pockets with button flaps, ventilation air holes, and a string detail along the hemline. The style is completed with a drawstring hood, featuring Rains’ signature built-in cap. Made from waterproof, matte PU, this lightweight unisex rain jacket is an ode to nostalgia through its classic silhouette and utilitarian design details.</p>\n                                <p>- Casual unisex fit</p>\n\n                                <p>- 64% polyester, 36% polyurethane</p>\n\n                                <p>- Water column pressure: 4000 mm</p>\n\n                                <p>- Model is 187cm tall and wearing a size S / M</p>\n\n                                <p>- Unisex fit</p>\n\n                                <p>- Drawstring hood with built-in cap</p>\n\n                                <p>- Front placket with snap buttons</p>\n\n                                <p>- Ventilation under armpit</p>\n\n                                <p>- Adjustable cuffs</p>\n\n                                <p>- Double welted front pockets</p>\n\n                                <p>- Adjustable elastic string at hempen</p>\n\n                                <p>- Ultrasonically welded seams</p>\n\n                                <p>This is a unisex item, please check our clothing &amp; footwear sizing guide for specific Rains jacket sizing information. RAINS comes from the rainy nation of Denmark at the edge of the European continent, close to the ocean and with prevailing westerly winds; all factors that contribute to an average of 121 rain days each year. Arising from these rainy weather conditions comes the attitude that a quick rain shower may be beautiful, as well as moody- but first and foremost requires the right outfit. Rains focus on the whole experience of going outside on rainy days, issuing an invitation to explore even in the most mercurial weather.</p>','published','[\"products\\/25.jpg\",\"products\\/5.jpg\",\"products\\/17.jpg\",\"products\\/21.jpg\"]','SW-105-A0',0,16,0,1,1,3,0,0,31,NULL,NULL,NULL,19.00,20.00,16.00,530.00,NULL,69808,'2023-07-02 19:58:44','2023-07-02 19:58:44','in_stock',0,'Botble\\ACL\\Models\\User',NULL,'physical',NULL,NULL,0),(30,'Leek and mushroom pie','I\'d been the right words,\' said poor Alice, \'to pretend to be a book written about me, that there was a bright brass plate with the next verse.\' \'But about his toes?\' the Mock Turtle replied in an.','<p>Short Hooded Coat features a straight body, large pockets with button flaps, ventilation air holes, and a string detail along the hemline. The style is completed with a drawstring hood, featuring Rains’ signature built-in cap. Made from waterproof, matte PU, this lightweight unisex rain jacket is an ode to nostalgia through its classic silhouette and utilitarian design details.</p>\n                                <p>- Casual unisex fit</p>\n\n                                <p>- 64% polyester, 36% polyurethane</p>\n\n                                <p>- Water column pressure: 4000 mm</p>\n\n                                <p>- Model is 187cm tall and wearing a size S / M</p>\n\n                                <p>- Unisex fit</p>\n\n                                <p>- Drawstring hood with built-in cap</p>\n\n                                <p>- Front placket with snap buttons</p>\n\n                                <p>- Ventilation under armpit</p>\n\n                                <p>- Adjustable cuffs</p>\n\n                                <p>- Double welted front pockets</p>\n\n                                <p>- Adjustable elastic string at hempen</p>\n\n                                <p>- Ultrasonically welded seams</p>\n\n                                <p>This is a unisex item, please check our clothing &amp; footwear sizing guide for specific Rains jacket sizing information. RAINS comes from the rainy nation of Denmark at the edge of the European continent, close to the ocean and with prevailing westerly winds; all factors that contribute to an average of 121 rain days each year. Arising from these rainy weather conditions comes the attitude that a quick rain shower may be beautiful, as well as moody- but first and foremost requires the right outfit. Rains focus on the whole experience of going outside on rainy days, issuing an invitation to explore even in the most mercurial weather.</p>','published','[\"products\\/23.jpg\",\"products\\/15.jpg\",\"products\\/20.jpg\",\"products\\/1.jpg\",\"products\\/11.jpg\",\"products\\/3.jpg\",\"products\\/10.jpg\",\"products\\/7.jpg\",\"products\\/5.jpg\"]','SW-137-A0',0,19,0,1,0,4,0,0,38,NULL,NULL,NULL,15.00,12.00,15.00,716.00,NULL,4776,'2023-07-02 19:58:44','2023-07-02 19:58:45','in_stock',0,'Botble\\ACL\\Models\\User',NULL,'physical',NULL,NULL,0),(31,'Banh mi','Cheshire Cat,\' said Alice: \'besides, that\'s not a bit hurt, and she felt that there was enough of it at all; and I\'m sure I have to turn round on its axis--\' \'Talking of axes,\' said the Dormouse.','<p>Short Hooded Coat features a straight body, large pockets with button flaps, ventilation air holes, and a string detail along the hemline. The style is completed with a drawstring hood, featuring Rains’ signature built-in cap. Made from waterproof, matte PU, this lightweight unisex rain jacket is an ode to nostalgia through its classic silhouette and utilitarian design details.</p>\n                                <p>- Casual unisex fit</p>\n\n                                <p>- 64% polyester, 36% polyurethane</p>\n\n                                <p>- Water column pressure: 4000 mm</p>\n\n                                <p>- Model is 187cm tall and wearing a size S / M</p>\n\n                                <p>- Unisex fit</p>\n\n                                <p>- Drawstring hood with built-in cap</p>\n\n                                <p>- Front placket with snap buttons</p>\n\n                                <p>- Ventilation under armpit</p>\n\n                                <p>- Adjustable cuffs</p>\n\n                                <p>- Double welted front pockets</p>\n\n                                <p>- Adjustable elastic string at hempen</p>\n\n                                <p>- Ultrasonically welded seams</p>\n\n                                <p>This is a unisex item, please check our clothing &amp; footwear sizing guide for specific Rains jacket sizing information. RAINS comes from the rainy nation of Denmark at the edge of the European continent, close to the ocean and with prevailing westerly winds; all factors that contribute to an average of 121 rain days each year. Arising from these rainy weather conditions comes the attitude that a quick rain shower may be beautiful, as well as moody- but first and foremost requires the right outfit. Rains focus on the whole experience of going outside on rainy days, issuing an invitation to explore even in the most mercurial weather.</p>','published','[\"products\\/13.jpg\",\"products\\/3.jpg\",\"products\\/18.jpg\",\"products\\/5.jpg\",\"products\\/24.jpg\",\"products\\/15.jpg\"]','SW-144-A0',0,11,0,1,1,4,0,0,38,NULL,NULL,NULL,14.00,20.00,10.00,600.00,NULL,31533,'2023-07-02 19:58:44','2023-07-02 19:58:45','in_stock',0,'Botble\\ACL\\Models\\User',NULL,'physical',NULL,NULL,0),(32,'Pho bo','Alice; and Alice could speak again. In a minute or two sobs choked his voice. \'Same as if she were looking over their heads. She felt very curious sensation, which puzzled her a good many little.','<p>Short Hooded Coat features a straight body, large pockets with button flaps, ventilation air holes, and a string detail along the hemline. The style is completed with a drawstring hood, featuring Rains’ signature built-in cap. Made from waterproof, matte PU, this lightweight unisex rain jacket is an ode to nostalgia through its classic silhouette and utilitarian design details.</p>\n                                <p>- Casual unisex fit</p>\n\n                                <p>- 64% polyester, 36% polyurethane</p>\n\n                                <p>- Water column pressure: 4000 mm</p>\n\n                                <p>- Model is 187cm tall and wearing a size S / M</p>\n\n                                <p>- Unisex fit</p>\n\n                                <p>- Drawstring hood with built-in cap</p>\n\n                                <p>- Front placket with snap buttons</p>\n\n                                <p>- Ventilation under armpit</p>\n\n                                <p>- Adjustable cuffs</p>\n\n                                <p>- Double welted front pockets</p>\n\n                                <p>- Adjustable elastic string at hempen</p>\n\n                                <p>- Ultrasonically welded seams</p>\n\n                                <p>This is a unisex item, please check our clothing &amp; footwear sizing guide for specific Rains jacket sizing information. RAINS comes from the rainy nation of Denmark at the edge of the European continent, close to the ocean and with prevailing westerly winds; all factors that contribute to an average of 121 rain days each year. Arising from these rainy weather conditions comes the attitude that a quick rain shower may be beautiful, as well as moody- but first and foremost requires the right outfit. Rains focus on the whole experience of going outside on rainy days, issuing an invitation to explore even in the most mercurial weather.</p>','published','[\"products\\/4.jpg\",\"products\\/16.jpg\",\"products\\/6.jpg\",\"products\\/14.jpg\",\"products\\/18.jpg\",\"products\\/20.jpg\",\"products\\/1.jpg\",\"products\\/22.jpg\"]','SW-153-A0',0,13,0,1,0,4,0,0,32,27.84,NULL,NULL,14.00,20.00,20.00,757.00,NULL,30166,'2023-07-02 19:58:44','2023-07-02 19:58:45','in_stock',0,'Botble\\ACL\\Models\\User',NULL,'physical',NULL,NULL,0),(33,'Bun dau mam tom','Hatter. \'I told you butter wouldn\'t suit the works!\' he added in a day is very confusing.\' \'It isn\'t,\' said the King, who had been of late much accustomed to usurpation and conquest. Edwin and.','<p>Short Hooded Coat features a straight body, large pockets with button flaps, ventilation air holes, and a string detail along the hemline. The style is completed with a drawstring hood, featuring Rains’ signature built-in cap. Made from waterproof, matte PU, this lightweight unisex rain jacket is an ode to nostalgia through its classic silhouette and utilitarian design details.</p>\n                                <p>- Casual unisex fit</p>\n\n                                <p>- 64% polyester, 36% polyurethane</p>\n\n                                <p>- Water column pressure: 4000 mm</p>\n\n                                <p>- Model is 187cm tall and wearing a size S / M</p>\n\n                                <p>- Unisex fit</p>\n\n                                <p>- Drawstring hood with built-in cap</p>\n\n                                <p>- Front placket with snap buttons</p>\n\n                                <p>- Ventilation under armpit</p>\n\n                                <p>- Adjustable cuffs</p>\n\n                                <p>- Double welted front pockets</p>\n\n                                <p>- Adjustable elastic string at hempen</p>\n\n                                <p>- Ultrasonically welded seams</p>\n\n                                <p>This is a unisex item, please check our clothing &amp; footwear sizing guide for specific Rains jacket sizing information. RAINS comes from the rainy nation of Denmark at the edge of the European continent, close to the ocean and with prevailing westerly winds; all factors that contribute to an average of 121 rain days each year. Arising from these rainy weather conditions comes the attitude that a quick rain shower may be beautiful, as well as moody- but first and foremost requires the right outfit. Rains focus on the whole experience of going outside on rainy days, issuing an invitation to explore even in the most mercurial weather.</p>','published','[\"products\\/14.jpg\",\"products\\/24.jpg\",\"products\\/21.jpg\",\"products\\/1.jpg\",\"products\\/12.jpg\",\"products\\/2.jpg\",\"products\\/19.jpg\",\"products\\/18.jpg\",\"products\\/25.jpg\",\"products\\/20.jpg\"]','SW-140-A0',0,14,0,1,1,2,0,0,33,NULL,NULL,NULL,18.00,13.00,17.00,848.00,NULL,102009,'2023-07-02 19:58:44','2023-07-02 19:58:45','in_stock',0,'Botble\\ACL\\Models\\User',NULL,'physical',NULL,NULL,0),(34,'Onion sandwich with chilli relish','When they take us up and ran off, thinking while she ran, as well say,\' added the March Hare: she thought it would,\' said the Mock Turtle sighed deeply, and began, in a tone of great surprise. \'Of.','<p>Short Hooded Coat features a straight body, large pockets with button flaps, ventilation air holes, and a string detail along the hemline. The style is completed with a drawstring hood, featuring Rains’ signature built-in cap. Made from waterproof, matte PU, this lightweight unisex rain jacket is an ode to nostalgia through its classic silhouette and utilitarian design details.</p>\n                                <p>- Casual unisex fit</p>\n\n                                <p>- 64% polyester, 36% polyurethane</p>\n\n                                <p>- Water column pressure: 4000 mm</p>\n\n                                <p>- Model is 187cm tall and wearing a size S / M</p>\n\n                                <p>- Unisex fit</p>\n\n                                <p>- Drawstring hood with built-in cap</p>\n\n                                <p>- Front placket with snap buttons</p>\n\n                                <p>- Ventilation under armpit</p>\n\n                                <p>- Adjustable cuffs</p>\n\n                                <p>- Double welted front pockets</p>\n\n                                <p>- Adjustable elastic string at hempen</p>\n\n                                <p>- Ultrasonically welded seams</p>\n\n                                <p>This is a unisex item, please check our clothing &amp; footwear sizing guide for specific Rains jacket sizing information. RAINS comes from the rainy nation of Denmark at the edge of the European continent, close to the ocean and with prevailing westerly winds; all factors that contribute to an average of 121 rain days each year. Arising from these rainy weather conditions comes the attitude that a quick rain shower may be beautiful, as well as moody- but first and foremost requires the right outfit. Rains focus on the whole experience of going outside on rainy days, issuing an invitation to explore even in the most mercurial weather.</p>','published','[\"products\\/3.jpg\",\"products\\/19.jpg\",\"products\\/15.jpg\",\"products\\/16.jpg\",\"products\\/9.jpg\",\"products\\/25.jpg\",\"products\\/14.jpg\",\"products\\/4.jpg\",\"products\\/17.jpg\"]','SW-164-A0',0,19,0,1,0,5,0,0,31,NULL,NULL,NULL,20.00,20.00,20.00,603.00,NULL,115213,'2023-07-02 19:58:44','2023-07-02 19:58:45','in_stock',0,'Botble\\ACL\\Models\\User',NULL,'physical',NULL,NULL,0),(35,'Spinach and aubergine bread','Alice; \'I daresay it\'s a French mouse, come over with fright. \'Oh, I know!\' exclaimed Alice, who was beginning very angrily, but the Dodo said, \'EVERYBODY has won, and all must have been was not a.','<p>Short Hooded Coat features a straight body, large pockets with button flaps, ventilation air holes, and a string detail along the hemline. The style is completed with a drawstring hood, featuring Rains’ signature built-in cap. Made from waterproof, matte PU, this lightweight unisex rain jacket is an ode to nostalgia through its classic silhouette and utilitarian design details.</p>\n                                <p>- Casual unisex fit</p>\n\n                                <p>- 64% polyester, 36% polyurethane</p>\n\n                                <p>- Water column pressure: 4000 mm</p>\n\n                                <p>- Model is 187cm tall and wearing a size S / M</p>\n\n                                <p>- Unisex fit</p>\n\n                                <p>- Drawstring hood with built-in cap</p>\n\n                                <p>- Front placket with snap buttons</p>\n\n                                <p>- Ventilation under armpit</p>\n\n                                <p>- Adjustable cuffs</p>\n\n                                <p>- Double welted front pockets</p>\n\n                                <p>- Adjustable elastic string at hempen</p>\n\n                                <p>- Ultrasonically welded seams</p>\n\n                                <p>This is a unisex item, please check our clothing &amp; footwear sizing guide for specific Rains jacket sizing information. RAINS comes from the rainy nation of Denmark at the edge of the European continent, close to the ocean and with prevailing westerly winds; all factors that contribute to an average of 121 rain days each year. Arising from these rainy weather conditions comes the attitude that a quick rain shower may be beautiful, as well as moody- but first and foremost requires the right outfit. Rains focus on the whole experience of going outside on rainy days, issuing an invitation to explore even in the most mercurial weather.</p>','published','[\"products\\/13.jpg\",\"products\\/1.jpg\",\"products\\/8.jpg\",\"products\\/17.jpg\",\"products\\/21.jpg\",\"products\\/15.jpg\"]','SW-136-A0',0,15,0,1,1,5,0,0,46,NULL,NULL,NULL,16.00,20.00,15.00,590.00,NULL,155049,'2023-07-02 19:58:44','2023-07-02 19:58:45','in_stock',0,'Botble\\ACL\\Models\\User',NULL,'physical',NULL,NULL,0),(36,'Banana and squash madras','Cat in a hurry: a large cat which was a dead silence. Alice noticed with some severity; \'it\'s very rude.\' The Hatter was the Rabbit say to this: so she began fancying the sort of knot, and then.','<p>Short Hooded Coat features a straight body, large pockets with button flaps, ventilation air holes, and a string detail along the hemline. The style is completed with a drawstring hood, featuring Rains’ signature built-in cap. Made from waterproof, matte PU, this lightweight unisex rain jacket is an ode to nostalgia through its classic silhouette and utilitarian design details.</p>\n                                <p>- Casual unisex fit</p>\n\n                                <p>- 64% polyester, 36% polyurethane</p>\n\n                                <p>- Water column pressure: 4000 mm</p>\n\n                                <p>- Model is 187cm tall and wearing a size S / M</p>\n\n                                <p>- Unisex fit</p>\n\n                                <p>- Drawstring hood with built-in cap</p>\n\n                                <p>- Front placket with snap buttons</p>\n\n                                <p>- Ventilation under armpit</p>\n\n                                <p>- Adjustable cuffs</p>\n\n                                <p>- Double welted front pockets</p>\n\n                                <p>- Adjustable elastic string at hempen</p>\n\n                                <p>- Ultrasonically welded seams</p>\n\n                                <p>This is a unisex item, please check our clothing &amp; footwear sizing guide for specific Rains jacket sizing information. RAINS comes from the rainy nation of Denmark at the edge of the European continent, close to the ocean and with prevailing westerly winds; all factors that contribute to an average of 121 rain days each year. Arising from these rainy weather conditions comes the attitude that a quick rain shower may be beautiful, as well as moody- but first and foremost requires the right outfit. Rains focus on the whole experience of going outside on rainy days, issuing an invitation to explore even in the most mercurial weather.</p>','published','[\"products\\/16.jpg\",\"products\\/4.jpg\",\"products\\/13.jpg\",\"products\\/10.jpg\",\"products\\/21.jpg\",\"products\\/18.jpg\"]','SW-113-A0',0,15,0,1,0,5,0,0,50,43,NULL,NULL,10.00,11.00,10.00,668.00,NULL,56061,'2023-07-02 19:58:44','2023-07-02 19:58:45','in_stock',0,'Botble\\ACL\\Models\\User',NULL,'physical',NULL,NULL,0),(37,'Apple and semolina cake','Caterpillar angrily, rearing itself upright as it was over at last, more calmly, though still sobbing a little irritated at the bottom of a tree. \'Did you speak?\' \'Not I!\' he replied. \'We quarrelled.','<p>Short Hooded Coat features a straight body, large pockets with button flaps, ventilation air holes, and a string detail along the hemline. The style is completed with a drawstring hood, featuring Rains’ signature built-in cap. Made from waterproof, matte PU, this lightweight unisex rain jacket is an ode to nostalgia through its classic silhouette and utilitarian design details.</p>\n                                <p>- Casual unisex fit</p>\n\n                                <p>- 64% polyester, 36% polyurethane</p>\n\n                                <p>- Water column pressure: 4000 mm</p>\n\n                                <p>- Model is 187cm tall and wearing a size S / M</p>\n\n                                <p>- Unisex fit</p>\n\n                                <p>- Drawstring hood with built-in cap</p>\n\n                                <p>- Front placket with snap buttons</p>\n\n                                <p>- Ventilation under armpit</p>\n\n                                <p>- Adjustable cuffs</p>\n\n                                <p>- Double welted front pockets</p>\n\n                                <p>- Adjustable elastic string at hempen</p>\n\n                                <p>- Ultrasonically welded seams</p>\n\n                                <p>This is a unisex item, please check our clothing &amp; footwear sizing guide for specific Rains jacket sizing information. RAINS comes from the rainy nation of Denmark at the edge of the European continent, close to the ocean and with prevailing westerly winds; all factors that contribute to an average of 121 rain days each year. Arising from these rainy weather conditions comes the attitude that a quick rain shower may be beautiful, as well as moody- but first and foremost requires the right outfit. Rains focus on the whole experience of going outside on rainy days, issuing an invitation to explore even in the most mercurial weather.</p>','published','[\"products\\/5.jpg\",\"products\\/4.jpg\",\"products\\/18.jpg\",\"products\\/3.jpg\",\"products\\/17.jpg\",\"products\\/24.jpg\",\"products\\/13.jpg\",\"products\\/2.jpg\",\"products\\/8.jpg\",\"products\\/19.jpg\"]','SW-193-A0',0,10,0,1,1,2,0,0,46,NULL,NULL,NULL,12.00,13.00,11.00,686.00,NULL,167912,'2023-07-02 19:58:44','2023-07-02 19:58:45','in_stock',0,'Botble\\ACL\\Models\\User',NULL,'physical',NULL,NULL,0),(38,'Apple and semolina cake','I don\'t think,\' Alice went on, \'if you don\'t know what to do anything but sit with its eyelids, so he did,\' said the Caterpillar. \'Well, I can\'t see you?\' She was close behind us, and he\'s treading.','<p>Short Hooded Coat features a straight body, large pockets with button flaps, ventilation air holes, and a string detail along the hemline. The style is completed with a drawstring hood, featuring Rains’ signature built-in cap. Made from waterproof, matte PU, this lightweight unisex rain jacket is an ode to nostalgia through its classic silhouette and utilitarian design details.</p>\n                                <p>- Casual unisex fit</p>\n\n                                <p>- 64% polyester, 36% polyurethane</p>\n\n                                <p>- Water column pressure: 4000 mm</p>\n\n                                <p>- Model is 187cm tall and wearing a size S / M</p>\n\n                                <p>- Unisex fit</p>\n\n                                <p>- Drawstring hood with built-in cap</p>\n\n                                <p>- Front placket with snap buttons</p>\n\n                                <p>- Ventilation under armpit</p>\n\n                                <p>- Adjustable cuffs</p>\n\n                                <p>- Double welted front pockets</p>\n\n                                <p>- Adjustable elastic string at hempen</p>\n\n                                <p>- Ultrasonically welded seams</p>\n\n                                <p>This is a unisex item, please check our clothing &amp; footwear sizing guide for specific Rains jacket sizing information. RAINS comes from the rainy nation of Denmark at the edge of the European continent, close to the ocean and with prevailing westerly winds; all factors that contribute to an average of 121 rain days each year. Arising from these rainy weather conditions comes the attitude that a quick rain shower may be beautiful, as well as moody- but first and foremost requires the right outfit. Rains focus on the whole experience of going outside on rainy days, issuing an invitation to explore even in the most mercurial weather.</p>','published','[\"products\\/16.jpg\",\"products\\/14.jpg\",\"products\\/21.jpg\"]','SW-157-A0',0,13,0,1,0,5,0,0,33,NULL,NULL,NULL,10.00,10.00,13.00,581.00,NULL,64541,'2023-07-02 19:58:44','2023-07-02 19:58:45','in_stock',0,'Botble\\ACL\\Models\\User',NULL,'physical',NULL,NULL,0),(39,'Raisin and fennel yoghurt','Alice whispered, \'that it\'s done by everybody minding their own business,\' the Duchess was VERY ugly; and secondly, because they\'re making such a simple question,\' added the Gryphon; and then she.','<p>Short Hooded Coat features a straight body, large pockets with button flaps, ventilation air holes, and a string detail along the hemline. The style is completed with a drawstring hood, featuring Rains’ signature built-in cap. Made from waterproof, matte PU, this lightweight unisex rain jacket is an ode to nostalgia through its classic silhouette and utilitarian design details.</p>\n                                <p>- Casual unisex fit</p>\n\n                                <p>- 64% polyester, 36% polyurethane</p>\n\n                                <p>- Water column pressure: 4000 mm</p>\n\n                                <p>- Model is 187cm tall and wearing a size S / M</p>\n\n                                <p>- Unisex fit</p>\n\n                                <p>- Drawstring hood with built-in cap</p>\n\n                                <p>- Front placket with snap buttons</p>\n\n                                <p>- Ventilation under armpit</p>\n\n                                <p>- Adjustable cuffs</p>\n\n                                <p>- Double welted front pockets</p>\n\n                                <p>- Adjustable elastic string at hempen</p>\n\n                                <p>- Ultrasonically welded seams</p>\n\n                                <p>This is a unisex item, please check our clothing &amp; footwear sizing guide for specific Rains jacket sizing information. RAINS comes from the rainy nation of Denmark at the edge of the European continent, close to the ocean and with prevailing westerly winds; all factors that contribute to an average of 121 rain days each year. Arising from these rainy weather conditions comes the attitude that a quick rain shower may be beautiful, as well as moody- but first and foremost requires the right outfit. Rains focus on the whole experience of going outside on rainy days, issuing an invitation to explore even in the most mercurial weather.</p>','published','[\"products\\/10.jpg\",\"products\\/5.jpg\",\"products\\/23.jpg\",\"products\\/19.jpg\",\"products\\/21.jpg\",\"products\\/3.jpg\",\"products\\/2.jpg\",\"products\\/4.jpg\",\"products\\/1.jpg\",\"products\\/20.jpg\"]','SW-170-A0',0,19,0,1,1,1,0,0,31,NULL,NULL,NULL,18.00,13.00,17.00,564.00,NULL,167429,'2023-07-02 19:58:44','2023-07-02 19:58:45','in_stock',0,'Botble\\ACL\\Models\\User',NULL,'physical',NULL,NULL,0),(40,'Chilli and egg penne','White Rabbit cried out, \'Silence in the sea!\' cried the Mouse, in a moment. \'Let\'s go on crying in this way! Stop this moment, and fetch me a good way off, and found herself at last it sat down and.','<p>Short Hooded Coat features a straight body, large pockets with button flaps, ventilation air holes, and a string detail along the hemline. The style is completed with a drawstring hood, featuring Rains’ signature built-in cap. Made from waterproof, matte PU, this lightweight unisex rain jacket is an ode to nostalgia through its classic silhouette and utilitarian design details.</p>\n                                <p>- Casual unisex fit</p>\n\n                                <p>- 64% polyester, 36% polyurethane</p>\n\n                                <p>- Water column pressure: 4000 mm</p>\n\n                                <p>- Model is 187cm tall and wearing a size S / M</p>\n\n                                <p>- Unisex fit</p>\n\n                                <p>- Drawstring hood with built-in cap</p>\n\n                                <p>- Front placket with snap buttons</p>\n\n                                <p>- Ventilation under armpit</p>\n\n                                <p>- Adjustable cuffs</p>\n\n                                <p>- Double welted front pockets</p>\n\n                                <p>- Adjustable elastic string at hempen</p>\n\n                                <p>- Ultrasonically welded seams</p>\n\n                                <p>This is a unisex item, please check our clothing &amp; footwear sizing guide for specific Rains jacket sizing information. RAINS comes from the rainy nation of Denmark at the edge of the European continent, close to the ocean and with prevailing westerly winds; all factors that contribute to an average of 121 rain days each year. Arising from these rainy weather conditions comes the attitude that a quick rain shower may be beautiful, as well as moody- but first and foremost requires the right outfit. Rains focus on the whole experience of going outside on rainy days, issuing an invitation to explore even in the most mercurial weather.</p>','published','[\"products\\/6.jpg\",\"products\\/2.jpg\",\"products\\/22.jpg\",\"products\\/4.jpg\",\"products\\/19.jpg\"]','SW-111-A0',0,16,0,1,0,1,0,0,36,28.44,NULL,NULL,13.00,20.00,11.00,587.00,NULL,84585,'2023-07-02 19:58:44','2023-07-02 19:58:45','in_stock',0,'Botble\\ACL\\Models\\User',NULL,'physical',NULL,NULL,0),(41,'Basil and chestnut soup','And welcome little fishes in With gently smiling jaws!\' \'I\'m sure those are not the same, the next witness would be worth the trouble of getting her hands on her lap as if she had caught the.','<p>Short Hooded Coat features a straight body, large pockets with button flaps, ventilation air holes, and a string detail along the hemline. The style is completed with a drawstring hood, featuring Rains’ signature built-in cap. Made from waterproof, matte PU, this lightweight unisex rain jacket is an ode to nostalgia through its classic silhouette and utilitarian design details.</p>\n                                <p>- Casual unisex fit</p>\n\n                                <p>- 64% polyester, 36% polyurethane</p>\n\n                                <p>- Water column pressure: 4000 mm</p>\n\n                                <p>- Model is 187cm tall and wearing a size S / M</p>\n\n                                <p>- Unisex fit</p>\n\n                                <p>- Drawstring hood with built-in cap</p>\n\n                                <p>- Front placket with snap buttons</p>\n\n                                <p>- Ventilation under armpit</p>\n\n                                <p>- Adjustable cuffs</p>\n\n                                <p>- Double welted front pockets</p>\n\n                                <p>- Adjustable elastic string at hempen</p>\n\n                                <p>- Ultrasonically welded seams</p>\n\n                                <p>This is a unisex item, please check our clothing &amp; footwear sizing guide for specific Rains jacket sizing information. RAINS comes from the rainy nation of Denmark at the edge of the European continent, close to the ocean and with prevailing westerly winds; all factors that contribute to an average of 121 rain days each year. Arising from these rainy weather conditions comes the attitude that a quick rain shower may be beautiful, as well as moody- but first and foremost requires the right outfit. Rains focus on the whole experience of going outside on rainy days, issuing an invitation to explore even in the most mercurial weather.</p>','published','[\"products\\/6.jpg\",\"products\\/22.jpg\",\"products\\/14.jpg\",\"products\\/8.jpg\"]','SW-163-A0',0,19,0,1,1,5,0,0,35,NULL,NULL,NULL,20.00,17.00,10.00,686.00,NULL,29867,'2023-07-02 19:58:44','2023-07-02 19:58:45','in_stock',0,'Botble\\ACL\\Models\\User',NULL,'physical',NULL,NULL,0),(42,'Chevre au mill',NULL,NULL,'published','[\"products\\/15.jpg\"]','SW-186-A0',0,16,0,1,0,2,1,0,31,NULL,NULL,NULL,20.00,19.00,19.00,756.00,NULL,0,'2023-07-02 19:58:44','2023-07-02 19:58:44','in_stock',0,'Botble\\ACL\\Models\\User',NULL,'physical',NULL,NULL,0),(43,'Chevre au mill',NULL,NULL,'published','[\"products\\/21.jpg\"]','SW-186-A0-A1',0,16,0,1,0,2,1,0,31,NULL,NULL,NULL,20.00,19.00,19.00,756.00,NULL,0,'2023-07-02 19:58:44','2023-07-02 19:58:44','in_stock',0,'Botble\\ACL\\Models\\User',NULL,'physical',NULL,NULL,0),(44,'Salmon Grav-lax',NULL,NULL,'published','[\"products\\/24.jpg\"]','SW-183-A0',0,15,0,1,0,3,1,0,41,NULL,NULL,NULL,11.00,11.00,11.00,698.00,NULL,0,'2023-07-02 19:58:44','2023-07-02 19:58:44','in_stock',0,'Botble\\ACL\\Models\\User',NULL,'physical',NULL,NULL,0),(45,'Salmon Grav-lax',NULL,NULL,'published','[\"products\\/12.jpg\"]','SW-183-A0-A1',0,15,0,1,0,3,1,0,41,NULL,NULL,NULL,11.00,11.00,11.00,698.00,NULL,0,'2023-07-02 19:58:44','2023-07-02 19:58:44','in_stock',0,'Botble\\ACL\\Models\\User',NULL,'physical',NULL,NULL,0),(46,'Salmon Grav-lax',NULL,NULL,'published','[\"products\\/16.jpg\"]','SW-183-A0-A2',0,15,0,1,0,3,1,0,41,NULL,NULL,NULL,11.00,11.00,11.00,698.00,NULL,0,'2023-07-02 19:58:44','2023-07-02 19:58:44','in_stock',0,'Botble\\ACL\\Models\\User',NULL,'physical',NULL,NULL,0),(47,'Straitlaced',NULL,NULL,'published','[\"products\\/2.jpg\"]','SW-110-A0',0,20,0,1,0,5,1,0,45,NULL,NULL,NULL,20.00,20.00,18.00,654.00,NULL,0,'2023-07-02 19:58:44','2023-07-02 19:58:44','in_stock',0,'Botble\\ACL\\Models\\User',NULL,'physical',NULL,NULL,0),(48,'Straitlaced',NULL,NULL,'published','[\"products\\/25.jpg\"]','SW-110-A0-A1',0,20,0,1,0,5,1,0,45,NULL,NULL,NULL,20.00,20.00,18.00,654.00,NULL,0,'2023-07-02 19:58:44','2023-07-02 19:58:44','in_stock',0,'Botble\\ACL\\Models\\User',NULL,'physical',NULL,NULL,0),(49,'Carpaccio de degrade',NULL,NULL,'published','[\"products\\/1.jpg\"]','SW-134-A0',0,16,0,1,0,1,1,0,41,36.08,NULL,NULL,10.00,19.00,10.00,600.00,NULL,0,'2023-07-02 19:58:44','2023-07-02 19:58:44','in_stock',0,'Botble\\ACL\\Models\\User',NULL,'physical',NULL,NULL,0),(50,'Carpaccio de degrade',NULL,NULL,'published','[\"products\\/26.jpg\"]','SW-134-A0-A1',0,16,0,1,0,1,1,0,41,31.57,NULL,NULL,10.00,19.00,10.00,600.00,NULL,0,'2023-07-02 19:58:44','2023-07-02 19:58:44','in_stock',0,'Botble\\ACL\\Models\\User',NULL,'physical',NULL,NULL,0),(51,'Spring roll',NULL,NULL,'published','[\"products\\/26.jpg\"]','SW-119-A0',0,10,0,1,0,4,1,0,47,NULL,NULL,NULL,12.00,12.00,18.00,832.00,NULL,0,'2023-07-02 19:58:44','2023-07-02 19:58:44','in_stock',0,'Botble\\ACL\\Models\\User',NULL,'physical',NULL,NULL,0),(52,'Spring roll',NULL,NULL,'published','[\"products\\/11.jpg\"]','SW-119-A0-A1',0,10,0,1,0,4,1,0,47,NULL,NULL,NULL,12.00,12.00,18.00,832.00,NULL,0,'2023-07-02 19:58:44','2023-07-02 19:58:44','in_stock',0,'Botble\\ACL\\Models\\User',NULL,'physical',NULL,NULL,0),(53,'Fish soup',NULL,NULL,'published','[\"products\\/10.jpg\"]','SW-137-A0',0,20,0,1,0,1,1,0,42,NULL,NULL,NULL,11.00,19.00,18.00,694.00,NULL,0,'2023-07-02 19:58:44','2023-07-02 19:58:44','in_stock',0,'Botble\\ACL\\Models\\User',NULL,'physical',NULL,NULL,0),(54,'Fish soup',NULL,NULL,'published','[\"products\\/9.jpg\"]','SW-137-A0-A1',0,20,0,1,0,1,1,0,42,NULL,NULL,NULL,11.00,19.00,18.00,694.00,NULL,0,'2023-07-02 19:58:44','2023-07-02 19:58:44','in_stock',0,'Botble\\ACL\\Models\\User',NULL,'physical',NULL,NULL,0),(55,'Fish soup',NULL,NULL,'published','[\"products\\/3.jpg\"]','SW-137-A0-A2',0,20,0,1,0,1,1,0,42,NULL,NULL,NULL,11.00,19.00,18.00,694.00,NULL,0,'2023-07-02 19:58:44','2023-07-02 19:58:44','in_stock',0,'Botble\\ACL\\Models\\User',NULL,'physical',NULL,NULL,0),(56,'Fried beef',NULL,NULL,'published','[\"products\\/24.jpg\"]','SW-146-A0',0,16,0,1,0,2,1,0,50,NULL,NULL,NULL,17.00,18.00,14.00,674.00,NULL,0,'2023-07-02 19:58:44','2023-07-02 19:58:44','in_stock',0,'Botble\\ACL\\Models\\User',NULL,'physical',NULL,NULL,0),(57,'Fried beef',NULL,NULL,'published','[\"products\\/9.jpg\"]','SW-146-A0-A1',0,16,0,1,0,2,1,0,50,NULL,NULL,NULL,17.00,18.00,14.00,674.00,NULL,0,'2023-07-02 19:58:44','2023-07-02 19:58:44','in_stock',0,'Botble\\ACL\\Models\\User',NULL,'physical',NULL,NULL,0),(58,'Boiled vegetables',NULL,NULL,'published','[\"products\\/8.jpg\"]','SW-122-A0',0,17,0,1,0,5,1,0,45,40.5,NULL,NULL,19.00,15.00,19.00,590.00,NULL,0,'2023-07-02 19:58:44','2023-07-02 19:58:44','in_stock',0,'Botble\\ACL\\Models\\User',NULL,'physical',NULL,NULL,0),(59,'Boiled vegetables',NULL,NULL,'published','[\"products\\/7.jpg\"]','SW-122-A0-A1',0,17,0,1,0,5,1,0,45,39.6,NULL,NULL,19.00,15.00,19.00,590.00,NULL,0,'2023-07-02 19:58:44','2023-07-02 19:58:44','in_stock',0,'Botble\\ACL\\Models\\User',NULL,'physical',NULL,NULL,0),(60,'Boiled vegetables',NULL,NULL,'published','[\"products\\/25.jpg\"]','SW-122-A0-A2',0,17,0,1,0,5,1,0,45,35.1,NULL,NULL,19.00,15.00,19.00,590.00,NULL,0,'2023-07-02 19:58:44','2023-07-02 19:58:44','in_stock',0,'Botble\\ACL\\Models\\User',NULL,'physical',NULL,NULL,0),(61,'Omelet',NULL,NULL,'published','[\"products\\/23.jpg\"]','SW-138-A0',0,11,0,1,0,1,1,0,50,NULL,NULL,NULL,12.00,11.00,20.00,587.00,NULL,0,'2023-07-02 19:58:44','2023-07-02 19:58:44','in_stock',0,'Botble\\ACL\\Models\\User',NULL,'physical',NULL,NULL,0),(62,'Stuffed pancake',NULL,NULL,'published','[\"products\\/6.jpg\"]','SW-191-A0',0,13,0,1,0,3,1,0,37,NULL,NULL,NULL,12.00,17.00,15.00,851.00,NULL,0,'2023-07-02 19:58:44','2023-07-02 19:58:44','in_stock',0,'Botble\\ACL\\Models\\User',NULL,'physical',NULL,NULL,0),(63,'Stuffed pancake',NULL,NULL,'published','[\"products\\/25.jpg\"]','SW-191-A0-A1',0,13,0,1,0,3,1,0,37,NULL,NULL,NULL,12.00,17.00,15.00,851.00,NULL,0,'2023-07-02 19:58:44','2023-07-02 19:58:44','in_stock',0,'Botble\\ACL\\Models\\User',NULL,'physical',NULL,NULL,0),(64,'Spicy beef noodle soup',NULL,NULL,'published','[\"products\\/13.jpg\"]','SW-147-A0',0,10,0,1,0,5,1,0,43,NULL,NULL,NULL,20.00,15.00,17.00,777.00,NULL,0,'2023-07-02 19:58:44','2023-07-02 19:58:44','in_stock',0,'Botble\\ACL\\Models\\User',NULL,'physical',NULL,NULL,0),(65,'Spicy beef noodle soup',NULL,NULL,'published','[\"products\\/2.jpg\"]','SW-147-A0-A1',0,10,0,1,0,5,1,0,43,NULL,NULL,NULL,20.00,15.00,17.00,777.00,NULL,0,'2023-07-02 19:58:44','2023-07-02 19:58:44','in_stock',0,'Botble\\ACL\\Models\\User',NULL,'physical',NULL,NULL,0),(66,'Pancake',NULL,NULL,'published','[\"products\\/25.jpg\"]','SW-116-A0',0,13,0,1,0,3,1,0,34,24.82,NULL,NULL,18.00,12.00,12.00,802.00,NULL,0,'2023-07-02 19:58:44','2023-07-02 19:58:44','in_stock',0,'Botble\\ACL\\Models\\User',NULL,'physical',NULL,NULL,0),(67,'Pancake',NULL,NULL,'published','[\"products\\/2.jpg\"]','SW-116-A0-A1',0,13,0,1,0,3,1,0,34,29.92,NULL,NULL,18.00,12.00,12.00,802.00,NULL,0,'2023-07-02 19:58:44','2023-07-02 19:58:44','in_stock',0,'Botble\\ACL\\Models\\User',NULL,'physical',NULL,NULL,0),(68,'Onion pickle',NULL,NULL,'published','[\"products\\/14.jpg\"]','SW-194-A0',0,13,0,1,0,4,1,0,40,NULL,NULL,NULL,11.00,10.00,17.00,723.00,NULL,0,'2023-07-02 19:58:44','2023-07-02 19:58:44','in_stock',0,'Botble\\ACL\\Models\\User',NULL,'physical',NULL,NULL,0),(69,'Onion pickle',NULL,NULL,'published','[\"products\\/10.jpg\"]','SW-194-A0-A1',0,13,0,1,0,4,1,0,40,NULL,NULL,NULL,11.00,10.00,17.00,723.00,NULL,0,'2023-07-02 19:58:44','2023-07-02 19:58:44','in_stock',0,'Botble\\ACL\\Models\\User',NULL,'physical',NULL,NULL,0),(70,'Ice-cream',NULL,NULL,'published','[\"products\\/15.jpg\"]','SW-115-A0',0,16,0,1,0,1,1,0,50,NULL,NULL,NULL,11.00,13.00,15.00,567.00,NULL,0,'2023-07-02 19:58:44','2023-07-02 19:58:44','in_stock',0,'Botble\\ACL\\Models\\User',NULL,'physical',NULL,NULL,0),(71,'Salad',NULL,NULL,'published','[\"products\\/9.jpg\"]','SW-143-A0',0,10,0,1,0,1,1,0,44,NULL,NULL,NULL,17.00,18.00,17.00,748.00,NULL,0,'2023-07-02 19:58:44','2023-07-02 19:58:44','in_stock',0,'Botble\\ACL\\Models\\User',NULL,'physical',NULL,NULL,0),(72,'Spaghetti',NULL,NULL,'published','[\"products\\/7.jpg\"]','SW-192-A0',0,17,0,1,0,4,1,0,40,30,NULL,NULL,10.00,16.00,11.00,881.00,NULL,0,'2023-07-02 19:58:44','2023-07-02 19:58:44','in_stock',0,'Botble\\ACL\\Models\\User',NULL,'physical',NULL,NULL,0),(73,'Spaghetti',NULL,NULL,'published','[\"products\\/17.jpg\"]','SW-192-A0-A1',0,17,0,1,0,4,1,0,40,30.8,NULL,NULL,10.00,16.00,11.00,881.00,NULL,0,'2023-07-02 19:58:44','2023-07-02 19:58:44','in_stock',0,'Botble\\ACL\\Models\\User',NULL,'physical',NULL,NULL,0),(74,'Spaghetti',NULL,NULL,'published','[\"products\\/19.jpg\"]','SW-192-A0-A2',0,17,0,1,0,4,1,0,40,35.2,NULL,NULL,10.00,16.00,11.00,881.00,NULL,0,'2023-07-02 19:58:44','2023-07-02 19:58:44','in_stock',0,'Botble\\ACL\\Models\\User',NULL,'physical',NULL,NULL,0),(75,'Duck meat',NULL,NULL,'published','[\"products\\/25.jpg\"]','SW-111-A0',0,19,0,1,0,5,1,0,33,NULL,NULL,NULL,16.00,12.00,11.00,703.00,NULL,0,'2023-07-02 19:58:44','2023-07-02 19:58:44','in_stock',0,'Botble\\ACL\\Models\\User',NULL,'physical',NULL,NULL,0),(76,'Shrimp',NULL,NULL,'published','[\"products\\/20.jpg\"]','SW-131-A0',0,18,0,1,0,2,1,0,31,NULL,NULL,NULL,11.00,15.00,17.00,584.00,NULL,0,'2023-07-02 19:58:44','2023-07-02 19:58:44','in_stock',0,'Botble\\ACL\\Models\\User',NULL,'physical',NULL,NULL,0),(77,'Shrimp',NULL,NULL,'published','[\"products\\/12.jpg\"]','SW-131-A0-A1',0,18,0,1,0,2,1,0,31,NULL,NULL,NULL,11.00,15.00,17.00,584.00,NULL,0,'2023-07-02 19:58:44','2023-07-02 19:58:44','in_stock',0,'Botble\\ACL\\Models\\User',NULL,'physical',NULL,NULL,0),(78,'Shrimp',NULL,NULL,'published','[\"products\\/5.jpg\"]','SW-131-A0-A2',0,18,0,1,0,2,1,0,31,NULL,NULL,NULL,11.00,15.00,17.00,584.00,NULL,0,'2023-07-02 19:58:44','2023-07-02 19:58:44','in_stock',0,'Botble\\ACL\\Models\\User',NULL,'physical',NULL,NULL,0),(79,'Turkey meat',NULL,NULL,'published','[\"products\\/11.jpg\"]','SW-151-A0',0,13,0,1,0,1,1,0,33,NULL,NULL,NULL,13.00,11.00,12.00,755.00,NULL,0,'2023-07-02 19:58:44','2023-07-02 19:58:44','in_stock',0,'Botble\\ACL\\Models\\User',NULL,'physical',NULL,NULL,0),(80,'Turkey meat',NULL,NULL,'published','[\"products\\/2.jpg\"]','SW-151-A0-A1',0,13,0,1,0,1,1,0,33,NULL,NULL,NULL,13.00,11.00,12.00,755.00,NULL,0,'2023-07-02 19:58:44','2023-07-02 19:58:44','in_stock',0,'Botble\\ACL\\Models\\User',NULL,'physical',NULL,NULL,0),(81,'Turkey meat',NULL,NULL,'published','[\"products\\/12.jpg\"]','SW-151-A0-A2',0,13,0,1,0,1,1,0,33,NULL,NULL,NULL,13.00,11.00,12.00,755.00,NULL,0,'2023-07-02 19:58:44','2023-07-02 19:58:44','in_stock',0,'Botble\\ACL\\Models\\User',NULL,'physical',NULL,NULL,0),(82,'Peppercorn and leek parcels',NULL,NULL,'published','[\"products\\/17.jpg\"]','SW-143-A0',0,15,0,1,0,5,1,0,32,22.72,NULL,NULL,18.00,14.00,16.00,504.00,NULL,0,'2023-07-02 19:58:44','2023-07-02 19:58:44','in_stock',0,'Botble\\ACL\\Models\\User',NULL,'physical',NULL,NULL,0),(83,'Peppercorn and leek parcels',NULL,NULL,'published','[\"products\\/13.jpg\"]','SW-143-A0-A1',0,15,0,1,0,5,1,0,32,25.28,NULL,NULL,18.00,14.00,16.00,504.00,NULL,0,'2023-07-02 19:58:44','2023-07-02 19:58:44','in_stock',0,'Botble\\ACL\\Models\\User',NULL,'physical',NULL,NULL,0),(84,'Peppercorn and leek parcels',NULL,NULL,'published','[\"products\\/22.jpg\"]','SW-143-A0-A2',0,15,0,1,0,5,1,0,32,25.92,NULL,NULL,18.00,14.00,16.00,504.00,NULL,0,'2023-07-02 19:58:44','2023-07-02 19:58:44','in_stock',0,'Botble\\ACL\\Models\\User',NULL,'physical',NULL,NULL,0),(85,'Peppercorn and leek parcels',NULL,NULL,'published','[\"products\\/4.jpg\"]','SW-143-A0-A3',0,15,0,1,0,5,1,0,32,23.68,NULL,NULL,18.00,14.00,16.00,504.00,NULL,0,'2023-07-02 19:58:44','2023-07-02 19:58:44','in_stock',0,'Botble\\ACL\\Models\\User',NULL,'physical',NULL,NULL,0),(86,'Lamb and gruyere salad',NULL,NULL,'published','[\"products\\/18.jpg\"]','SW-144-A0',0,19,0,1,0,4,1,0,31,NULL,NULL,NULL,10.00,14.00,17.00,659.00,NULL,0,'2023-07-02 19:58:44','2023-07-02 19:58:44','in_stock',0,'Botble\\ACL\\Models\\User',NULL,'physical',NULL,NULL,0),(87,'Lamb and gruyere salad',NULL,NULL,'published','[\"products\\/26.jpg\"]','SW-144-A0-A1',0,19,0,1,0,4,1,0,31,NULL,NULL,NULL,10.00,14.00,17.00,659.00,NULL,0,'2023-07-02 19:58:44','2023-07-02 19:58:44','in_stock',0,'Botble\\ACL\\Models\\User',NULL,'physical',NULL,NULL,0),(88,'Venison and aubergine kebab',NULL,NULL,'published','[\"products\\/8.jpg\"]','SW-198-A0',0,20,0,1,0,4,1,0,32,NULL,NULL,NULL,20.00,13.00,16.00,803.00,NULL,0,'2023-07-02 19:58:44','2023-07-02 19:58:44','in_stock',0,'Botble\\ACL\\Models\\User',NULL,'physical',NULL,NULL,0),(89,'Venison and aubergine kebab',NULL,NULL,'published','[\"products\\/6.jpg\"]','SW-198-A0-A1',0,20,0,1,0,4,1,0,32,NULL,NULL,NULL,20.00,13.00,16.00,803.00,NULL,0,'2023-07-02 19:58:44','2023-07-02 19:58:44','in_stock',0,'Botble\\ACL\\Models\\User',NULL,'physical',NULL,NULL,0),(90,'Venison and aubergine kebab',NULL,NULL,'published','[\"products\\/23.jpg\"]','SW-198-A0-A2',0,20,0,1,0,4,1,0,32,NULL,NULL,NULL,20.00,13.00,16.00,803.00,NULL,0,'2023-07-02 19:58:44','2023-07-02 19:58:44','in_stock',0,'Botble\\ACL\\Models\\User',NULL,'physical',NULL,NULL,0),(91,'Venison and aubergine kebab',NULL,NULL,'published','[\"products\\/3.jpg\"]','SW-198-A0-A3',0,20,0,1,0,4,1,0,32,NULL,NULL,NULL,20.00,13.00,16.00,803.00,NULL,0,'2023-07-02 19:58:44','2023-07-02 19:58:44','in_stock',0,'Botble\\ACL\\Models\\User',NULL,'physical',NULL,NULL,0),(92,'Dulse and tumeric salad',NULL,NULL,'published','[\"products\\/7.jpg\"]','SW-166-A0',0,19,0,1,0,2,1,0,40,NULL,NULL,NULL,14.00,16.00,19.00,866.00,NULL,0,'2023-07-02 19:58:44','2023-07-02 19:58:44','in_stock',0,'Botble\\ACL\\Models\\User',NULL,'physical',NULL,NULL,0),(93,'Dulse and tumeric salad',NULL,NULL,'published','[\"products\\/26.jpg\"]','SW-166-A0-A1',0,19,0,1,0,2,1,0,40,NULL,NULL,NULL,14.00,16.00,19.00,866.00,NULL,0,'2023-07-02 19:58:44','2023-07-02 19:58:44','in_stock',0,'Botble\\ACL\\Models\\User',NULL,'physical',NULL,NULL,0),(94,'Dulse and tumeric salad',NULL,NULL,'published','[\"products\\/6.jpg\"]','SW-166-A0-A2',0,19,0,1,0,2,1,0,40,NULL,NULL,NULL,14.00,16.00,19.00,866.00,NULL,0,'2023-07-02 19:58:44','2023-07-02 19:58:44','in_stock',0,'Botble\\ACL\\Models\\User',NULL,'physical',NULL,NULL,0),(95,'Dulse and tumeric salad',NULL,NULL,'published','[\"products\\/22.jpg\"]','SW-166-A0-A3',0,19,0,1,0,2,1,0,40,NULL,NULL,NULL,14.00,16.00,19.00,866.00,NULL,0,'2023-07-02 19:58:44','2023-07-02 19:58:44','in_stock',0,'Botble\\ACL\\Models\\User',NULL,'physical',NULL,NULL,0),(96,'Pork and broccoli soup',NULL,NULL,'published','[\"products\\/9.jpg\"]','SW-171-A0',0,12,0,1,0,4,1,0,33,28.38,NULL,NULL,13.00,12.00,19.00,725.00,NULL,0,'2023-07-02 19:58:44','2023-07-02 19:58:44','in_stock',0,'Botble\\ACL\\Models\\User',NULL,'physical',NULL,NULL,0),(97,'Pork and broccoli soup',NULL,NULL,'published','[\"products\\/24.jpg\"]','SW-171-A0-A1',0,12,0,1,0,4,1,0,33,28.05,NULL,NULL,13.00,12.00,19.00,725.00,NULL,0,'2023-07-02 19:58:44','2023-07-02 19:58:44','in_stock',0,'Botble\\ACL\\Models\\User',NULL,'physical',NULL,NULL,0),(98,'Chickpea and chilli pasta',NULL,NULL,'published','[\"products\\/1.jpg\"]','SW-192-A0',0,11,0,1,0,5,1,0,39,NULL,NULL,NULL,12.00,18.00,11.00,605.00,NULL,0,'2023-07-02 19:58:44','2023-07-02 19:58:44','in_stock',0,'Botble\\ACL\\Models\\User',NULL,'physical',NULL,NULL,0),(99,'Chickpea and chilli pasta',NULL,NULL,'published','[\"products\\/17.jpg\"]','SW-192-A0-A1',0,11,0,1,0,5,1,0,39,NULL,NULL,NULL,12.00,18.00,11.00,605.00,NULL,0,'2023-07-02 19:58:44','2023-07-02 19:58:44','in_stock',0,'Botble\\ACL\\Models\\User',NULL,'physical',NULL,NULL,0),(100,'Chickpea and chilli pasta',NULL,NULL,'published','[\"products\\/6.jpg\"]','SW-192-A0-A2',0,11,0,1,0,5,1,0,39,NULL,NULL,NULL,12.00,18.00,11.00,605.00,NULL,0,'2023-07-02 19:58:44','2023-07-02 19:58:44','in_stock',0,'Botble\\ACL\\Models\\User',NULL,'physical',NULL,NULL,0),(101,'Chickpea and chilli pasta',NULL,NULL,'published','[\"products\\/23.jpg\"]','SW-192-A0-A3',0,11,0,1,0,5,1,0,39,NULL,NULL,NULL,12.00,18.00,11.00,605.00,NULL,0,'2023-07-02 19:58:44','2023-07-02 19:58:44','in_stock',0,'Botble\\ACL\\Models\\User',NULL,'physical',NULL,NULL,0),(102,'Anise and coconut curry',NULL,NULL,'published','[\"products\\/3.jpg\"]','SW-125-A0',0,19,0,1,0,2,1,0,33,NULL,NULL,NULL,10.00,13.00,16.00,853.00,NULL,0,'2023-07-02 19:58:44','2023-07-02 19:58:44','in_stock',0,'Botble\\ACL\\Models\\User',NULL,'physical',NULL,NULL,0),(103,'Anise and coconut curry',NULL,NULL,'published','[\"products\\/26.jpg\"]','SW-125-A0-A1',0,19,0,1,0,2,1,0,33,NULL,NULL,NULL,10.00,13.00,16.00,853.00,NULL,0,'2023-07-02 19:58:44','2023-07-02 19:58:44','in_stock',0,'Botble\\ACL\\Models\\User',NULL,'physical',NULL,NULL,0),(104,'Rice and sesame pancake',NULL,NULL,'published','[\"products\\/7.jpg\"]','SW-167-A0',0,17,0,1,0,5,1,0,50,NULL,NULL,NULL,13.00,19.00,10.00,622.00,NULL,0,'2023-07-02 19:58:44','2023-07-02 19:58:44','in_stock',0,'Botble\\ACL\\Models\\User',NULL,'physical',NULL,NULL,0),(105,'Cabbage and rosemary parcels',NULL,NULL,'published','[\"products\\/10.jpg\"]','SW-100-A0',0,16,0,1,0,2,1,0,40,31.2,NULL,NULL,18.00,19.00,13.00,682.00,NULL,0,'2023-07-02 19:58:44','2023-07-02 19:58:44','in_stock',0,'Botble\\ACL\\Models\\User',NULL,'physical',NULL,NULL,0),(106,'Cabbage and rosemary parcels',NULL,NULL,'published','[\"products\\/17.jpg\"]','SW-100-A0-A1',0,16,0,1,0,2,1,0,40,28,NULL,NULL,18.00,19.00,13.00,682.00,NULL,0,'2023-07-02 19:58:44','2023-07-02 19:58:44','in_stock',0,'Botble\\ACL\\Models\\User',NULL,'physical',NULL,NULL,0),(107,'Nutmeg and cinnamon loaf',NULL,NULL,'published','[\"products\\/25.jpg\"]','SW-105-A0',0,16,0,1,0,3,1,0,31,NULL,NULL,NULL,19.00,20.00,16.00,530.00,NULL,0,'2023-07-02 19:58:44','2023-07-02 19:58:44','in_stock',0,'Botble\\ACL\\Models\\User',NULL,'physical',NULL,NULL,0),(108,'Nutmeg and cinnamon loaf',NULL,NULL,'published','[\"products\\/5.jpg\"]','SW-105-A0-A1',0,16,0,1,0,3,1,0,31,NULL,NULL,NULL,19.00,20.00,16.00,530.00,NULL,0,'2023-07-02 19:58:44','2023-07-02 19:58:44','in_stock',0,'Botble\\ACL\\Models\\User',NULL,'physical',NULL,NULL,0),(109,'Nutmeg and cinnamon loaf',NULL,NULL,'published','[\"products\\/17.jpg\"]','SW-105-A0-A2',0,16,0,1,0,3,1,0,31,NULL,NULL,NULL,19.00,20.00,16.00,530.00,NULL,0,'2023-07-02 19:58:44','2023-07-02 19:58:44','in_stock',0,'Botble\\ACL\\Models\\User',NULL,'physical',NULL,NULL,0),(110,'Leek and mushroom pie',NULL,NULL,'published','[\"products\\/23.jpg\"]','SW-137-A0',0,19,0,1,0,4,1,0,38,NULL,NULL,NULL,15.00,12.00,15.00,716.00,NULL,0,'2023-07-02 19:58:45','2023-07-02 19:58:45','in_stock',0,'Botble\\ACL\\Models\\User',NULL,'physical',NULL,NULL,0),(111,'Leek and mushroom pie',NULL,NULL,'published','[\"products\\/15.jpg\"]','SW-137-A0-A1',0,19,0,1,0,4,1,0,38,NULL,NULL,NULL,15.00,12.00,15.00,716.00,NULL,0,'2023-07-02 19:58:45','2023-07-02 19:58:45','in_stock',0,'Botble\\ACL\\Models\\User',NULL,'physical',NULL,NULL,0),(112,'Banh mi',NULL,NULL,'published','[\"products\\/13.jpg\"]','SW-144-A0',0,11,0,1,0,4,1,0,38,NULL,NULL,NULL,14.00,20.00,10.00,600.00,NULL,0,'2023-07-02 19:58:45','2023-07-02 19:58:45','in_stock',0,'Botble\\ACL\\Models\\User',NULL,'physical',NULL,NULL,0),(113,'Banh mi',NULL,NULL,'published','[\"products\\/3.jpg\"]','SW-144-A0-A1',0,11,0,1,0,4,1,0,38,NULL,NULL,NULL,14.00,20.00,10.00,600.00,NULL,0,'2023-07-02 19:58:45','2023-07-02 19:58:45','in_stock',0,'Botble\\ACL\\Models\\User',NULL,'physical',NULL,NULL,0),(114,'Banh mi',NULL,NULL,'published','[\"products\\/18.jpg\"]','SW-144-A0-A2',0,11,0,1,0,4,1,0,38,NULL,NULL,NULL,14.00,20.00,10.00,600.00,NULL,0,'2023-07-02 19:58:45','2023-07-02 19:58:45','in_stock',0,'Botble\\ACL\\Models\\User',NULL,'physical',NULL,NULL,0),(115,'Banh mi',NULL,NULL,'published','[\"products\\/5.jpg\"]','SW-144-A0-A3',0,11,0,1,0,4,1,0,38,NULL,NULL,NULL,14.00,20.00,10.00,600.00,NULL,0,'2023-07-02 19:58:45','2023-07-02 19:58:45','in_stock',0,'Botble\\ACL\\Models\\User',NULL,'physical',NULL,NULL,0),(116,'Pho bo',NULL,NULL,'published','[\"products\\/4.jpg\"]','SW-153-A0',0,13,0,1,0,4,1,0,32,27.84,NULL,NULL,14.00,20.00,20.00,757.00,NULL,0,'2023-07-02 19:58:45','2023-07-02 19:58:45','in_stock',0,'Botble\\ACL\\Models\\User',NULL,'physical',NULL,NULL,0),(117,'Bun dau mam tom',NULL,NULL,'published','[\"products\\/14.jpg\"]','SW-140-A0',0,14,0,1,0,2,1,0,33,NULL,NULL,NULL,18.00,13.00,17.00,848.00,NULL,0,'2023-07-02 19:58:45','2023-07-02 19:58:45','in_stock',0,'Botble\\ACL\\Models\\User',NULL,'physical',NULL,NULL,0),(118,'Bun dau mam tom',NULL,NULL,'published','[\"products\\/24.jpg\"]','SW-140-A0-A1',0,14,0,1,0,2,1,0,33,NULL,NULL,NULL,18.00,13.00,17.00,848.00,NULL,0,'2023-07-02 19:58:45','2023-07-02 19:58:45','in_stock',0,'Botble\\ACL\\Models\\User',NULL,'physical',NULL,NULL,0),(119,'Onion sandwich with chilli relish',NULL,NULL,'published','[\"products\\/3.jpg\"]','SW-164-A0',0,19,0,1,0,5,1,0,31,NULL,NULL,NULL,20.00,20.00,20.00,603.00,NULL,0,'2023-07-02 19:58:45','2023-07-02 19:58:45','in_stock',0,'Botble\\ACL\\Models\\User',NULL,'physical',NULL,NULL,0),(120,'Onion sandwich with chilli relish',NULL,NULL,'published','[\"products\\/19.jpg\"]','SW-164-A0-A1',0,19,0,1,0,5,1,0,31,NULL,NULL,NULL,20.00,20.00,20.00,603.00,NULL,0,'2023-07-02 19:58:45','2023-07-02 19:58:45','in_stock',0,'Botble\\ACL\\Models\\User',NULL,'physical',NULL,NULL,0),(121,'Spinach and aubergine bread',NULL,NULL,'published','[\"products\\/13.jpg\"]','SW-136-A0',0,15,0,1,0,5,1,0,46,NULL,NULL,NULL,16.00,20.00,15.00,590.00,NULL,0,'2023-07-02 19:58:45','2023-07-02 19:58:45','in_stock',0,'Botble\\ACL\\Models\\User',NULL,'physical',NULL,NULL,0),(122,'Spinach and aubergine bread',NULL,NULL,'published','[\"products\\/1.jpg\"]','SW-136-A0-A1',0,15,0,1,0,5,1,0,46,NULL,NULL,NULL,16.00,20.00,15.00,590.00,NULL,0,'2023-07-02 19:58:45','2023-07-02 19:58:45','in_stock',0,'Botble\\ACL\\Models\\User',NULL,'physical',NULL,NULL,0),(123,'Spinach and aubergine bread',NULL,NULL,'published','[\"products\\/8.jpg\"]','SW-136-A0-A2',0,15,0,1,0,5,1,0,46,NULL,NULL,NULL,16.00,20.00,15.00,590.00,NULL,0,'2023-07-02 19:58:45','2023-07-02 19:58:45','in_stock',0,'Botble\\ACL\\Models\\User',NULL,'physical',NULL,NULL,0),(124,'Banana and squash madras',NULL,NULL,'published','[\"products\\/16.jpg\"]','SW-113-A0',0,15,0,1,0,5,1,0,50,43,NULL,NULL,10.00,11.00,10.00,668.00,NULL,0,'2023-07-02 19:58:45','2023-07-02 19:58:45','in_stock',0,'Botble\\ACL\\Models\\User',NULL,'physical',NULL,NULL,0),(125,'Apple and semolina cake',NULL,NULL,'published','[\"products\\/5.jpg\"]','SW-193-A0',0,10,0,1,0,2,1,0,46,NULL,NULL,NULL,12.00,13.00,11.00,686.00,NULL,0,'2023-07-02 19:58:45','2023-07-02 19:58:45','in_stock',0,'Botble\\ACL\\Models\\User',NULL,'physical',NULL,NULL,0),(126,'Apple and semolina cake',NULL,NULL,'published','[\"products\\/4.jpg\"]','SW-193-A0-A1',0,10,0,1,0,2,1,0,46,NULL,NULL,NULL,12.00,13.00,11.00,686.00,NULL,0,'2023-07-02 19:58:45','2023-07-02 19:58:45','in_stock',0,'Botble\\ACL\\Models\\User',NULL,'physical',NULL,NULL,0),(127,'Apple and semolina cake',NULL,NULL,'published','[\"products\\/16.jpg\"]','SW-157-A0',0,13,0,1,0,5,1,0,33,NULL,NULL,NULL,10.00,10.00,13.00,581.00,NULL,0,'2023-07-02 19:58:45','2023-07-02 19:58:45','in_stock',0,'Botble\\ACL\\Models\\User',NULL,'physical',NULL,NULL,0),(128,'Raisin and fennel yoghurt',NULL,NULL,'published','[\"products\\/10.jpg\"]','SW-170-A0',0,19,0,1,0,1,1,0,31,NULL,NULL,NULL,18.00,13.00,17.00,564.00,NULL,0,'2023-07-02 19:58:45','2023-07-02 19:58:45','in_stock',0,'Botble\\ACL\\Models\\User',NULL,'physical',NULL,NULL,0),(129,'Chilli and egg penne',NULL,NULL,'published','[\"products\\/6.jpg\"]','SW-111-A0',0,16,0,1,0,1,1,0,36,28.44,NULL,NULL,13.00,20.00,11.00,587.00,NULL,0,'2023-07-02 19:58:45','2023-07-02 19:58:45','in_stock',0,'Botble\\ACL\\Models\\User',NULL,'physical',NULL,NULL,0),(130,'Chilli and egg penne',NULL,NULL,'published','[\"products\\/2.jpg\"]','SW-111-A0-A1',0,16,0,1,0,1,1,0,36,25.56,NULL,NULL,13.00,20.00,11.00,587.00,NULL,0,'2023-07-02 19:58:45','2023-07-02 19:58:45','in_stock',0,'Botble\\ACL\\Models\\User',NULL,'physical',NULL,NULL,0),(131,'Basil and chestnut soup',NULL,NULL,'published','[\"products\\/6.jpg\"]','SW-163-A0',0,19,0,1,0,5,1,0,35,NULL,NULL,NULL,20.00,17.00,10.00,686.00,NULL,0,'2023-07-02 19:58:45','2023-07-02 19:58:45','in_stock',0,'Botble\\ACL\\Models\\User',NULL,'physical',NULL,NULL,0),(132,'Basil and chestnut soup',NULL,NULL,'published','[\"products\\/22.jpg\"]','SW-163-A0-A1',0,19,0,1,0,5,1,0,35,NULL,NULL,NULL,20.00,17.00,10.00,686.00,NULL,0,'2023-07-02 19:58:45','2023-07-02 19:58:45','in_stock',0,'Botble\\ACL\\Models\\User',NULL,'physical',NULL,NULL,0),(133,'Basil and chestnut soup',NULL,NULL,'published','[\"products\\/14.jpg\"]','SW-163-A0-A2',0,19,0,1,0,5,1,0,35,NULL,NULL,NULL,20.00,17.00,10.00,686.00,NULL,0,'2023-07-02 19:58:45','2023-07-02 19:58:45','in_stock',0,'Botble\\ACL\\Models\\User',NULL,'physical',NULL,NULL,0);
/*!40000 ALTER TABLE `ec_products` ENABLE KEYS */;
UNLOCK TABLES;

--
-- Table structure for table `ec_products_translations`
--

DROP TABLE IF EXISTS `ec_products_translations`;
/*!40101 SET @saved_cs_client     = @@character_set_client */;
/*!50503 SET character_set_client = utf8mb4 */;
CREATE TABLE `ec_products_translations` (
  `lang_code` varchar(191) COLLATE utf8mb4_unicode_ci NOT NULL,
  `ec_products_id` bigint unsigned NOT NULL,
  `name` varchar(191) COLLATE utf8mb4_unicode_ci DEFAULT NULL,
  `description` text COLLATE utf8mb4_unicode_ci,
  `content` text COLLATE utf8mb4_unicode_ci,
  PRIMARY KEY (`lang_code`,`ec_products_id`)
) ENGINE=InnoDB DEFAULT CHARSET=utf8mb4 COLLATE=utf8mb4_unicode_ci;
/*!40101 SET character_set_client = @saved_cs_client */;

--
-- Dumping data for table `ec_products_translations`
--

LOCK TABLES `ec_products_translations` WRITE;
/*!40000 ALTER TABLE `ec_products_translations` DISABLE KEYS */;
/*!40000 ALTER TABLE `ec_products_translations` ENABLE KEYS */;
UNLOCK TABLES;

--
-- Table structure for table `ec_reviews`
--

DROP TABLE IF EXISTS `ec_reviews`;
/*!40101 SET @saved_cs_client     = @@character_set_client */;
/*!50503 SET character_set_client = utf8mb4 */;
CREATE TABLE `ec_reviews` (
  `id` bigint unsigned NOT NULL AUTO_INCREMENT,
  `customer_id` bigint unsigned NOT NULL,
  `product_id` bigint unsigned NOT NULL,
  `star` double(8,2) NOT NULL,
  `comment` text CHARACTER SET utf8mb4 COLLATE utf8mb4_unicode_ci NOT NULL,
  `status` varchar(60) COLLATE utf8mb4_unicode_ci NOT NULL DEFAULT 'published',
  `created_at` timestamp NULL DEFAULT NULL,
  `updated_at` timestamp NULL DEFAULT NULL,
  `images` text COLLATE utf8mb4_unicode_ci,
  PRIMARY KEY (`id`),
  UNIQUE KEY `ec_reviews_product_id_customer_id_unique` (`product_id`,`customer_id`),
  KEY `ec_reviews_product_id_customer_id_status_created_at_index` (`product_id`,`customer_id`,`status`,`created_at`),
  KEY `ec_reviews_product_id_customer_id_status_index` (`product_id`,`customer_id`,`status`)
) ENGINE=InnoDB AUTO_INCREMENT=201 DEFAULT CHARSET=utf8mb4 COLLATE=utf8mb4_unicode_ci;
/*!40101 SET character_set_client = @saved_cs_client */;

--
-- Dumping data for table `ec_reviews`
--

LOCK TABLES `ec_reviews` WRITE;
/*!40000 ALTER TABLE `ec_reviews` DISABLE KEYS */;
INSERT INTO `ec_reviews` VALUES (1,6,24,2.00,'This script is well coded and is super fast. The support is pretty quick. Very patient and helpful team. I strongly recommend it and they deserve more than 5 stars.','published','2023-07-02 19:58:46','2023-07-02 19:58:46','[\"products\\/8.jpg\",\"products\\/20.jpg\"]'),(2,8,23,4.00,'For me the best eCommerce script on Envato at this moment: modern, clean code, a lot of great features. The customer support is great too: I always get an answer within hours!','published','2023-07-02 19:58:46','2023-07-02 19:58:46','[\"products\\/23.jpg\",\"products\\/25.jpg\"]'),(3,3,37,2.00,'Perfect +++++++++ i love it really also i get to fast ticket answers... Thanks Lot BOTBLE Teams','published','2023-07-02 19:58:46','2023-07-02 19:58:46','[\"products\\/13.jpg\",\"products\\/23.jpg\"]'),(4,3,7,5.00,'Amazing code, amazing support. Overall, im really confident in Botble and im happy I made the right choice! Thank you so much guys for coding this masterpiece','published','2023-07-02 19:58:46','2023-07-02 19:58:46','[\"products\\/24.jpg\",\"products\\/24.jpg\"]'),(5,5,2,3.00,'As a developer I reviewed this script. This is really awesome ecommerce script. I have convinced when I noticed that it\'s built on fully WordPress concept.','published','2023-07-02 19:58:46','2023-07-02 19:58:46','[\"products\\/20.jpg\",\"products\\/21.jpg\"]'),(6,1,4,1.00,'Great system, great support, good job Botble. I\'m looking forward to more great functional plugins.','published','2023-07-02 19:58:46','2023-07-02 19:58:46','[\"products\\/26.jpg\",\"products\\/24.jpg\"]'),(7,9,33,5.00,'Very enthusiastic support! Excellent code is written. It\'s a true pleasure working with.','published','2023-07-02 19:58:46','2023-07-02 19:58:46','[\"products\\/26.jpg\",\"products\\/25.jpg\"]'),(8,6,6,2.00,'Very enthusiastic support! Excellent code is written. It\'s a true pleasure working with.','published','2023-07-02 19:58:46','2023-07-02 19:58:46','[\"products\\/2.jpg\"]'),(10,2,22,4.00,'Those guys now what they are doing, the release such a good product that it\'s a pleasure to work with ! Even when I was stuck on the project, I created a ticket and the next day it was replied by the team. GOOD JOB guys. I love working with them :)','published','2023-07-02 19:58:46','2023-07-02 19:58:46','[\"products\\/26.jpg\",\"products\\/24.jpg\"]'),(11,6,2,5.00,'Amazing code, amazing support. Overall, im really confident in Botble and im happy I made the right choice! Thank you so much guys for coding this masterpiece','published','2023-07-02 19:58:46','2023-07-02 19:58:46','[\"products\\/16.jpg\",\"products\\/23.jpg\"]'),(12,7,33,1.00,'This script is well coded and is super fast. The support is pretty quick. Very patient and helpful team. I strongly recommend it and they deserve more than 5 stars.','published','2023-07-02 19:58:46','2023-07-02 19:58:46','[\"products\\/3.jpg\",\"products\\/24.jpg\"]'),(14,9,18,3.00,'Great system, great support, good job Botble. I\'m looking forward to more great functional plugins.','published','2023-07-02 19:58:46','2023-07-02 19:58:46','[\"products\\/26.jpg\",\"products\\/22.jpg\"]'),(15,9,39,2.00,'As a developer I reviewed this script. This is really awesome ecommerce script. I have convinced when I noticed that it\'s built on fully WordPress concept.','published','2023-07-02 19:58:46','2023-07-02 19:58:46','[\"products\\/20.jpg\",\"products\\/23.jpg\"]'),(16,4,12,5.00,'The code is good, in general, if you like it, can you give it 5 stars?','published','2023-07-02 19:58:46','2023-07-02 19:58:46','[\"products\\/16.jpg\",\"products\\/21.jpg\"]'),(17,2,1,2.00,'Good app, good backup service and support. Good documentation.','published','2023-07-02 19:58:46','2023-07-02 19:58:46','[\"products\\/5.jpg\"]'),(18,1,36,1.00,'Solution is too robust for our purpose so we didn\'t use it at the end. But I appreciate customer support during initial configuration.','published','2023-07-02 19:58:46','2023-07-02 19:58:46','[\"products\\/12.jpg\",\"products\\/22.jpg\"]'),(19,3,1,3.00,'These guys are amazing! Responses immediately, amazing support and help... I immediately feel at ease after Purchasing..','published','2023-07-02 19:58:46','2023-07-02 19:58:46','[\"products\\/17.jpg\"]'),(20,9,41,2.00,'Great system, great support, good job Botble. I\'m looking forward to more great functional plugins.','published','2023-07-02 19:58:46','2023-07-02 19:58:46','[\"products\\/1.jpg\",\"products\\/23.jpg\"]'),(21,1,7,3.00,'Cool template. Excellent code quality. The support responds very quickly, which is very rare on themeforest and codecanyon.net, I buy a lot of templates, and everyone will have a response from technical support for two or three days. Thanks to tech support. I recommend to buy.','published','2023-07-02 19:58:46','2023-07-02 19:58:46','[\"products\\/11.jpg\",\"products\\/24.jpg\"]'),(22,3,34,2.00,'Great E-commerce system. And much more : Wonderful Customer Support.','published','2023-07-02 19:58:46','2023-07-02 19:58:46','[\"products\\/21.jpg\",\"products\\/20.jpg\"]'),(23,5,40,1.00,'Great E-commerce system. And much more : Wonderful Customer Support.','published','2023-07-02 19:58:46','2023-07-02 19:58:46','[\"products\\/17.jpg\",\"products\\/20.jpg\"]'),(24,8,31,5.00,'Great E-commerce system. And much more : Wonderful Customer Support.','published','2023-07-02 19:58:46','2023-07-02 19:58:46','[\"products\\/6.jpg\",\"products\\/24.jpg\"]'),(25,7,8,3.00,'The script is the best of its class, fast, easy to implement and work with , and the most important thing is the great support team , Recommend with no doubt.','published','2023-07-02 19:58:46','2023-07-02 19:58:46','[\"products\\/15.jpg\",\"products\\/25.jpg\"]'),(26,1,27,4.00,'The best ecommerce CMS! Excellent coding! best support service! Thank you so much..... I really like your hard work.','published','2023-07-02 19:58:46','2023-07-02 19:58:46','[\"products\\/20.jpg\",\"products\\/24.jpg\"]'),(27,9,29,4.00,'The best store template! Excellent coding! Very good support! Thank you so much for all the help, I really appreciated.','published','2023-07-02 19:58:46','2023-07-02 19:58:46','[\"products\\/4.jpg\",\"products\\/24.jpg\"]'),(29,6,33,3.00,'For me the best eCommerce script on Envato at this moment: modern, clean code, a lot of great features. The customer support is great too: I always get an answer within hours!','published','2023-07-02 19:58:46','2023-07-02 19:58:46','[\"products\\/14.jpg\"]'),(30,7,36,5.00,'We have received brilliant service support and will be expanding the features with the developer. Nice product!','published','2023-07-02 19:58:46','2023-07-02 19:58:46','[\"products\\/23.jpg\",\"products\\/20.jpg\"]'),(31,1,16,5.00,'This web app is really good in design, code quality & features. Besides, the customer support provided by the Botble team was really fast & helpful. You guys are awesome!','published','2023-07-02 19:58:46','2023-07-02 19:58:46','[\"products\\/19.jpg\",\"products\\/21.jpg\"]'),(32,3,6,1.00,'It\'s not my first experience here on Codecanyon and I can honestly tell you all that Botble puts a LOT of effort into the support. They answer so fast, they helped me tons of times. REALLY by far THE BEST EXPERIENCE on Codecanyon. Those guys at Botble are so good that they deserve 5 stars. I recommend them, I trust them and I can\'t wait to see what they will sell in a near future. Thank you Botble :)','published','2023-07-02 19:58:46','2023-07-02 19:58:46','[\"products\\/20.jpg\"]'),(33,3,32,3.00,'This web app is really good in design, code quality & features. Besides, the customer support provided by the Botble team was really fast & helpful. You guys are awesome!','published','2023-07-02 19:58:46','2023-07-02 19:58:46','[\"products\\/18.jpg\"]'),(34,3,19,2.00,'I Love this Script. I also found how to add other fees. Now I just wait the BIG update for the Marketplace with the Bulk Import. Just do not forget to make it to be Multi-language for us the Botble Fans.','published','2023-07-02 19:58:46','2023-07-02 19:58:46','[\"products\\/9.jpg\",\"products\\/25.jpg\"]'),(35,8,27,3.00,'Very enthusiastic support! Excellent code is written. It\'s a true pleasure working with.','published','2023-07-02 19:58:46','2023-07-02 19:58:46','[\"products\\/4.jpg\",\"products\\/22.jpg\"]'),(36,9,7,2.00,'Very enthusiastic support! Excellent code is written. It\'s a true pleasure working with.','published','2023-07-02 19:58:46','2023-07-02 19:58:46','[\"products\\/14.jpg\"]'),(37,8,32,1.00,'Good app, good backup service and support. Good documentation.','published','2023-07-02 19:58:46','2023-07-02 19:58:46','[\"products\\/4.jpg\",\"products\\/24.jpg\"]'),(38,6,17,3.00,'The best ecommerce CMS! Excellent coding! best support service! Thank you so much..... I really like your hard work.','published','2023-07-02 19:58:46','2023-07-02 19:58:46','[\"products\\/5.jpg\",\"products\\/25.jpg\"]'),(39,6,10,1.00,'This script is well coded and is super fast. The support is pretty quick. Very patient and helpful team. I strongly recommend it and they deserve more than 5 stars.','published','2023-07-02 19:58:46','2023-07-02 19:58:46','[\"products\\/17.jpg\"]'),(40,5,21,1.00,'This script is well coded and is super fast. The support is pretty quick. Very patient and helpful team. I strongly recommend it and they deserve more than 5 stars.','published','2023-07-02 19:58:46','2023-07-02 19:58:46','[\"products\\/15.jpg\",\"products\\/26.jpg\"]'),(41,5,14,4.00,'It\'s not my first experience here on Codecanyon and I can honestly tell you all that Botble puts a LOT of effort into the support. They answer so fast, they helped me tons of times. REALLY by far THE BEST EXPERIENCE on Codecanyon. Those guys at Botble are so good that they deserve 5 stars. I recommend them, I trust them and I can\'t wait to see what they will sell in a near future. Thank you Botble :)','published','2023-07-02 19:58:46','2023-07-02 19:58:46','[\"products\\/15.jpg\"]'),(42,1,18,5.00,'Very enthusiastic support! Excellent code is written. It\'s a true pleasure working with.','published','2023-07-02 19:58:46','2023-07-02 19:58:46','[\"products\\/7.jpg\",\"products\\/26.jpg\"]'),(43,1,40,4.00,'Perfect +++++++++ i love it really also i get to fast ticket answers... Thanks Lot BOTBLE Teams','published','2023-07-02 19:58:46','2023-07-02 19:58:46','[\"products\\/3.jpg\",\"products\\/20.jpg\"]'),(44,4,15,2.00,'The script is the best of its class, fast, easy to implement and work with , and the most important thing is the great support team , Recommend with no doubt.','published','2023-07-02 19:58:46','2023-07-02 19:58:46','[\"products\\/19.jpg\",\"products\\/21.jpg\"]'),(45,2,5,5.00,'The best ecommerce CMS! Excellent coding! best support service! Thank you so much..... I really like your hard work.','published','2023-07-02 19:58:46','2023-07-02 19:58:46','[\"products\\/3.jpg\",\"products\\/25.jpg\"]'),(46,3,12,2.00,'These guys are amazing! Responses immediately, amazing support and help... I immediately feel at ease after Purchasing..','published','2023-07-02 19:58:46','2023-07-02 19:58:46','[\"products\\/20.jpg\",\"products\\/21.jpg\"]'),(48,6,15,5.00,'Perfect +++++++++ i love it really also i get to fast ticket answers... Thanks Lot BOTBLE Teams','published','2023-07-02 19:58:46','2023-07-02 19:58:46','[\"products\\/5.jpg\",\"products\\/22.jpg\"]'),(49,7,25,2.00,'Second or third time that I buy a Botble product, happy with the products and support. You guys do a good job :)','published','2023-07-02 19:58:46','2023-07-02 19:58:46','[\"products\\/6.jpg\",\"products\\/20.jpg\"]'),(50,7,26,1.00,'The best ecommerce CMS! Excellent coding! best support service! Thank you so much..... I really like your hard work.','published','2023-07-02 19:58:46','2023-07-02 19:58:46','[\"products\\/22.jpg\"]'),(52,9,9,1.00,'We have received brilliant service support and will be expanding the features with the developer. Nice product!','published','2023-07-02 19:58:46','2023-07-02 19:58:46','[\"products\\/23.jpg\"]'),(53,3,27,5.00,'Best ecommerce CMS online store!','published','2023-07-02 19:58:46','2023-07-02 19:58:46','[\"products\\/25.jpg\"]'),(55,2,16,4.00,'It\'s not my first experience here on Codecanyon and I can honestly tell you all that Botble puts a LOT of effort into the support. They answer so fast, they helped me tons of times. REALLY by far THE BEST EXPERIENCE on Codecanyon. Those guys at Botble are so good that they deserve 5 stars. I recommend them, I trust them and I can\'t wait to see what they will sell in a near future. Thank you Botble :)','published','2023-07-02 19:58:46','2023-07-02 19:58:46','[\"products\\/12.jpg\",\"products\\/23.jpg\"]'),(56,5,3,4.00,'Second or third time that I buy a Botble product, happy with the products and support. You guys do a good job :)','published','2023-07-02 19:58:46','2023-07-02 19:58:46','[\"products\\/11.jpg\",\"products\\/21.jpg\"]'),(57,7,41,2.00,'Second or third time that I buy a Botble product, happy with the products and support. You guys do a good job :)','published','2023-07-02 19:58:46','2023-07-02 19:58:46','[\"products\\/5.jpg\",\"products\\/23.jpg\"]'),(58,4,8,3.00,'As a developer I reviewed this script. This is really awesome ecommerce script. I have convinced when I noticed that it\'s built on fully WordPress concept.','published','2023-07-02 19:58:46','2023-07-02 19:58:46','[\"products\\/22.jpg\",\"products\\/25.jpg\"]'),(59,5,22,2.00,'Cool template. Excellent code quality. The support responds very quickly, which is very rare on themeforest and codecanyon.net, I buy a lot of templates, and everyone will have a response from technical support for two or three days. Thanks to tech support. I recommend to buy.','published','2023-07-02 19:58:46','2023-07-02 19:58:46','[\"products\\/6.jpg\"]'),(60,9,26,3.00,'The script is the best of its class, fast, easy to implement and work with , and the most important thing is the great support team , Recommend with no doubt.','published','2023-07-02 19:58:46','2023-07-02 19:58:46','[\"products\\/17.jpg\",\"products\\/22.jpg\"]'),(61,5,29,5.00,'This script is well coded and is super fast. The support is pretty quick. Very patient and helpful team. I strongly recommend it and they deserve more than 5 stars.','published','2023-07-02 19:58:46','2023-07-02 19:58:46','[\"products\\/21.jpg\",\"products\\/26.jpg\"]'),(63,3,9,5.00,'It\'s not my first experience here on Codecanyon and I can honestly tell you all that Botble puts a LOT of effort into the support. They answer so fast, they helped me tons of times. REALLY by far THE BEST EXPERIENCE on Codecanyon. Those guys at Botble are so good that they deserve 5 stars. I recommend them, I trust them and I can\'t wait to see what they will sell in a near future. Thank you Botble :)','published','2023-07-02 19:58:46','2023-07-02 19:58:46','[\"products\\/1.jpg\",\"products\\/26.jpg\"]'),(64,9,15,1.00,'Clean & perfect source code','published','2023-07-02 19:58:46','2023-07-02 19:58:46','[\"products\\/10.jpg\"]'),(65,9,16,5.00,'Good app, good backup service and support. Good documentation.','published','2023-07-02 19:58:46','2023-07-02 19:58:46','[\"products\\/25.jpg\"]'),(66,7,30,3.00,'For me the best eCommerce script on Envato at this moment: modern, clean code, a lot of great features. The customer support is great too: I always get an answer within hours!','published','2023-07-02 19:58:46','2023-07-02 19:58:46','[\"products\\/5.jpg\"]'),(67,8,5,3.00,'Good app, good backup service and support. Good documentation.','published','2023-07-02 19:58:46','2023-07-02 19:58:46','[\"products\\/13.jpg\",\"products\\/25.jpg\"]'),(68,6,32,3.00,'Very enthusiastic support! Excellent code is written. It\'s a true pleasure working with.','published','2023-07-02 19:58:46','2023-07-02 19:58:46','[\"products\\/25.jpg\",\"products\\/25.jpg\"]'),(69,6,25,4.00,'We have received brilliant service support and will be expanding the features with the developer. Nice product!','published','2023-07-02 19:58:46','2023-07-02 19:58:46','[\"products\\/24.jpg\",\"products\\/25.jpg\"]'),(70,3,18,1.00,'Good app, good backup service and support. Good documentation.','published','2023-07-02 19:58:46','2023-07-02 19:58:46','[\"products\\/6.jpg\"]'),(71,6,41,4.00,'Clean & perfect source code','published','2023-07-02 19:58:46','2023-07-02 19:58:46','[\"products\\/9.jpg\",\"products\\/25.jpg\"]'),(72,8,34,1.00,'These guys are amazing! Responses immediately, amazing support and help... I immediately feel at ease after Purchasing..','published','2023-07-02 19:58:46','2023-07-02 19:58:46','[\"products\\/7.jpg\",\"products\\/24.jpg\"]'),(73,1,13,2.00,'The code is good, in general, if you like it, can you give it 5 stars?','published','2023-07-02 19:58:46','2023-07-02 19:58:46','[\"products\\/18.jpg\",\"products\\/26.jpg\"]'),(74,7,27,4.00,'These guys are amazing! Responses immediately, amazing support and help... I immediately feel at ease after Purchasing..','published','2023-07-02 19:58:46','2023-07-02 19:58:46','[\"products\\/2.jpg\",\"products\\/25.jpg\"]'),(75,9,10,2.00,'Those guys now what they are doing, the release such a good product that it\'s a pleasure to work with ! Even when I was stuck on the project, I created a ticket and the next day it was replied by the team. GOOD JOB guys. I love working with them :)','published','2023-07-02 19:58:46','2023-07-02 19:58:46','[\"products\\/2.jpg\",\"products\\/21.jpg\"]'),(76,7,11,4.00,'For me the best eCommerce script on Envato at this moment: modern, clean code, a lot of great features. The customer support is great too: I always get an answer within hours!','published','2023-07-02 19:58:46','2023-07-02 19:58:46','[\"products\\/6.jpg\"]'),(77,5,34,2.00,'Great E-commerce system. And much more : Wonderful Customer Support.','published','2023-07-02 19:58:46','2023-07-02 19:58:46','[\"products\\/9.jpg\",\"products\\/21.jpg\"]'),(78,9,23,4.00,'We have received brilliant service support and will be expanding the features with the developer. Nice product!','published','2023-07-02 19:58:46','2023-07-02 19:58:46','[\"products\\/5.jpg\",\"products\\/21.jpg\"]'),(79,6,14,2.00,'Amazing code, amazing support. Overall, im really confident in Botble and im happy I made the right choice! Thank you so much guys for coding this masterpiece','published','2023-07-02 19:58:46','2023-07-02 19:58:46','[\"products\\/15.jpg\",\"products\\/25.jpg\"]'),(80,2,24,1.00,'Second or third time that I buy a Botble product, happy with the products and support. You guys do a good job :)','published','2023-07-02 19:58:46','2023-07-02 19:58:46','[\"products\\/25.jpg\"]'),(81,1,8,5.00,'For me the best eCommerce script on Envato at this moment: modern, clean code, a lot of great features. The customer support is great too: I always get an answer within hours!','published','2023-07-02 19:58:46','2023-07-02 19:58:46','[\"products\\/16.jpg\",\"products\\/26.jpg\"]'),(82,4,18,3.00,'For me the best eCommerce script on Envato at this moment: modern, clean code, a lot of great features. The customer support is great too: I always get an answer within hours!','published','2023-07-02 19:58:46','2023-07-02 19:58:46','[\"products\\/25.jpg\",\"products\\/20.jpg\"]'),(83,8,22,2.00,'Perfect +++++++++ i love it really also i get to fast ticket answers... Thanks Lot BOTBLE Teams','published','2023-07-02 19:58:46','2023-07-02 19:58:46','[\"products\\/1.jpg\",\"products\\/26.jpg\"]'),(84,8,16,1.00,'The best ecommerce CMS! Excellent coding! best support service! Thank you so much..... I really like your hard work.','published','2023-07-02 19:58:46','2023-07-02 19:58:46','[\"products\\/24.jpg\",\"products\\/24.jpg\"]'),(85,4,29,1.00,'This web app is really good in design, code quality & features. Besides, the customer support provided by the Botble team was really fast & helpful. You guys are awesome!','published','2023-07-02 19:58:46','2023-07-02 19:58:46','[\"products\\/9.jpg\",\"products\\/26.jpg\"]'),(86,3,5,2.00,'As a developer I reviewed this script. This is really awesome ecommerce script. I have convinced when I noticed that it\'s built on fully WordPress concept.','published','2023-07-02 19:58:46','2023-07-02 19:58:46','[\"products\\/5.jpg\",\"products\\/26.jpg\"]'),(87,4,22,3.00,'These guys are amazing! Responses immediately, amazing support and help... I immediately feel at ease after Purchasing..','published','2023-07-02 19:58:46','2023-07-02 19:58:46','[\"products\\/7.jpg\",\"products\\/22.jpg\"]'),(89,1,35,4.00,'Good app, good backup service and support. Good documentation.','published','2023-07-02 19:58:46','2023-07-02 19:58:46','[\"products\\/1.jpg\",\"products\\/24.jpg\"]'),(90,4,25,2.00,'The best ecommerce CMS! Excellent coding! best support service! Thank you so much..... I really like your hard work.','published','2023-07-02 19:58:46','2023-07-02 19:58:46','[\"products\\/20.jpg\",\"products\\/20.jpg\"]'),(92,6,26,3.00,'Cool template. Excellent code quality. The support responds very quickly, which is very rare on themeforest and codecanyon.net, I buy a lot of templates, and everyone will have a response from technical support for two or three days. Thanks to tech support. I recommend to buy.','published','2023-07-02 19:58:46','2023-07-02 19:58:46','[\"products\\/2.jpg\",\"products\\/25.jpg\"]'),(93,9,32,5.00,'Ok good product. I have some issues in customizations. But its not correct to blame the developer. The product is good. Good luck for your business.','published','2023-07-02 19:58:46','2023-07-02 19:58:46','[\"products\\/17.jpg\",\"products\\/22.jpg\"]'),(94,6,39,2.00,'Amazing code, amazing support. Overall, im really confident in Botble and im happy I made the right choice! Thank you so much guys for coding this masterpiece','published','2023-07-02 19:58:46','2023-07-02 19:58:46','[\"products\\/23.jpg\"]'),(95,5,17,4.00,'We have received brilliant service support and will be expanding the features with the developer. Nice product!','published','2023-07-02 19:58:46','2023-07-02 19:58:46','[\"products\\/12.jpg\"]'),(97,9,3,4.00,'Customer Support are grade (A*), however the code is a way too over engineered for it\'s purpose.','published','2023-07-02 19:58:46','2023-07-02 19:58:46','[\"products\\/9.jpg\"]'),(98,3,8,5.00,'Very enthusiastic support! Excellent code is written. It\'s a true pleasure working with.','published','2023-07-02 19:58:46','2023-07-02 19:58:46','[\"products\\/3.jpg\"]'),(99,8,6,4.00,'Clean & perfect source code','published','2023-07-02 19:58:46','2023-07-02 19:58:46','[\"products\\/26.jpg\",\"products\\/25.jpg\"]'),(100,2,39,4.00,'Amazing code, amazing support. Overall, im really confident in Botble and im happy I made the right choice! Thank you so much guys for coding this masterpiece','published','2023-07-02 19:58:46','2023-07-02 19:58:46','[\"products\\/17.jpg\",\"products\\/21.jpg\"]'),(101,6,16,2.00,'For me the best eCommerce script on Envato at this moment: modern, clean code, a lot of great features. The customer support is great too: I always get an answer within hours!','published','2023-07-02 19:58:46','2023-07-02 19:58:46','[\"products\\/2.jpg\"]'),(103,2,37,5.00,'Clean & perfect source code','published','2023-07-02 19:58:46','2023-07-02 19:58:46','[\"products\\/22.jpg\",\"products\\/25.jpg\"]'),(104,3,23,4.00,'Cool template. Excellent code quality. The support responds very quickly, which is very rare on themeforest and codecanyon.net, I buy a lot of templates, and everyone will have a response from technical support for two or three days. Thanks to tech support. I recommend to buy.','published','2023-07-02 19:58:46','2023-07-02 19:58:46','[\"products\\/1.jpg\",\"products\\/26.jpg\"]'),(105,9,5,3.00,'Second or third time that I buy a Botble product, happy with the products and support. You guys do a good job :)','published','2023-07-02 19:58:46','2023-07-02 19:58:46','[\"products\\/6.jpg\",\"products\\/21.jpg\"]'),(106,5,39,5.00,'Second or third time that I buy a Botble product, happy with the products and support. You guys do a good job :)','published','2023-07-02 19:58:46','2023-07-02 19:58:46','[\"products\\/7.jpg\",\"products\\/22.jpg\"]'),(107,2,21,1.00,'Great E-commerce system. And much more : Wonderful Customer Support.','published','2023-07-02 19:58:46','2023-07-02 19:58:46','[\"products\\/8.jpg\",\"products\\/25.jpg\"]'),(108,1,2,2.00,'Very enthusiastic support! Excellent code is written. It\'s a true pleasure working with.','published','2023-07-02 19:58:46','2023-07-02 19:58:46','[\"products\\/23.jpg\",\"products\\/21.jpg\"]'),(109,9,31,3.00,'Clean & perfect source code','published','2023-07-02 19:58:46','2023-07-02 19:58:46','[\"products\\/7.jpg\",\"products\\/24.jpg\"]'),(110,2,25,2.00,'Ok good product. I have some issues in customizations. But its not correct to blame the developer. The product is good. Good luck for your business.','published','2023-07-02 19:58:46','2023-07-02 19:58:46','[\"products\\/12.jpg\"]'),(114,5,36,1.00,'Best ecommerce CMS online store!','published','2023-07-02 19:58:46','2023-07-02 19:58:46','[\"products\\/13.jpg\",\"products\\/21.jpg\"]'),(115,6,7,1.00,'For me the best eCommerce script on Envato at this moment: modern, clean code, a lot of great features. The customer support is great too: I always get an answer within hours!','published','2023-07-02 19:58:46','2023-07-02 19:58:46','[\"products\\/18.jpg\",\"products\\/25.jpg\"]'),(116,3,21,1.00,'It\'s not my first experience here on Codecanyon and I can honestly tell you all that Botble puts a LOT of effort into the support. They answer so fast, they helped me tons of times. REALLY by far THE BEST EXPERIENCE on Codecanyon. Those guys at Botble are so good that they deserve 5 stars. I recommend them, I trust them and I can\'t wait to see what they will sell in a near future. Thank you Botble :)','published','2023-07-02 19:58:46','2023-07-02 19:58:46','[\"products\\/18.jpg\"]'),(117,3,14,1.00,'Solution is too robust for our purpose so we didn\'t use it at the end. But I appreciate customer support during initial configuration.','published','2023-07-02 19:58:46','2023-07-02 19:58:46','[\"products\\/24.jpg\"]'),(118,3,41,3.00,'For me the best eCommerce script on Envato at this moment: modern, clean code, a lot of great features. The customer support is great too: I always get an answer within hours!','published','2023-07-02 19:58:46','2023-07-02 19:58:46','[\"products\\/8.jpg\"]'),(119,6,23,2.00,'Great E-commerce system. And much more : Wonderful Customer Support.','published','2023-07-02 19:58:46','2023-07-02 19:58:46','[\"products\\/11.jpg\"]'),(120,4,2,3.00,'Solution is too robust for our purpose so we didn\'t use it at the end. But I appreciate customer support during initial configuration.','published','2023-07-02 19:58:46','2023-07-02 19:58:46','[\"products\\/23.jpg\",\"products\\/25.jpg\"]'),(121,1,41,4.00,'We have received brilliant service support and will be expanding the features with the developer. Nice product!','published','2023-07-02 19:58:46','2023-07-02 19:58:46','[\"products\\/9.jpg\"]'),(122,7,39,1.00,'Second or third time that I buy a Botble product, happy with the products and support. You guys do a good job :)','published','2023-07-02 19:58:46','2023-07-02 19:58:46','[\"products\\/13.jpg\",\"products\\/26.jpg\"]'),(123,1,1,4.00,'This script is well coded and is super fast. The support is pretty quick. Very patient and helpful team. I strongly recommend it and they deserve more than 5 stars.','published','2023-07-02 19:58:46','2023-07-02 19:58:46','[\"products\\/18.jpg\",\"products\\/21.jpg\"]'),(124,1,24,5.00,'Good app, good backup service and support. Good documentation.','published','2023-07-02 19:58:46','2023-07-02 19:58:46','[\"products\\/4.jpg\",\"products\\/25.jpg\"]'),(125,4,4,5.00,'It\'s not my first experience here on Codecanyon and I can honestly tell you all that Botble puts a LOT of effort into the support. They answer so fast, they helped me tons of times. REALLY by far THE BEST EXPERIENCE on Codecanyon. Those guys at Botble are so good that they deserve 5 stars. I recommend them, I trust them and I can\'t wait to see what they will sell in a near future. Thank you Botble :)','published','2023-07-02 19:58:46','2023-07-02 19:58:46','[\"products\\/3.jpg\",\"products\\/20.jpg\"]'),(126,2,8,5.00,'The best ecommerce CMS! Excellent coding! best support service! Thank you so much..... I really like your hard work.','published','2023-07-02 19:58:46','2023-07-02 19:58:46','[\"products\\/23.jpg\"]'),(128,8,40,5.00,'These guys are amazing! Responses immediately, amazing support and help... I immediately feel at ease after Purchasing..','published','2023-07-02 19:58:46','2023-07-02 19:58:46','[\"products\\/15.jpg\",\"products\\/22.jpg\"]'),(132,6,1,5.00,'For me the best eCommerce script on Envato at this moment: modern, clean code, a lot of great features. The customer support is great too: I always get an answer within hours!','published','2023-07-02 19:58:46','2023-07-02 19:58:46','[\"products\\/13.jpg\"]'),(133,1,5,4.00,'I Love this Script. I also found how to add other fees. Now I just wait the BIG update for the Marketplace with the Bulk Import. Just do not forget to make it to be Multi-language for us the Botble Fans.','published','2023-07-02 19:58:46','2023-07-02 19:58:46','[\"products\\/4.jpg\",\"products\\/25.jpg\"]'),(135,1,26,5.00,'For me the best eCommerce script on Envato at this moment: modern, clean code, a lot of great features. The customer support is great too: I always get an answer within hours!','published','2023-07-02 19:58:46','2023-07-02 19:58:46','[\"products\\/7.jpg\",\"products\\/22.jpg\"]'),(136,1,39,4.00,'I Love this Script. I also found how to add other fees. Now I just wait the BIG update for the Marketplace with the Bulk Import. Just do not forget to make it to be Multi-language for us the Botble Fans.','published','2023-07-02 19:58:46','2023-07-02 19:58:46','[\"products\\/5.jpg\"]'),(137,4,26,4.00,'As a developer I reviewed this script. This is really awesome ecommerce script. I have convinced when I noticed that it\'s built on fully WordPress concept.','published','2023-07-02 19:58:46','2023-07-02 19:58:46','[\"products\\/1.jpg\"]'),(139,5,4,3.00,'The code is good, in general, if you like it, can you give it 5 stars?','published','2023-07-02 19:58:46','2023-07-02 19:58:46','[\"products\\/14.jpg\",\"products\\/21.jpg\"]'),(140,7,28,5.00,'We have received brilliant service support and will be expanding the features with the developer. Nice product!','published','2023-07-02 19:58:46','2023-07-02 19:58:46','[\"products\\/6.jpg\",\"products\\/25.jpg\"]'),(141,2,31,4.00,'Perfect +++++++++ i love it really also i get to fast ticket answers... Thanks Lot BOTBLE Teams','published','2023-07-02 19:58:46','2023-07-02 19:58:46','[\"products\\/17.jpg\",\"products\\/24.jpg\"]'),(145,5,12,4.00,'Ok good product. I have some issues in customizations. But its not correct to blame the developer. The product is good. Good luck for your business.','published','2023-07-02 19:58:46','2023-07-02 19:58:46','[\"products\\/23.jpg\",\"products\\/23.jpg\"]'),(147,1,31,2.00,'Clean & perfect source code','published','2023-07-02 19:58:46','2023-07-02 19:58:46','[\"products\\/25.jpg\",\"products\\/25.jpg\"]'),(149,5,28,1.00,'The script is the best of its class, fast, easy to implement and work with , and the most important thing is the great support team , Recommend with no doubt.','published','2023-07-02 19:58:46','2023-07-02 19:58:46','[\"products\\/26.jpg\",\"products\\/25.jpg\"]'),(150,2,26,2.00,'Solution is too robust for our purpose so we didn\'t use it at the end. But I appreciate customer support during initial configuration.','published','2023-07-02 19:58:46','2023-07-02 19:58:46','[\"products\\/21.jpg\",\"products\\/20.jpg\"]'),(152,6,21,3.00,'The code is good, in general, if you like it, can you give it 5 stars?','published','2023-07-02 19:58:46','2023-07-02 19:58:46','[\"products\\/16.jpg\",\"products\\/24.jpg\"]'),(153,3,36,5.00,'The code is good, in general, if you like it, can you give it 5 stars?','published','2023-07-02 19:58:46','2023-07-02 19:58:46','[\"products\\/15.jpg\",\"products\\/23.jpg\"]'),(154,5,7,3.00,'Solution is too robust for our purpose so we didn\'t use it at the end. But I appreciate customer support during initial configuration.','published','2023-07-02 19:58:46','2023-07-02 19:58:46','[\"products\\/19.jpg\",\"products\\/25.jpg\"]'),(156,3,33,3.00,'The best store template! Excellent coding! Very good support! Thank you so much for all the help, I really appreciated.','published','2023-07-02 19:58:46','2023-07-02 19:58:46','[\"products\\/11.jpg\",\"products\\/26.jpg\"]'),(158,5,18,3.00,'Great system, great support, good job Botble. I\'m looking forward to more great functional plugins.','published','2023-07-02 19:58:46','2023-07-02 19:58:46','[\"products\\/19.jpg\",\"products\\/24.jpg\"]'),(159,9,22,5.00,'We have received brilliant service support and will be expanding the features with the developer. Nice product!','published','2023-07-02 19:58:46','2023-07-02 19:58:46','[\"products\\/16.jpg\",\"products\\/21.jpg\"]'),(160,7,20,1.00,'Good app, good backup service and support. Good documentation.','published','2023-07-02 19:58:46','2023-07-02 19:58:46','[\"products\\/23.jpg\"]'),(161,4,19,3.00,'Second or third time that I buy a Botble product, happy with the products and support. You guys do a good job :)','published','2023-07-02 19:58:46','2023-07-02 19:58:46','[\"products\\/26.jpg\",\"products\\/25.jpg\"]'),(164,8,19,3.00,'It\'s not my first experience here on Codecanyon and I can honestly tell you all that Botble puts a LOT of effort into the support. They answer so fast, they helped me tons of times. REALLY by far THE BEST EXPERIENCE on Codecanyon. Those guys at Botble are so good that they deserve 5 stars. I recommend them, I trust them and I can\'t wait to see what they will sell in a near future. Thank you Botble :)','published','2023-07-02 19:58:46','2023-07-02 19:58:46','[\"products\\/22.jpg\",\"products\\/26.jpg\"]'),(165,3,17,3.00,'Perfect +++++++++ i love it really also i get to fast ticket answers... Thanks Lot BOTBLE Teams','published','2023-07-02 19:58:46','2023-07-02 19:58:46','[\"products\\/15.jpg\"]'),(167,8,38,1.00,'The best ecommerce CMS! Excellent coding! best support service! Thank you so much..... I really like your hard work.','published','2023-07-02 19:58:46','2023-07-02 19:58:46','[\"products\\/19.jpg\"]'),(169,4,27,1.00,'Great system, great support, good job Botble. I\'m looking forward to more great functional plugins.','published','2023-07-02 19:58:46','2023-07-02 19:58:46','[\"products\\/5.jpg\",\"products\\/22.jpg\"]'),(170,9,35,2.00,'The script is the best of its class, fast, easy to implement and work with , and the most important thing is the great support team , Recommend with no doubt.','published','2023-07-02 19:58:46','2023-07-02 19:58:46','[\"products\\/7.jpg\"]'),(171,4,31,4.00,'This web app is really good in design, code quality & features. Besides, the customer support provided by the Botble team was really fast & helpful. You guys are awesome!','published','2023-07-02 19:58:46','2023-07-02 19:58:46','[\"products\\/24.jpg\",\"products\\/23.jpg\"]'),(173,2,38,1.00,'It\'s not my first experience here on Codecanyon and I can honestly tell you all that Botble puts a LOT of effort into the support. They answer so fast, they helped me tons of times. REALLY by far THE BEST EXPERIENCE on Codecanyon. Those guys at Botble are so good that they deserve 5 stars. I recommend them, I trust them and I can\'t wait to see what they will sell in a near future. Thank you Botble :)','published','2023-07-02 19:58:46','2023-07-02 19:58:46','[\"products\\/6.jpg\",\"products\\/20.jpg\"]'),(174,8,8,4.00,'Great E-commerce system. And much more : Wonderful Customer Support.','published','2023-07-02 19:58:46','2023-07-02 19:58:46','[\"products\\/9.jpg\",\"products\\/21.jpg\"]'),(175,4,23,2.00,'Great E-commerce system. And much more : Wonderful Customer Support.','published','2023-07-02 19:58:46','2023-07-02 19:58:46','[\"products\\/4.jpg\",\"products\\/23.jpg\"]'),(176,2,41,4.00,'Ok good product. I have some issues in customizations. But its not correct to blame the developer. The product is good. Good luck for your business.','published','2023-07-02 19:58:46','2023-07-02 19:58:46','[\"products\\/8.jpg\"]'),(178,4,30,5.00,'The best ecommerce CMS! Excellent coding! best support service! Thank you so much..... I really like your hard work.','published','2023-07-02 19:58:46','2023-07-02 19:58:46','[\"products\\/24.jpg\",\"products\\/22.jpg\"]'),(180,3,2,5.00,'Amazing code, amazing support. Overall, im really confident in Botble and im happy I made the right choice! Thank you so much guys for coding this masterpiece','published','2023-07-02 19:58:46','2023-07-02 19:58:46','[\"products\\/26.jpg\",\"products\\/20.jpg\"]'),(182,2,6,2.00,'The best ecommerce CMS! Excellent coding! best support service! Thank you so much..... I really like your hard work.','published','2023-07-02 19:58:46','2023-07-02 19:58:46','[\"products\\/25.jpg\",\"products\\/21.jpg\"]'),(183,5,33,2.00,'I Love this Script. I also found how to add other fees. Now I just wait the BIG update for the Marketplace with the Bulk Import. Just do not forget to make it to be Multi-language for us the Botble Fans.','published','2023-07-02 19:58:46','2023-07-02 19:58:46','[\"products\\/9.jpg\"]'),(186,8,12,1.00,'Ok good product. I have some issues in customizations. But its not correct to blame the developer. The product is good. Good luck for your business.','published','2023-07-02 19:58:46','2023-07-02 19:58:46','[\"products\\/15.jpg\",\"products\\/25.jpg\"]'),(187,6,5,2.00,'We have received brilliant service support and will be expanding the features with the developer. Nice product!','published','2023-07-02 19:58:46','2023-07-02 19:58:46','[\"products\\/24.jpg\",\"products\\/25.jpg\"]'),(188,5,32,4.00,'Customer Support are grade (A*), however the code is a way too over engineered for it\'s purpose.','published','2023-07-02 19:58:46','2023-07-02 19:58:46','[\"products\\/22.jpg\"]'),(190,8,7,1.00,'It\'s not my first experience here on Codecanyon and I can honestly tell you all that Botble puts a LOT of effort into the support. They answer so fast, they helped me tons of times. REALLY by far THE BEST EXPERIENCE on Codecanyon. Those guys at Botble are so good that they deserve 5 stars. I recommend them, I trust them and I can\'t wait to see what they will sell in a near future. Thank you Botble :)','published','2023-07-02 19:58:46','2023-07-02 19:58:46','[\"products\\/22.jpg\",\"products\\/22.jpg\"]'),(191,8,18,2.00,'Those guys now what they are doing, the release such a good product that it\'s a pleasure to work with ! Even when I was stuck on the project, I created a ticket and the next day it was replied by the team. GOOD JOB guys. I love working with them :)','published','2023-07-02 19:58:46','2023-07-02 19:58:46','[\"products\\/8.jpg\"]'),(192,6,3,5.00,'We have received brilliant service support and will be expanding the features with the developer. Nice product!','published','2023-07-02 19:58:46','2023-07-02 19:58:46','[\"products\\/1.jpg\",\"products\\/24.jpg\"]'),(193,2,33,1.00,'Best ecommerce CMS online store!','published','2023-07-02 19:58:46','2023-07-02 19:58:46','[\"products\\/18.jpg\",\"products\\/26.jpg\"]'),(194,2,18,5.00,'We have received brilliant service support and will be expanding the features with the developer. Nice product!','published','2023-07-02 19:58:46','2023-07-02 19:58:46','[\"products\\/11.jpg\",\"products\\/26.jpg\"]'),(196,1,23,5.00,'Very enthusiastic support! Excellent code is written. It\'s a true pleasure working with.','published','2023-07-02 19:58:46','2023-07-02 19:58:46','[\"products\\/23.jpg\",\"products\\/21.jpg\"]'),(199,8,30,1.00,'Best ecommerce CMS online store!','published','2023-07-02 19:58:46','2023-07-02 19:58:46','[\"products\\/20.jpg\",\"products\\/24.jpg\"]'),(200,9,13,4.00,'As a developer I reviewed this script. This is really awesome ecommerce script. I have convinced when I noticed that it\'s built on fully WordPress concept.','published','2023-07-02 19:58:46','2023-07-02 19:58:46','[\"products\\/7.jpg\",\"products\\/23.jpg\"]');
/*!40000 ALTER TABLE `ec_reviews` ENABLE KEYS */;
UNLOCK TABLES;

--
-- Table structure for table `ec_shipment_histories`
--

DROP TABLE IF EXISTS `ec_shipment_histories`;
/*!40101 SET @saved_cs_client     = @@character_set_client */;
/*!50503 SET character_set_client = utf8mb4 */;
CREATE TABLE `ec_shipment_histories` (
  `id` bigint unsigned NOT NULL AUTO_INCREMENT,
  `action` varchar(120) COLLATE utf8mb4_unicode_ci NOT NULL,
  `description` varchar(255) COLLATE utf8mb4_unicode_ci NOT NULL,
  `user_id` bigint unsigned DEFAULT NULL,
  `shipment_id` bigint unsigned NOT NULL,
  `order_id` bigint unsigned NOT NULL,
  `created_at` timestamp NULL DEFAULT NULL,
  `updated_at` timestamp NULL DEFAULT NULL,
  `user_type` varchar(255) COLLATE utf8mb4_unicode_ci NOT NULL DEFAULT 'Botble\\ACL\\Models\\User',
  PRIMARY KEY (`id`)
) ENGINE=InnoDB AUTO_INCREMENT=56 DEFAULT CHARSET=utf8mb4 COLLATE=utf8mb4_unicode_ci;
/*!40101 SET character_set_client = @saved_cs_client */;

--
-- Dumping data for table `ec_shipment_histories`
--

LOCK TABLES `ec_shipment_histories` WRITE;
/*!40000 ALTER TABLE `ec_shipment_histories` DISABLE KEYS */;
INSERT INTO `ec_shipment_histories` VALUES (1,'create_from_order','Shipping was created from order %order_id%',0,1,1,'2023-06-29 11:58:46','2023-06-29 11:58:46','Botble\\ACL\\Models\\User'),(2,'update_status','Changed status of shipping to: Approved. Updated by: %user_name%',0,1,1,'2023-07-01 03:58:46','2023-07-02 19:58:46','Botble\\ACL\\Models\\User'),(3,'create_from_order','Shipping was created from order %order_id%',0,2,2,'2023-06-28 01:58:46','2023-06-28 01:58:46','Botble\\ACL\\Models\\User'),(4,'update_status','Changed status of shipping to: Approved. Updated by: %user_name%',0,2,2,'2023-07-01 05:58:46','2023-07-02 19:58:46','Botble\\ACL\\Models\\User'),(5,'update_cod_status','Updated COD status to Completed . Updated by: %user_name%',0,2,2,'2023-07-02 19:58:46','2023-07-02 19:58:46','Botble\\ACL\\Models\\User'),(6,'update_status','Changed status of shipping to: Delivered. Updated by: %user_name%',0,2,2,'2023-07-02 19:58:46','2023-07-02 19:58:46','Botble\\ACL\\Models\\User'),(7,'create_from_order','Shipping was created from order %order_id%',0,3,3,'2023-06-29 19:58:46','2023-06-29 19:58:46','Botble\\ACL\\Models\\User'),(8,'update_status','Changed status of shipping to: Approved. Updated by: %user_name%',0,3,3,'2023-07-01 07:58:46','2023-07-02 19:58:46','Botble\\ACL\\Models\\User'),(9,'update_status','Changed status of shipping to: Delivered. Updated by: %user_name%',0,3,3,'2023-07-02 19:58:46','2023-07-02 19:58:46','Botble\\ACL\\Models\\User'),(10,'create_from_order','Shipping was created from order %order_id%',0,4,4,'2023-06-24 07:58:46','2023-06-24 07:58:46','Botble\\ACL\\Models\\User'),(11,'update_status','Changed status of shipping to: Approved. Updated by: %user_name%',0,4,4,'2023-07-01 09:58:46','2023-07-02 19:58:46','Botble\\ACL\\Models\\User'),(12,'update_cod_status','Updated COD status to Completed . Updated by: %user_name%',0,4,4,'2023-07-02 19:58:46','2023-07-02 19:58:46','Botble\\ACL\\Models\\User'),(13,'update_status','Changed status of shipping to: Delivered. Updated by: %user_name%',0,4,4,'2023-07-02 19:58:46','2023-07-02 19:58:46','Botble\\ACL\\Models\\User'),(14,'create_from_order','Shipping was created from order %order_id%',0,5,5,'2023-06-19 11:58:46','2023-06-19 11:58:46','Botble\\ACL\\Models\\User'),(15,'update_status','Changed status of shipping to: Approved. Updated by: %user_name%',0,5,5,'2023-07-01 11:58:46','2023-07-02 19:58:46','Botble\\ACL\\Models\\User'),(16,'update_status','Changed status of shipping to: Delivered. Updated by: %user_name%',0,5,5,'2023-07-02 19:58:46','2023-07-02 19:58:46','Botble\\ACL\\Models\\User'),(17,'create_from_order','Shipping was created from order %order_id%',0,6,6,'2023-06-22 19:58:46','2023-06-22 19:58:46','Botble\\ACL\\Models\\User'),(18,'update_status','Changed status of shipping to: Approved. Updated by: %user_name%',0,6,6,'2023-07-01 13:58:46','2023-07-02 19:58:46','Botble\\ACL\\Models\\User'),(19,'update_status','Changed status of shipping to: Delivered. Updated by: %user_name%',0,6,6,'2023-07-02 19:58:46','2023-07-02 19:58:46','Botble\\ACL\\Models\\User'),(20,'create_from_order','Shipping was created from order %order_id%',0,7,7,'2023-07-01 15:58:46','2023-07-01 15:58:46','Botble\\ACL\\Models\\User'),(21,'update_status','Changed status of shipping to: Approved. Updated by: %user_name%',0,7,7,'2023-07-01 15:58:46','2023-07-02 19:58:46','Botble\\ACL\\Models\\User'),(22,'create_from_order','Shipping was created from order %order_id%',0,8,8,'2023-06-29 13:58:46','2023-06-29 13:58:46','Botble\\ACL\\Models\\User'),(23,'update_status','Changed status of shipping to: Approved. Updated by: %user_name%',0,8,8,'2023-07-01 17:58:46','2023-07-02 19:58:46','Botble\\ACL\\Models\\User'),(24,'create_from_order','Shipping was created from order %order_id%',0,9,9,'2023-06-25 19:58:46','2023-06-25 19:58:46','Botble\\ACL\\Models\\User'),(25,'update_status','Changed status of shipping to: Approved. Updated by: %user_name%',0,9,9,'2023-07-01 19:58:46','2023-07-02 19:58:46','Botble\\ACL\\Models\\User'),(26,'create_from_order','Shipping was created from order %order_id%',0,10,10,'2023-06-30 01:58:46','2023-06-30 01:58:46','Botble\\ACL\\Models\\User'),(27,'update_status','Changed status of shipping to: Approved. Updated by: %user_name%',0,10,10,'2023-07-01 21:58:46','2023-07-02 19:58:46','Botble\\ACL\\Models\\User'),(28,'update_status','Changed status of shipping to: Delivered. Updated by: %user_name%',0,10,10,'2023-07-02 19:58:46','2023-07-02 19:58:46','Botble\\ACL\\Models\\User'),(29,'create_from_order','Shipping was created from order %order_id%',0,11,11,'2023-06-28 15:58:46','2023-06-28 15:58:46','Botble\\ACL\\Models\\User'),(30,'update_status','Changed status of shipping to: Approved. Updated by: %user_name%',0,11,11,'2023-07-01 23:58:46','2023-07-02 19:58:46','Botble\\ACL\\Models\\User'),(31,'update_status','Changed status of shipping to: Delivered. Updated by: %user_name%',0,11,11,'2023-07-02 19:58:46','2023-07-02 19:58:46','Botble\\ACL\\Models\\User'),(32,'create_from_order','Shipping was created from order %order_id%',0,12,12,'2023-06-30 13:58:46','2023-06-30 13:58:46','Botble\\ACL\\Models\\User'),(33,'update_status','Changed status of shipping to: Approved. Updated by: %user_name%',0,12,12,'2023-07-02 01:58:46','2023-07-02 19:58:46','Botble\\ACL\\Models\\User'),(34,'update_status','Changed status of shipping to: Delivered. Updated by: %user_name%',0,12,12,'2023-07-02 19:58:46','2023-07-02 19:58:46','Botble\\ACL\\Models\\User'),(35,'create_from_order','Shipping was created from order %order_id%',0,13,13,'2023-07-02 03:58:46','2023-07-02 03:58:46','Botble\\ACL\\Models\\User'),(36,'update_status','Changed status of shipping to: Approved. Updated by: %user_name%',0,13,13,'2023-07-02 03:58:46','2023-07-02 19:58:46','Botble\\ACL\\Models\\User'),(37,'create_from_order','Shipping was created from order %order_id%',0,14,14,'2023-06-26 23:58:46','2023-06-26 23:58:46','Botble\\ACL\\Models\\User'),(38,'update_status','Changed status of shipping to: Approved. Updated by: %user_name%',0,14,14,'2023-07-02 05:58:46','2023-07-02 19:58:46','Botble\\ACL\\Models\\User'),(39,'update_status','Changed status of shipping to: Delivered. Updated by: %user_name%',0,14,14,'2023-07-02 19:58:46','2023-07-02 19:58:46','Botble\\ACL\\Models\\User'),(40,'create_from_order','Shipping was created from order %order_id%',0,15,15,'2023-06-30 19:58:46','2023-06-30 19:58:46','Botble\\ACL\\Models\\User'),(41,'update_status','Changed status of shipping to: Approved. Updated by: %user_name%',0,15,15,'2023-07-02 07:58:46','2023-07-02 19:58:46','Botble\\ACL\\Models\\User'),(42,'create_from_order','Shipping was created from order %order_id%',0,16,16,'2023-07-01 13:58:46','2023-07-01 13:58:46','Botble\\ACL\\Models\\User'),(43,'update_status','Changed status of shipping to: Approved. Updated by: %user_name%',0,16,16,'2023-07-02 09:58:46','2023-07-02 19:58:46','Botble\\ACL\\Models\\User'),(44,'update_status','Changed status of shipping to: Delivered. Updated by: %user_name%',0,16,16,'2023-07-02 19:58:46','2023-07-02 19:58:46','Botble\\ACL\\Models\\User'),(45,'create_from_order','Shipping was created from order %order_id%',0,17,17,'2023-07-01 03:58:46','2023-07-01 03:58:46','Botble\\ACL\\Models\\User'),(46,'update_status','Changed status of shipping to: Approved. Updated by: %user_name%',0,17,17,'2023-07-02 11:58:46','2023-07-02 19:58:46','Botble\\ACL\\Models\\User'),(47,'update_status','Changed status of shipping to: Delivered. Updated by: %user_name%',0,17,17,'2023-07-02 19:58:46','2023-07-02 19:58:46','Botble\\ACL\\Models\\User'),(48,'create_from_order','Shipping was created from order %order_id%',0,18,18,'2023-07-01 07:58:46','2023-07-01 07:58:46','Botble\\ACL\\Models\\User'),(49,'update_status','Changed status of shipping to: Approved. Updated by: %user_name%',0,18,18,'2023-07-02 13:58:46','2023-07-02 19:58:46','Botble\\ACL\\Models\\User'),(50,'update_status','Changed status of shipping to: Delivered. Updated by: %user_name%',0,18,18,'2023-07-02 19:58:46','2023-07-02 19:58:46','Botble\\ACL\\Models\\User'),(51,'create_from_order','Shipping was created from order %order_id%',0,19,19,'2023-07-02 07:58:46','2023-07-02 07:58:46','Botble\\ACL\\Models\\User'),(52,'update_status','Changed status of shipping to: Approved. Updated by: %user_name%',0,19,19,'2023-07-02 15:58:46','2023-07-02 19:58:46','Botble\\ACL\\Models\\User'),(53,'update_status','Changed status of shipping to: Delivered. Updated by: %user_name%',0,19,19,'2023-07-02 19:58:46','2023-07-02 19:58:46','Botble\\ACL\\Models\\User'),(54,'create_from_order','Shipping was created from order %order_id%',0,20,20,'2023-07-02 17:58:46','2023-07-02 17:58:46','Botble\\ACL\\Models\\User'),(55,'update_status','Changed status of shipping to: Approved. Updated by: %user_name%',0,20,20,'2023-07-02 17:58:46','2023-07-02 19:58:46','Botble\\ACL\\Models\\User');
/*!40000 ALTER TABLE `ec_shipment_histories` ENABLE KEYS */;
UNLOCK TABLES;

--
-- Table structure for table `ec_shipments`
--

DROP TABLE IF EXISTS `ec_shipments`;
/*!40101 SET @saved_cs_client     = @@character_set_client */;
/*!50503 SET character_set_client = utf8mb4 */;
CREATE TABLE `ec_shipments` (
  `id` bigint unsigned NOT NULL AUTO_INCREMENT,
  `order_id` bigint unsigned NOT NULL,
  `user_id` bigint unsigned DEFAULT NULL,
  `weight` double(8,2) DEFAULT '0.00',
  `shipment_id` varchar(120) COLLATE utf8mb4_unicode_ci DEFAULT NULL,
  `rate_id` varchar(120) COLLATE utf8mb4_unicode_ci DEFAULT NULL,
  `note` varchar(120) COLLATE utf8mb4_unicode_ci DEFAULT NULL,
  `status` varchar(120) COLLATE utf8mb4_unicode_ci NOT NULL DEFAULT 'pending',
  `cod_amount` decimal(15,2) DEFAULT '0.00',
  `cod_status` varchar(60) COLLATE utf8mb4_unicode_ci NOT NULL DEFAULT 'pending',
  `cross_checking_status` varchar(60) COLLATE utf8mb4_unicode_ci NOT NULL DEFAULT 'pending',
  `price` decimal(15,2) DEFAULT '0.00',
  `store_id` bigint unsigned DEFAULT NULL,
  `created_at` timestamp NULL DEFAULT NULL,
  `updated_at` timestamp NULL DEFAULT NULL,
  `tracking_id` varchar(191) COLLATE utf8mb4_unicode_ci DEFAULT NULL,
  `shipping_company_name` varchar(191) COLLATE utf8mb4_unicode_ci DEFAULT NULL,
  `tracking_link` varchar(191) COLLATE utf8mb4_unicode_ci DEFAULT NULL,
  `estimate_date_shipped` datetime DEFAULT NULL,
  `date_shipped` datetime DEFAULT NULL,
  `label_url` text COLLATE utf8mb4_unicode_ci,
  `metadata` mediumtext COLLATE utf8mb4_unicode_ci,
  PRIMARY KEY (`id`)
) ENGINE=InnoDB AUTO_INCREMENT=21 DEFAULT CHARSET=utf8mb4 COLLATE=utf8mb4_unicode_ci;
/*!40101 SET character_set_client = @saved_cs_client */;

--
-- Dumping data for table `ec_shipments`
--

LOCK TABLES `ec_shipments` WRITE;
/*!40000 ALTER TABLE `ec_shipments` DISABLE KEYS */;
INSERT INTO `ec_shipments` VALUES (1,1,NULL,1471.00,NULL,NULL,'','approved',0.00,'completed','pending',0.00,0,'2023-07-02 19:58:46','2023-07-02 19:58:46','JJD0051858364','DHL','https://mydhl.express.dhl/us/en/tracking.html#/track-by-reference','2023-07-06 02:58:46',NULL,NULL,NULL),(2,2,NULL,6041.00,NULL,NULL,'','delivered',425.00,'completed','pending',0.00,0,'2023-07-02 19:58:46','2023-07-02 19:58:46','JJD0025373068','DHL','https://mydhl.express.dhl/us/en/tracking.html#/track-by-reference','2023-07-10 02:58:46','2023-07-03 02:58:46',NULL,NULL),(3,3,NULL,3406.00,NULL,NULL,'','delivered',0.00,'completed','pending',0.00,0,'2023-07-02 19:58:46','2023-07-02 19:58:46','JJD0072802932','DHL','https://mydhl.express.dhl/us/en/tracking.html#/track-by-reference','2023-07-05 02:58:46','2023-07-03 02:58:46',NULL,NULL),(4,4,NULL,4645.00,NULL,NULL,'','delivered',211.00,'completed','pending',0.00,0,'2023-07-02 19:58:46','2023-07-02 19:58:46','JJD0014164404','DHL','https://mydhl.express.dhl/us/en/tracking.html#/track-by-reference','2023-07-10 02:58:46','2023-07-03 02:58:46',NULL,NULL),(5,5,NULL,2786.00,NULL,NULL,'','delivered',0.00,'completed','pending',0.00,0,'2023-07-02 19:58:46','2023-07-02 19:58:46','JJD0029806744','DHL','https://mydhl.express.dhl/us/en/tracking.html#/track-by-reference','2023-07-11 02:58:46','2023-07-03 02:58:46',NULL,NULL),(6,6,NULL,2356.00,NULL,NULL,'','delivered',0.00,'completed','pending',0.00,0,'2023-07-02 19:58:46','2023-07-02 19:58:46','JJD0085415911','DHL','https://mydhl.express.dhl/us/en/tracking.html#/track-by-reference','2023-07-09 02:58:46','2023-07-03 02:58:46',NULL,NULL),(7,7,NULL,2487.00,NULL,NULL,'','approved',113.00,'pending','pending',0.00,0,'2023-07-02 19:58:46','2023-07-02 19:58:46','JJD0074795124','FastShipping','https://mydhl.express.dhl/us/en/tracking.html#/track-by-reference','2023-07-06 02:58:46',NULL,NULL,NULL),(8,8,NULL,4204.00,NULL,NULL,'','approved',0.00,'completed','pending',0.00,0,'2023-07-02 19:58:46','2023-07-02 19:58:46','JJD0054972167','DHL','https://mydhl.express.dhl/us/en/tracking.html#/track-by-reference','2023-07-05 02:58:46',NULL,NULL,NULL),(9,9,NULL,2196.00,NULL,NULL,'','approved',0.00,'completed','pending',0.00,0,'2023-07-02 19:58:46','2023-07-02 19:58:46','JJD0017439867','FastShipping','https://mydhl.express.dhl/us/en/tracking.html#/track-by-reference','2023-07-06 02:58:46',NULL,NULL,NULL),(10,10,NULL,3786.00,NULL,NULL,'','delivered',0.00,'completed','pending',0.00,0,'2023-07-02 19:58:46','2023-07-02 19:58:46','JJD0040192342','FastShipping','https://mydhl.express.dhl/us/en/tracking.html#/track-by-reference','2023-07-11 02:58:46','2023-07-03 02:58:46',NULL,NULL),(11,11,NULL,6261.00,NULL,NULL,'','delivered',0.00,'completed','pending',0.00,0,'2023-07-02 19:58:46','2023-07-02 19:58:46','JJD0030781647','GHN','https://mydhl.express.dhl/us/en/tracking.html#/track-by-reference','2023-07-06 02:58:46','2023-07-03 02:58:46',NULL,NULL),(12,12,NULL,4974.00,NULL,NULL,'','delivered',0.00,'completed','pending',0.00,0,'2023-07-02 19:58:46','2023-07-02 19:58:46','JJD0049222509','FastShipping','https://mydhl.express.dhl/us/en/tracking.html#/track-by-reference','2023-07-13 02:58:46','2023-07-03 02:58:46',NULL,NULL),(13,13,NULL,3284.00,NULL,NULL,'','approved',0.00,'completed','pending',0.00,0,'2023-07-02 19:58:46','2023-07-02 19:58:46','JJD0054590114','GHN','https://mydhl.express.dhl/us/en/tracking.html#/track-by-reference','2023-07-09 02:58:46',NULL,NULL,NULL),(14,14,NULL,3280.00,NULL,NULL,'','delivered',0.00,'completed','pending',0.00,0,'2023-07-02 19:58:46','2023-07-02 19:58:46','JJD0088218735','GHN','https://mydhl.express.dhl/us/en/tracking.html#/track-by-reference','2023-07-11 02:58:46','2023-07-03 02:58:46',NULL,NULL),(15,15,NULL,2061.00,NULL,NULL,'','approved',0.00,'completed','pending',0.00,0,'2023-07-02 19:58:46','2023-07-02 19:58:46','JJD0084207200','AliExpress','https://mydhl.express.dhl/us/en/tracking.html#/track-by-reference','2023-07-07 02:58:46',NULL,NULL,NULL),(16,16,NULL,2320.00,NULL,NULL,'','delivered',0.00,'completed','pending',0.00,0,'2023-07-02 19:58:46','2023-07-02 19:58:46','JJD0035492794','GHN','https://mydhl.express.dhl/us/en/tracking.html#/track-by-reference','2023-07-10 02:58:46','2023-07-03 02:58:46',NULL,NULL),(17,17,NULL,4618.00,NULL,NULL,'','delivered',0.00,'completed','pending',0.00,0,'2023-07-02 19:58:46','2023-07-02 19:58:46','JJD0083115808','GHN','https://mydhl.express.dhl/us/en/tracking.html#/track-by-reference','2023-07-06 02:58:46','2023-07-03 02:58:46',NULL,NULL),(18,18,NULL,4613.00,NULL,NULL,'','delivered',0.00,'completed','pending',0.00,0,'2023-07-02 19:58:46','2023-07-02 19:58:46','JJD0072569142','AliExpress','https://mydhl.express.dhl/us/en/tracking.html#/track-by-reference','2023-07-12 02:58:46','2023-07-03 02:58:46',NULL,NULL),(19,19,NULL,5635.00,NULL,NULL,'','delivered',0.00,'completed','pending',0.00,0,'2023-07-02 19:58:46','2023-07-02 19:58:46','JJD0080695577','FastShipping','https://mydhl.express.dhl/us/en/tracking.html#/track-by-reference','2023-07-11 02:58:46','2023-07-03 02:58:46',NULL,NULL),(20,20,NULL,1192.00,NULL,NULL,'','approved',0.00,'completed','pending',0.00,0,'2023-07-02 19:58:46','2023-07-02 19:58:46','JJD0029432256','GHN','https://mydhl.express.dhl/us/en/tracking.html#/track-by-reference','2023-07-06 02:58:46',NULL,NULL,NULL);
/*!40000 ALTER TABLE `ec_shipments` ENABLE KEYS */;
UNLOCK TABLES;

--
-- Table structure for table `ec_shipping`
--

DROP TABLE IF EXISTS `ec_shipping`;
/*!40101 SET @saved_cs_client     = @@character_set_client */;
/*!50503 SET character_set_client = utf8mb4 */;
CREATE TABLE `ec_shipping` (
  `id` bigint unsigned NOT NULL AUTO_INCREMENT,
  `title` varchar(191) COLLATE utf8mb4_unicode_ci DEFAULT NULL,
  `country` varchar(120) COLLATE utf8mb4_unicode_ci DEFAULT NULL,
  `created_at` timestamp NULL DEFAULT NULL,
  `updated_at` timestamp NULL DEFAULT NULL,
  PRIMARY KEY (`id`)
) ENGINE=InnoDB AUTO_INCREMENT=2 DEFAULT CHARSET=utf8mb4 COLLATE=utf8mb4_unicode_ci;
/*!40101 SET character_set_client = @saved_cs_client */;

--
-- Dumping data for table `ec_shipping`
--

LOCK TABLES `ec_shipping` WRITE;
/*!40000 ALTER TABLE `ec_shipping` DISABLE KEYS */;
INSERT INTO `ec_shipping` VALUES (1,'All',NULL,'2023-07-02 19:58:46','2023-07-02 19:58:46');
/*!40000 ALTER TABLE `ec_shipping` ENABLE KEYS */;
UNLOCK TABLES;

--
-- Table structure for table `ec_shipping_rule_items`
--

DROP TABLE IF EXISTS `ec_shipping_rule_items`;
/*!40101 SET @saved_cs_client     = @@character_set_client */;
/*!50503 SET character_set_client = utf8mb4 */;
CREATE TABLE `ec_shipping_rule_items` (
  `id` bigint unsigned NOT NULL AUTO_INCREMENT,
  `shipping_rule_id` bigint unsigned NOT NULL,
  `country` varchar(120) COLLATE utf8mb4_unicode_ci DEFAULT NULL,
  `state` varchar(120) COLLATE utf8mb4_unicode_ci DEFAULT NULL,
  `city` varchar(120) COLLATE utf8mb4_unicode_ci DEFAULT NULL,
  `zip_code` varchar(20) COLLATE utf8mb4_unicode_ci DEFAULT NULL,
  `adjustment_price` decimal(15,2) DEFAULT '0.00',
  `is_enabled` tinyint(1) NOT NULL DEFAULT '1',
  `created_at` timestamp NULL DEFAULT NULL,
  `updated_at` timestamp NULL DEFAULT NULL,
  PRIMARY KEY (`id`)
) ENGINE=InnoDB DEFAULT CHARSET=utf8mb4 COLLATE=utf8mb4_unicode_ci;
/*!40101 SET character_set_client = @saved_cs_client */;

--
-- Dumping data for table `ec_shipping_rule_items`
--

LOCK TABLES `ec_shipping_rule_items` WRITE;
/*!40000 ALTER TABLE `ec_shipping_rule_items` DISABLE KEYS */;
/*!40000 ALTER TABLE `ec_shipping_rule_items` ENABLE KEYS */;
UNLOCK TABLES;

--
-- Table structure for table `ec_shipping_rules`
--

DROP TABLE IF EXISTS `ec_shipping_rules`;
/*!40101 SET @saved_cs_client     = @@character_set_client */;
/*!50503 SET character_set_client = utf8mb4 */;
CREATE TABLE `ec_shipping_rules` (
  `id` bigint unsigned NOT NULL AUTO_INCREMENT,
  `name` varchar(120) COLLATE utf8mb4_unicode_ci NOT NULL,
  `shipping_id` bigint unsigned NOT NULL,
  `type` varchar(24) CHARACTER SET utf8mb4 COLLATE utf8mb4_unicode_ci DEFAULT 'based_on_price',
  `from` decimal(15,2) DEFAULT '0.00',
  `to` decimal(15,2) DEFAULT '0.00',
  `price` decimal(15,2) DEFAULT '0.00',
  `created_at` timestamp NULL DEFAULT NULL,
  `updated_at` timestamp NULL DEFAULT NULL,
  PRIMARY KEY (`id`)
) ENGINE=InnoDB AUTO_INCREMENT=2 DEFAULT CHARSET=utf8mb4 COLLATE=utf8mb4_unicode_ci;
/*!40101 SET character_set_client = @saved_cs_client */;

--
-- Dumping data for table `ec_shipping_rules`
--

LOCK TABLES `ec_shipping_rules` WRITE;
/*!40000 ALTER TABLE `ec_shipping_rules` DISABLE KEYS */;
INSERT INTO `ec_shipping_rules` VALUES (1,'Free delivery',1,'based_on_price',0.00,NULL,0.00,'2023-07-02 19:58:46','2023-07-02 19:58:46');
/*!40000 ALTER TABLE `ec_shipping_rules` ENABLE KEYS */;
UNLOCK TABLES;

--
-- Table structure for table `ec_store_locators`
--

DROP TABLE IF EXISTS `ec_store_locators`;
/*!40101 SET @saved_cs_client     = @@character_set_client */;
/*!50503 SET character_set_client = utf8mb4 */;
CREATE TABLE `ec_store_locators` (
  `id` bigint unsigned NOT NULL AUTO_INCREMENT,
  `name` varchar(60) COLLATE utf8mb4_unicode_ci NOT NULL,
  `email` varchar(60) COLLATE utf8mb4_unicode_ci DEFAULT NULL,
  `phone` varchar(20) COLLATE utf8mb4_unicode_ci NOT NULL,
  `address` varchar(255) COLLATE utf8mb4_unicode_ci NOT NULL,
  `country` varchar(120) COLLATE utf8mb4_unicode_ci DEFAULT NULL,
  `state` varchar(120) COLLATE utf8mb4_unicode_ci DEFAULT NULL,
  `city` varchar(120) COLLATE utf8mb4_unicode_ci DEFAULT NULL,
  `is_primary` tinyint(1) DEFAULT '0',
  `is_shipping_location` tinyint(1) DEFAULT '1',
  `created_at` timestamp NULL DEFAULT NULL,
  `updated_at` timestamp NULL DEFAULT NULL,
  PRIMARY KEY (`id`)
) ENGINE=InnoDB AUTO_INCREMENT=2 DEFAULT CHARSET=utf8mb4 COLLATE=utf8mb4_unicode_ci;
/*!40101 SET character_set_client = @saved_cs_client */;

--
-- Dumping data for table `ec_store_locators`
--

LOCK TABLES `ec_store_locators` WRITE;
/*!40000 ALTER TABLE `ec_store_locators` DISABLE KEYS */;
INSERT INTO `ec_store_locators` VALUES (1,'Starbelly','sales@archielite.com','1800979769','502 New Street','AU','Brighton VIC','Brighton VIC',1,1,'2023-07-02 19:58:46','2023-07-02 19:58:46');
/*!40000 ALTER TABLE `ec_store_locators` ENABLE KEYS */;
UNLOCK TABLES;

--
-- Table structure for table `ec_tax_products`
--

DROP TABLE IF EXISTS `ec_tax_products`;
/*!40101 SET @saved_cs_client     = @@character_set_client */;
/*!50503 SET character_set_client = utf8mb4 */;
CREATE TABLE `ec_tax_products` (
  `tax_id` bigint unsigned NOT NULL,
  `product_id` bigint unsigned NOT NULL,
  PRIMARY KEY (`product_id`,`tax_id`),
  KEY `ec_tax_products_tax_id_index` (`tax_id`),
  KEY `ec_tax_products_product_id_index` (`product_id`)
) ENGINE=InnoDB DEFAULT CHARSET=utf8mb4 COLLATE=utf8mb4_unicode_ci;
/*!40101 SET character_set_client = @saved_cs_client */;

--
-- Dumping data for table `ec_tax_products`
--

LOCK TABLES `ec_tax_products` WRITE;
/*!40000 ALTER TABLE `ec_tax_products` DISABLE KEYS */;
INSERT INTO `ec_tax_products` VALUES (1,1),(1,2),(1,3),(1,4),(1,5),(1,6),(1,7),(1,8),(1,9),(1,10),(1,11),(1,12),(1,13),(1,14),(1,15),(1,16),(1,17),(1,18),(1,19),(1,20),(1,21),(1,22),(1,23),(1,24),(1,25),(1,26),(1,27),(1,28),(1,29),(1,30),(1,31),(1,32),(1,33),(1,34),(1,35),(1,36),(1,37),(1,38),(1,39),(1,40),(1,41);
/*!40000 ALTER TABLE `ec_tax_products` ENABLE KEYS */;
UNLOCK TABLES;

--
-- Table structure for table `ec_taxes`
--

DROP TABLE IF EXISTS `ec_taxes`;
/*!40101 SET @saved_cs_client     = @@character_set_client */;
/*!50503 SET character_set_client = utf8mb4 */;
CREATE TABLE `ec_taxes` (
  `id` bigint unsigned NOT NULL AUTO_INCREMENT,
  `title` varchar(191) COLLATE utf8mb4_unicode_ci DEFAULT NULL,
  `percentage` double(8,6) DEFAULT NULL,
  `priority` int DEFAULT NULL,
  `status` varchar(60) COLLATE utf8mb4_unicode_ci NOT NULL DEFAULT 'published',
  `created_at` timestamp NULL DEFAULT NULL,
  `updated_at` timestamp NULL DEFAULT NULL,
  PRIMARY KEY (`id`)
) ENGINE=InnoDB AUTO_INCREMENT=4 DEFAULT CHARSET=utf8mb4 COLLATE=utf8mb4_unicode_ci;
/*!40101 SET character_set_client = @saved_cs_client */;

--
-- Dumping data for table `ec_taxes`
--

LOCK TABLES `ec_taxes` WRITE;
/*!40000 ALTER TABLE `ec_taxes` DISABLE KEYS */;
INSERT INTO `ec_taxes` VALUES (1,'VAT',10.000000,1,'published','2023-07-02 19:58:46','2023-07-02 19:58:46'),(2,'None',0.000000,2,'published','2023-07-02 19:58:46','2023-07-02 19:58:46'),(3,'Import Tax',15.000000,3,'published','2023-07-02 19:58:46','2023-07-02 19:58:46');
/*!40000 ALTER TABLE `ec_taxes` ENABLE KEYS */;
UNLOCK TABLES;

--
-- Table structure for table `ec_wish_lists`
--

DROP TABLE IF EXISTS `ec_wish_lists`;
/*!40101 SET @saved_cs_client     = @@character_set_client */;
/*!50503 SET character_set_client = utf8mb4 */;
CREATE TABLE `ec_wish_lists` (
  `id` bigint unsigned NOT NULL AUTO_INCREMENT,
  `customer_id` bigint unsigned NOT NULL,
  `product_id` bigint unsigned NOT NULL,
  `created_at` timestamp NULL DEFAULT NULL,
  `updated_at` timestamp NULL DEFAULT NULL,
  PRIMARY KEY (`id`),
  KEY `ec_wish_lists_product_id_customer_id_index` (`product_id`,`customer_id`)
) ENGINE=InnoDB DEFAULT CHARSET=utf8mb4 COLLATE=utf8mb4_unicode_ci;
/*!40101 SET character_set_client = @saved_cs_client */;

--
-- Dumping data for table `ec_wish_lists`
--

LOCK TABLES `ec_wish_lists` WRITE;
/*!40000 ALTER TABLE `ec_wish_lists` DISABLE KEYS */;
/*!40000 ALTER TABLE `ec_wish_lists` ENABLE KEYS */;
UNLOCK TABLES;

--
-- Table structure for table `failed_jobs`
--

DROP TABLE IF EXISTS `failed_jobs`;
/*!40101 SET @saved_cs_client     = @@character_set_client */;
/*!50503 SET character_set_client = utf8mb4 */;
CREATE TABLE `failed_jobs` (
  `id` bigint unsigned NOT NULL AUTO_INCREMENT,
  `uuid` varchar(191) COLLATE utf8mb4_unicode_ci NOT NULL,
  `connection` text COLLATE utf8mb4_unicode_ci NOT NULL,
  `queue` text COLLATE utf8mb4_unicode_ci NOT NULL,
  `payload` longtext COLLATE utf8mb4_unicode_ci NOT NULL,
  `exception` longtext COLLATE utf8mb4_unicode_ci NOT NULL,
  `failed_at` timestamp NOT NULL DEFAULT CURRENT_TIMESTAMP,
  PRIMARY KEY (`id`),
  UNIQUE KEY `failed_jobs_uuid_unique` (`uuid`)
) ENGINE=InnoDB DEFAULT CHARSET=utf8mb4 COLLATE=utf8mb4_unicode_ci;
/*!40101 SET character_set_client = @saved_cs_client */;

--
-- Dumping data for table `failed_jobs`
--

LOCK TABLES `failed_jobs` WRITE;
/*!40000 ALTER TABLE `failed_jobs` DISABLE KEYS */;
/*!40000 ALTER TABLE `failed_jobs` ENABLE KEYS */;
UNLOCK TABLES;

--
-- Table structure for table `faq_categories`
--

DROP TABLE IF EXISTS `faq_categories`;
/*!40101 SET @saved_cs_client     = @@character_set_client */;
/*!50503 SET character_set_client = utf8mb4 */;
CREATE TABLE `faq_categories` (
  `id` bigint unsigned NOT NULL AUTO_INCREMENT,
  `name` varchar(120) COLLATE utf8mb4_unicode_ci NOT NULL,
  `order` tinyint NOT NULL DEFAULT '0',
  `status` varchar(60) COLLATE utf8mb4_unicode_ci NOT NULL DEFAULT 'published',
  `created_at` timestamp NULL DEFAULT NULL,
  `updated_at` timestamp NULL DEFAULT NULL,
  PRIMARY KEY (`id`)
) ENGINE=InnoDB AUTO_INCREMENT=5 DEFAULT CHARSET=utf8mb4 COLLATE=utf8mb4_unicode_ci;
/*!40101 SET character_set_client = @saved_cs_client */;

--
-- Dumping data for table `faq_categories`
--

LOCK TABLES `faq_categories` WRITE;
/*!40000 ALTER TABLE `faq_categories` DISABLE KEYS */;
INSERT INTO `faq_categories` VALUES (1,'General',0,'published','2023-07-02 19:58:41','2023-07-02 19:58:41'),(2,'Buying',1,'published','2023-07-02 19:58:41','2023-07-02 19:58:41'),(3,'Payment',2,'published','2023-07-02 19:58:41','2023-07-02 19:58:41'),(4,'Support',3,'published','2023-07-02 19:58:41','2023-07-02 19:58:41');
/*!40000 ALTER TABLE `faq_categories` ENABLE KEYS */;
UNLOCK TABLES;

--
-- Table structure for table `faq_categories_translations`
--

DROP TABLE IF EXISTS `faq_categories_translations`;
/*!40101 SET @saved_cs_client     = @@character_set_client */;
/*!50503 SET character_set_client = utf8mb4 */;
CREATE TABLE `faq_categories_translations` (
  `lang_code` varchar(191) COLLATE utf8mb4_unicode_ci NOT NULL,
  `faq_categories_id` bigint unsigned NOT NULL,
  `name` varchar(120) COLLATE utf8mb4_unicode_ci DEFAULT NULL,
  PRIMARY KEY (`lang_code`,`faq_categories_id`)
) ENGINE=InnoDB DEFAULT CHARSET=utf8mb4 COLLATE=utf8mb4_unicode_ci;
/*!40101 SET character_set_client = @saved_cs_client */;

--
-- Dumping data for table `faq_categories_translations`
--

LOCK TABLES `faq_categories_translations` WRITE;
/*!40000 ALTER TABLE `faq_categories_translations` DISABLE KEYS */;
INSERT INTO `faq_categories_translations` VALUES ('vi',1,NULL),('vi',2,NULL),('vi',3,NULL),('vi',4,NULL);
/*!40000 ALTER TABLE `faq_categories_translations` ENABLE KEYS */;
UNLOCK TABLES;

--
-- Table structure for table `faqs`
--

DROP TABLE IF EXISTS `faqs`;
/*!40101 SET @saved_cs_client     = @@character_set_client */;
/*!50503 SET character_set_client = utf8mb4 */;
CREATE TABLE `faqs` (
  `id` bigint unsigned NOT NULL AUTO_INCREMENT,
  `question` text COLLATE utf8mb4_unicode_ci NOT NULL,
  `answer` text COLLATE utf8mb4_unicode_ci NOT NULL,
  `category_id` bigint unsigned NOT NULL,
  `status` varchar(60) COLLATE utf8mb4_unicode_ci NOT NULL DEFAULT 'published',
  `created_at` timestamp NULL DEFAULT NULL,
  `updated_at` timestamp NULL DEFAULT NULL,
  PRIMARY KEY (`id`)
) ENGINE=InnoDB AUTO_INCREMENT=25 DEFAULT CHARSET=utf8mb4 COLLATE=utf8mb4_unicode_ci;
/*!40101 SET character_set_client = @saved_cs_client */;

--
-- Dumping data for table `faqs`
--

LOCK TABLES `faqs` WRITE;
/*!40000 ALTER TABLE `faqs` DISABLE KEYS */;
INSERT INTO `faqs` VALUES (1,'Where does it come from?','If several languages coalesce, the grammar of the resulting language is more simple and regular than that of the individual languages. The new common language will be more simple and regular than the existing European languages.',2,'published','2023-07-02 19:58:41','2023-07-02 19:58:41'),(2,'How StarBelly Work?','To an English person, it will seem like simplified English, as a skeptical Cambridge friend of mine told me what Occidental is. The European languages are members of the same family. Their separate existence is a myth.',1,'published','2023-07-02 19:58:41','2023-07-02 19:58:41'),(3,'What is your shipping policy?','Everyone realizes why a new common language would be desirable: one could refuse to pay expensive translators. To achieve this, it would be necessary to have uniform grammar, pronunciation and more common words.',2,'published','2023-07-02 19:58:41','2023-07-02 19:58:41'),(4,'Where To Place A FAQ Page','Just as the name suggests, a FAQ page is all about simple questions and answers. Gather common questions your customers have asked from your support team and include them in the FAQ, Use categories to organize questions related to specific topics.',3,'published','2023-07-02 19:58:41','2023-07-02 19:58:41'),(5,'Why do we use it?','It will be as simple as Occidental; in fact, it will be Occidental. To an English person, it will seem like simplified English, as a skeptical Cambridge friend of mine told me what Occidental.',3,'published','2023-07-02 19:58:41','2023-07-02 19:58:41'),(6,'Where can I get some?','To an English person, it will seem like simplified English, as a skeptical Cambridge friend of mine told me what Occidental is. The European languages are members of the same family. Their separate existence is a myth.',3,'published','2023-07-02 19:58:41','2023-07-02 19:58:41'),(7,'Where does it come from?','If several languages coalesce, the grammar of the resulting language is more simple and regular than that of the individual languages. The new common language will be more simple and regular than the existing European languages.',2,'published','2023-07-02 19:58:41','2023-07-02 19:58:41'),(8,'How StarBelly Work?','To an English person, it will seem like simplified English, as a skeptical Cambridge friend of mine told me what Occidental is. The European languages are members of the same family. Their separate existence is a myth.',4,'published','2023-07-02 19:58:41','2023-07-02 19:58:41'),(9,'What is your shipping policy?','Everyone realizes why a new common language would be desirable: one could refuse to pay expensive translators. To achieve this, it would be necessary to have uniform grammar, pronunciation and more common words.',2,'published','2023-07-02 19:58:41','2023-07-02 19:58:41'),(10,'Where To Place A FAQ Page','Just as the name suggests, a FAQ page is all about simple questions and answers. Gather common questions your customers have asked from your support team and include them in the FAQ, Use categories to organize questions related to specific topics.',2,'published','2023-07-02 19:58:41','2023-07-02 19:58:41'),(11,'Why do we use it?','It will be as simple as Occidental; in fact, it will be Occidental. To an English person, it will seem like simplified English, as a skeptical Cambridge friend of mine told me what Occidental.',1,'published','2023-07-02 19:58:41','2023-07-02 19:58:41'),(12,'Where can I get some?','To an English person, it will seem like simplified English, as a skeptical Cambridge friend of mine told me what Occidental is. The European languages are members of the same family. Their separate existence is a myth.',2,'published','2023-07-02 19:58:41','2023-07-02 19:58:41'),(13,'Where does it come from?','If several languages coalesce, the grammar of the resulting language is more simple and regular than that of the individual languages. The new common language will be more simple and regular than the existing European languages.',4,'published','2023-07-02 19:58:41','2023-07-02 19:58:41'),(14,'How StarBelly Work?','To an English person, it will seem like simplified English, as a skeptical Cambridge friend of mine told me what Occidental is. The European languages are members of the same family. Their separate existence is a myth.',3,'published','2023-07-02 19:58:41','2023-07-02 19:58:41'),(15,'What is your shipping policy?','Everyone realizes why a new common language would be desirable: one could refuse to pay expensive translators. To achieve this, it would be necessary to have uniform grammar, pronunciation and more common words.',4,'published','2023-07-02 19:58:41','2023-07-02 19:58:41'),(16,'Where To Place A FAQ Page','Just as the name suggests, a FAQ page is all about simple questions and answers. Gather common questions your customers have asked from your support team and include them in the FAQ, Use categories to organize questions related to specific topics.',1,'published','2023-07-02 19:58:41','2023-07-02 19:58:41'),(17,'Why do we use it?','It will be as simple as Occidental; in fact, it will be Occidental. To an English person, it will seem like simplified English, as a skeptical Cambridge friend of mine told me what Occidental.',1,'published','2023-07-02 19:58:41','2023-07-02 19:58:41'),(18,'Where can I get some?','To an English person, it will seem like simplified English, as a skeptical Cambridge friend of mine told me what Occidental is. The European languages are members of the same family. Their separate existence is a myth.',2,'published','2023-07-02 19:58:41','2023-07-02 19:58:41'),(19,'Where does it come from?','If several languages coalesce, the grammar of the resulting language is more simple and regular than that of the individual languages. The new common language will be more simple and regular than the existing European languages.',2,'published','2023-07-02 19:58:41','2023-07-02 19:58:41'),(20,'How StarBelly Work?','To an English person, it will seem like simplified English, as a skeptical Cambridge friend of mine told me what Occidental is. The European languages are members of the same family. Their separate existence is a myth.',4,'published','2023-07-02 19:58:41','2023-07-02 19:58:41'),(21,'What is your shipping policy?','Everyone realizes why a new common language would be desirable: one could refuse to pay expensive translators. To achieve this, it would be necessary to have uniform grammar, pronunciation and more common words.',1,'published','2023-07-02 19:58:41','2023-07-02 19:58:41'),(22,'Where To Place A FAQ Page','Just as the name suggests, a FAQ page is all about simple questions and answers. Gather common questions your customers have asked from your support team and include them in the FAQ, Use categories to organize questions related to specific topics.',2,'published','2023-07-02 19:58:41','2023-07-02 19:58:41'),(23,'Why do we use it?','It will be as simple as Occidental; in fact, it will be Occidental. To an English person, it will seem like simplified English, as a skeptical Cambridge friend of mine told me what Occidental.',3,'published','2023-07-02 19:58:41','2023-07-02 19:58:41'),(24,'Where can I get some?','To an English person, it will seem like simplified English, as a skeptical Cambridge friend of mine told me what Occidental is. The European languages are members of the same family. Their separate existence is a myth.',1,'published','2023-07-02 19:58:41','2023-07-02 19:58:41');
/*!40000 ALTER TABLE `faqs` ENABLE KEYS */;
UNLOCK TABLES;

--
-- Table structure for table `faqs_translations`
--

DROP TABLE IF EXISTS `faqs_translations`;
/*!40101 SET @saved_cs_client     = @@character_set_client */;
/*!50503 SET character_set_client = utf8mb4 */;
CREATE TABLE `faqs_translations` (
  `lang_code` varchar(191) COLLATE utf8mb4_unicode_ci NOT NULL,
  `faqs_id` bigint unsigned NOT NULL,
  `question` text COLLATE utf8mb4_unicode_ci,
  `answer` text COLLATE utf8mb4_unicode_ci,
  PRIMARY KEY (`lang_code`,`faqs_id`)
) ENGINE=InnoDB DEFAULT CHARSET=utf8mb4 COLLATE=utf8mb4_unicode_ci;
/*!40101 SET character_set_client = @saved_cs_client */;

--
-- Dumping data for table `faqs_translations`
--

LOCK TABLES `faqs_translations` WRITE;
/*!40000 ALTER TABLE `faqs_translations` DISABLE KEYS */;
/*!40000 ALTER TABLE `faqs_translations` ENABLE KEYS */;
UNLOCK TABLES;

--
-- Table structure for table `galleries`
--

DROP TABLE IF EXISTS `galleries`;
/*!40101 SET @saved_cs_client     = @@character_set_client */;
/*!50503 SET character_set_client = utf8mb4 */;
CREATE TABLE `galleries` (
  `id` bigint unsigned NOT NULL AUTO_INCREMENT,
  `name` varchar(120) COLLATE utf8mb4_unicode_ci NOT NULL,
  `description` longtext COLLATE utf8mb4_unicode_ci NOT NULL,
  `is_featured` tinyint unsigned NOT NULL DEFAULT '0',
  `order` tinyint unsigned NOT NULL DEFAULT '0',
  `image` varchar(255) COLLATE utf8mb4_unicode_ci DEFAULT NULL,
  `user_id` bigint unsigned NOT NULL,
  `status` varchar(60) COLLATE utf8mb4_unicode_ci NOT NULL DEFAULT 'published',
  `created_at` timestamp NULL DEFAULT NULL,
  `updated_at` timestamp NULL DEFAULT NULL,
  PRIMARY KEY (`id`),
  KEY `galleries_user_id_index` (`user_id`)
) ENGINE=InnoDB AUTO_INCREMENT=11 DEFAULT CHARSET=utf8mb4 COLLATE=utf8mb4_unicode_ci;
/*!40101 SET character_set_client = @saved_cs_client */;

--
-- Dumping data for table `galleries`
--

LOCK TABLES `galleries` WRITE;
/*!40000 ALTER TABLE `galleries` DISABLE KEYS */;
INSERT INTO `galleries` VALUES (1,'Perfect','It was high time you were INSIDE, you might knock, and I never understood what it was very uncomfortable, and, as she said to herself, and fanned herself with one finger pressed upon its forehead.',1,0,'galleries/1.jpg',1,'published','2023-07-02 19:58:47','2023-07-02 19:58:47'),(2,'New Day','The question is, what?\' The great question certainly was, what? Alice looked at Two. Two began in a day did you call it purring, not growling,\' said Alice. \'Why?\' \'IT DOES THE BOOTS AND SHOES.\' the.',1,0,'galleries/2.jpg',1,'published','2023-07-02 19:58:47','2023-07-02 19:58:47'),(3,'Happy Day','White Rabbit, jumping up in great disgust, and walked a little of the Mock Turtle Soup is made from,\' said the White Rabbit; \'in fact, there\'s nothing written on the same year for such a very little.',1,0,'galleries/3.jpg',1,'published','2023-07-02 19:58:47','2023-07-02 19:58:47'),(4,'Nature','White Rabbit, trotting slowly back again, and said, \'So you did, old fellow!\' said the Caterpillar. \'Well, I\'ve tried hedges,\' the Pigeon had finished. \'As if I only wish people knew that: then they.',0,0,'galleries/4.jpg',1,'published','2023-07-02 19:58:47','2023-07-02 19:58:47'),(5,'Morning','Let this be a very truthful child; \'but little girls eat eggs quite as much as she had drunk half the bottle, she found her head on her toes when they hit her; and the Queen left off, quite out of a.',0,0,'galleries/5.jpg',1,'published','2023-07-02 19:58:47','2023-07-02 19:58:47'),(6,'Photography','There ought to have been ill.\' \'So they were,\' said the Caterpillar. \'Well, perhaps not,\' said the Gryphon. \'Well, I shan\'t go, at any rate,\' said Alice: \'besides, that\'s not a mile high,\' said.',0,0,'galleries/6.jpg',1,'published','2023-07-02 19:58:47','2023-07-02 19:58:47'),(7,'Summer','However, this bottle does. I do so like that curious song about the twentieth time that day. \'That PROVES his guilt,\' said the Cat. \'--so long as it spoke (it was exactly three inches high). \'But.',1,0,'galleries/7.jpg',1,'published','2023-07-02 19:58:47','2023-07-02 19:58:47'),(8,'Holiday','ARE OLD, FATHER WILLIAM,\"\' said the Caterpillar. \'Not QUITE right, I\'m afraid,\' said Alice, \'how am I to get out again. That\'s all.\' \'Thank you,\' said the White Rabbit was still in sight, hurrying.',1,0,'galleries/8.jpg',1,'published','2023-07-02 19:58:47','2023-07-02 19:58:47'),(9,'Winter','I\'m I, and--oh dear, how puzzling it all came different!\' Alice replied in a fight with another hedgehog, which seemed to be ashamed of yourself,\' said Alice, a little feeble, squeaking voice.',0,0,'galleries/9.jpg',1,'published','2023-07-02 19:58:47','2023-07-02 19:58:47'),(10,'Warm','QUITE as much use in crying like that!\' But she waited patiently. \'Once,\' said the King, the Queen, who was reading the list of the what?\' said the King. \'Nothing whatever,\' said Alice. \'I\'ve so.',0,0,'galleries/10.jpg',1,'published','2023-07-02 19:58:47','2023-07-02 19:58:47');
/*!40000 ALTER TABLE `galleries` ENABLE KEYS */;
UNLOCK TABLES;

--
-- Table structure for table `galleries_translations`
--

DROP TABLE IF EXISTS `galleries_translations`;
/*!40101 SET @saved_cs_client     = @@character_set_client */;
/*!50503 SET character_set_client = utf8mb4 */;
CREATE TABLE `galleries_translations` (
  `lang_code` varchar(191) COLLATE utf8mb4_unicode_ci NOT NULL,
  `galleries_id` bigint unsigned NOT NULL,
  `name` varchar(255) COLLATE utf8mb4_unicode_ci DEFAULT NULL,
  `description` longtext COLLATE utf8mb4_unicode_ci,
  PRIMARY KEY (`lang_code`,`galleries_id`)
) ENGINE=InnoDB DEFAULT CHARSET=utf8mb4 COLLATE=utf8mb4_unicode_ci;
/*!40101 SET character_set_client = @saved_cs_client */;

--
-- Dumping data for table `galleries_translations`
--

LOCK TABLES `galleries_translations` WRITE;
/*!40000 ALTER TABLE `galleries_translations` DISABLE KEYS */;
INSERT INTO `galleries_translations` VALUES ('vi',1,NULL,NULL),('vi',2,NULL,NULL),('vi',3,NULL,NULL),('vi',4,NULL,NULL),('vi',5,NULL,NULL),('vi',6,NULL,NULL),('vi',7,NULL,NULL),('vi',8,NULL,NULL),('vi',9,NULL,NULL),('vi',10,NULL,NULL);
/*!40000 ALTER TABLE `galleries_translations` ENABLE KEYS */;
UNLOCK TABLES;

--
-- Table structure for table `gallery_meta`
--

DROP TABLE IF EXISTS `gallery_meta`;
/*!40101 SET @saved_cs_client     = @@character_set_client */;
/*!50503 SET character_set_client = utf8mb4 */;
CREATE TABLE `gallery_meta` (
  `id` bigint unsigned NOT NULL AUTO_INCREMENT,
  `images` text COLLATE utf8mb4_unicode_ci,
  `reference_id` bigint unsigned NOT NULL,
  `reference_type` varchar(120) COLLATE utf8mb4_unicode_ci NOT NULL,
  `created_at` timestamp NULL DEFAULT NULL,
  `updated_at` timestamp NULL DEFAULT NULL,
  PRIMARY KEY (`id`),
  KEY `gallery_meta_reference_id_index` (`reference_id`)
) ENGINE=InnoDB AUTO_INCREMENT=11 DEFAULT CHARSET=utf8mb4 COLLATE=utf8mb4_unicode_ci;
/*!40101 SET character_set_client = @saved_cs_client */;

--
-- Dumping data for table `gallery_meta`
--

LOCK TABLES `gallery_meta` WRITE;
/*!40000 ALTER TABLE `gallery_meta` DISABLE KEYS */;
INSERT INTO `gallery_meta` VALUES (1,'[{\"img\":\"galleries\\/1.jpg\",\"description\":\"Eius qui in tenetur voluptas saepe distinctio. Consectetur et in quidem sunt. Est unde excepturi unde nihil architecto distinctio ut.\"},{\"img\":\"galleries\\/2.jpg\",\"description\":\"Et et occaecati numquam minus dolores aliquid et. Sapiente nulla ut veritatis molestiae rerum dolorem qui. Earum veniam ut maiores et possimus.\"},{\"img\":\"galleries\\/3.jpg\",\"description\":\"Voluptatem quia et facere dolorem porro magnam aut. Quis et aut totam reiciendis totam. Enim animi sapiente eligendi. Illo voluptas qui corporis.\"},{\"img\":\"galleries\\/4.jpg\",\"description\":\"Omnis sunt dolorem dicta illo nobis ducimus. Qui repudiandae omnis doloribus sit sed voluptas. Qui cum accusamus ut accusamus vero.\"},{\"img\":\"galleries\\/5.jpg\",\"description\":\"Et et molestiae ipsa ratione. Reprehenderit ducimus porro voluptatem dolorem. Est maxime dolor non facere vero exercitationem nulla.\"},{\"img\":\"galleries\\/6.jpg\",\"description\":\"Sed sed fugit facilis adipisci quas. Possimus necessitatibus qui sunt dignissimos. Sequi quidem quis repellendus blanditiis eius quas aperiam.\"},{\"img\":\"galleries\\/7.jpg\",\"description\":\"Ut quia libero consectetur porro illo eos qui. Et itaque illum blanditiis vero. Provident hic aut corporis voluptas.\"},{\"img\":\"galleries\\/8.jpg\",\"description\":\"Voluptatem hic vel ipsam cupiditate alias. Mollitia occaecati sunt in autem qui dignissimos sint. Qui minima accusamus sit.\"},{\"img\":\"galleries\\/9.jpg\",\"description\":\"Eum dicta accusantium labore atque rem. Magni at fuga assumenda quia quisquam harum. Neque id eum natus non vero voluptatem.\"}]',1,'Botble\\Gallery\\Models\\Gallery','2023-07-02 19:58:47','2023-07-02 19:58:47'),(2,'[{\"img\":\"galleries\\/1.jpg\",\"description\":\"Eius qui in tenetur voluptas saepe distinctio. Consectetur et in quidem sunt. Est unde excepturi unde nihil architecto distinctio ut.\"},{\"img\":\"galleries\\/2.jpg\",\"description\":\"Et et occaecati numquam minus dolores aliquid et. Sapiente nulla ut veritatis molestiae rerum dolorem qui. Earum veniam ut maiores et possimus.\"},{\"img\":\"galleries\\/3.jpg\",\"description\":\"Voluptatem quia et facere dolorem porro magnam aut. Quis et aut totam reiciendis totam. Enim animi sapiente eligendi. Illo voluptas qui corporis.\"},{\"img\":\"galleries\\/4.jpg\",\"description\":\"Omnis sunt dolorem dicta illo nobis ducimus. Qui repudiandae omnis doloribus sit sed voluptas. Qui cum accusamus ut accusamus vero.\"},{\"img\":\"galleries\\/5.jpg\",\"description\":\"Et et molestiae ipsa ratione. Reprehenderit ducimus porro voluptatem dolorem. Est maxime dolor non facere vero exercitationem nulla.\"},{\"img\":\"galleries\\/6.jpg\",\"description\":\"Sed sed fugit facilis adipisci quas. Possimus necessitatibus qui sunt dignissimos. Sequi quidem quis repellendus blanditiis eius quas aperiam.\"},{\"img\":\"galleries\\/7.jpg\",\"description\":\"Ut quia libero consectetur porro illo eos qui. Et itaque illum blanditiis vero. Provident hic aut corporis voluptas.\"},{\"img\":\"galleries\\/8.jpg\",\"description\":\"Voluptatem hic vel ipsam cupiditate alias. Mollitia occaecati sunt in autem qui dignissimos sint. Qui minima accusamus sit.\"},{\"img\":\"galleries\\/9.jpg\",\"description\":\"Eum dicta accusantium labore atque rem. Magni at fuga assumenda quia quisquam harum. Neque id eum natus non vero voluptatem.\"}]',2,'Botble\\Gallery\\Models\\Gallery','2023-07-02 19:58:47','2023-07-02 19:58:47'),(3,'[{\"img\":\"galleries\\/1.jpg\",\"description\":\"Eius qui in tenetur voluptas saepe distinctio. Consectetur et in quidem sunt. Est unde excepturi unde nihil architecto distinctio ut.\"},{\"img\":\"galleries\\/2.jpg\",\"description\":\"Et et occaecati numquam minus dolores aliquid et. Sapiente nulla ut veritatis molestiae rerum dolorem qui. Earum veniam ut maiores et possimus.\"},{\"img\":\"galleries\\/3.jpg\",\"description\":\"Voluptatem quia et facere dolorem porro magnam aut. Quis et aut totam reiciendis totam. Enim animi sapiente eligendi. Illo voluptas qui corporis.\"},{\"img\":\"galleries\\/4.jpg\",\"description\":\"Omnis sunt dolorem dicta illo nobis ducimus. Qui repudiandae omnis doloribus sit sed voluptas. Qui cum accusamus ut accusamus vero.\"},{\"img\":\"galleries\\/5.jpg\",\"description\":\"Et et molestiae ipsa ratione. Reprehenderit ducimus porro voluptatem dolorem. Est maxime dolor non facere vero exercitationem nulla.\"},{\"img\":\"galleries\\/6.jpg\",\"description\":\"Sed sed fugit facilis adipisci quas. Possimus necessitatibus qui sunt dignissimos. Sequi quidem quis repellendus blanditiis eius quas aperiam.\"},{\"img\":\"galleries\\/7.jpg\",\"description\":\"Ut quia libero consectetur porro illo eos qui. Et itaque illum blanditiis vero. Provident hic aut corporis voluptas.\"},{\"img\":\"galleries\\/8.jpg\",\"description\":\"Voluptatem hic vel ipsam cupiditate alias. Mollitia occaecati sunt in autem qui dignissimos sint. Qui minima accusamus sit.\"},{\"img\":\"galleries\\/9.jpg\",\"description\":\"Eum dicta accusantium labore atque rem. Magni at fuga assumenda quia quisquam harum. Neque id eum natus non vero voluptatem.\"}]',3,'Botble\\Gallery\\Models\\Gallery','2023-07-02 19:58:47','2023-07-02 19:58:47'),(4,'[{\"img\":\"galleries\\/1.jpg\",\"description\":\"Eius qui in tenetur voluptas saepe distinctio. Consectetur et in quidem sunt. Est unde excepturi unde nihil architecto distinctio ut.\"},{\"img\":\"galleries\\/2.jpg\",\"description\":\"Et et occaecati numquam minus dolores aliquid et. Sapiente nulla ut veritatis molestiae rerum dolorem qui. Earum veniam ut maiores et possimus.\"},{\"img\":\"galleries\\/3.jpg\",\"description\":\"Voluptatem quia et facere dolorem porro magnam aut. Quis et aut totam reiciendis totam. Enim animi sapiente eligendi. Illo voluptas qui corporis.\"},{\"img\":\"galleries\\/4.jpg\",\"description\":\"Omnis sunt dolorem dicta illo nobis ducimus. Qui repudiandae omnis doloribus sit sed voluptas. Qui cum accusamus ut accusamus vero.\"},{\"img\":\"galleries\\/5.jpg\",\"description\":\"Et et molestiae ipsa ratione. Reprehenderit ducimus porro voluptatem dolorem. Est maxime dolor non facere vero exercitationem nulla.\"},{\"img\":\"galleries\\/6.jpg\",\"description\":\"Sed sed fugit facilis adipisci quas. Possimus necessitatibus qui sunt dignissimos. Sequi quidem quis repellendus blanditiis eius quas aperiam.\"},{\"img\":\"galleries\\/7.jpg\",\"description\":\"Ut quia libero consectetur porro illo eos qui. Et itaque illum blanditiis vero. Provident hic aut corporis voluptas.\"},{\"img\":\"galleries\\/8.jpg\",\"description\":\"Voluptatem hic vel ipsam cupiditate alias. Mollitia occaecati sunt in autem qui dignissimos sint. Qui minima accusamus sit.\"},{\"img\":\"galleries\\/9.jpg\",\"description\":\"Eum dicta accusantium labore atque rem. Magni at fuga assumenda quia quisquam harum. Neque id eum natus non vero voluptatem.\"}]',4,'Botble\\Gallery\\Models\\Gallery','2023-07-02 19:58:47','2023-07-02 19:58:47'),(5,'[{\"img\":\"galleries\\/1.jpg\",\"description\":\"Eius qui in tenetur voluptas saepe distinctio. Consectetur et in quidem sunt. Est unde excepturi unde nihil architecto distinctio ut.\"},{\"img\":\"galleries\\/2.jpg\",\"description\":\"Et et occaecati numquam minus dolores aliquid et. Sapiente nulla ut veritatis molestiae rerum dolorem qui. Earum veniam ut maiores et possimus.\"},{\"img\":\"galleries\\/3.jpg\",\"description\":\"Voluptatem quia et facere dolorem porro magnam aut. Quis et aut totam reiciendis totam. Enim animi sapiente eligendi. Illo voluptas qui corporis.\"},{\"img\":\"galleries\\/4.jpg\",\"description\":\"Omnis sunt dolorem dicta illo nobis ducimus. Qui repudiandae omnis doloribus sit sed voluptas. Qui cum accusamus ut accusamus vero.\"},{\"img\":\"galleries\\/5.jpg\",\"description\":\"Et et molestiae ipsa ratione. Reprehenderit ducimus porro voluptatem dolorem. Est maxime dolor non facere vero exercitationem nulla.\"},{\"img\":\"galleries\\/6.jpg\",\"description\":\"Sed sed fugit facilis adipisci quas. Possimus necessitatibus qui sunt dignissimos. Sequi quidem quis repellendus blanditiis eius quas aperiam.\"},{\"img\":\"galleries\\/7.jpg\",\"description\":\"Ut quia libero consectetur porro illo eos qui. Et itaque illum blanditiis vero. Provident hic aut corporis voluptas.\"},{\"img\":\"galleries\\/8.jpg\",\"description\":\"Voluptatem hic vel ipsam cupiditate alias. Mollitia occaecati sunt in autem qui dignissimos sint. Qui minima accusamus sit.\"},{\"img\":\"galleries\\/9.jpg\",\"description\":\"Eum dicta accusantium labore atque rem. Magni at fuga assumenda quia quisquam harum. Neque id eum natus non vero voluptatem.\"}]',5,'Botble\\Gallery\\Models\\Gallery','2023-07-02 19:58:47','2023-07-02 19:58:47'),(6,'[{\"img\":\"galleries\\/1.jpg\",\"description\":\"Eius qui in tenetur voluptas saepe distinctio. Consectetur et in quidem sunt. Est unde excepturi unde nihil architecto distinctio ut.\"},{\"img\":\"galleries\\/2.jpg\",\"description\":\"Et et occaecati numquam minus dolores aliquid et. Sapiente nulla ut veritatis molestiae rerum dolorem qui. Earum veniam ut maiores et possimus.\"},{\"img\":\"galleries\\/3.jpg\",\"description\":\"Voluptatem quia et facere dolorem porro magnam aut. Quis et aut totam reiciendis totam. Enim animi sapiente eligendi. Illo voluptas qui corporis.\"},{\"img\":\"galleries\\/4.jpg\",\"description\":\"Omnis sunt dolorem dicta illo nobis ducimus. Qui repudiandae omnis doloribus sit sed voluptas. Qui cum accusamus ut accusamus vero.\"},{\"img\":\"galleries\\/5.jpg\",\"description\":\"Et et molestiae ipsa ratione. Reprehenderit ducimus porro voluptatem dolorem. Est maxime dolor non facere vero exercitationem nulla.\"},{\"img\":\"galleries\\/6.jpg\",\"description\":\"Sed sed fugit facilis adipisci quas. Possimus necessitatibus qui sunt dignissimos. Sequi quidem quis repellendus blanditiis eius quas aperiam.\"},{\"img\":\"galleries\\/7.jpg\",\"description\":\"Ut quia libero consectetur porro illo eos qui. Et itaque illum blanditiis vero. Provident hic aut corporis voluptas.\"},{\"img\":\"galleries\\/8.jpg\",\"description\":\"Voluptatem hic vel ipsam cupiditate alias. Mollitia occaecati sunt in autem qui dignissimos sint. Qui minima accusamus sit.\"},{\"img\":\"galleries\\/9.jpg\",\"description\":\"Eum dicta accusantium labore atque rem. Magni at fuga assumenda quia quisquam harum. Neque id eum natus non vero voluptatem.\"}]',6,'Botble\\Gallery\\Models\\Gallery','2023-07-02 19:58:47','2023-07-02 19:58:47'),(7,'[{\"img\":\"galleries\\/1.jpg\",\"description\":\"Eius qui in tenetur voluptas saepe distinctio. Consectetur et in quidem sunt. Est unde excepturi unde nihil architecto distinctio ut.\"},{\"img\":\"galleries\\/2.jpg\",\"description\":\"Et et occaecati numquam minus dolores aliquid et. Sapiente nulla ut veritatis molestiae rerum dolorem qui. Earum veniam ut maiores et possimus.\"},{\"img\":\"galleries\\/3.jpg\",\"description\":\"Voluptatem quia et facere dolorem porro magnam aut. Quis et aut totam reiciendis totam. Enim animi sapiente eligendi. Illo voluptas qui corporis.\"},{\"img\":\"galleries\\/4.jpg\",\"description\":\"Omnis sunt dolorem dicta illo nobis ducimus. Qui repudiandae omnis doloribus sit sed voluptas. Qui cum accusamus ut accusamus vero.\"},{\"img\":\"galleries\\/5.jpg\",\"description\":\"Et et molestiae ipsa ratione. Reprehenderit ducimus porro voluptatem dolorem. Est maxime dolor non facere vero exercitationem nulla.\"},{\"img\":\"galleries\\/6.jpg\",\"description\":\"Sed sed fugit facilis adipisci quas. Possimus necessitatibus qui sunt dignissimos. Sequi quidem quis repellendus blanditiis eius quas aperiam.\"},{\"img\":\"galleries\\/7.jpg\",\"description\":\"Ut quia libero consectetur porro illo eos qui. Et itaque illum blanditiis vero. Provident hic aut corporis voluptas.\"},{\"img\":\"galleries\\/8.jpg\",\"description\":\"Voluptatem hic vel ipsam cupiditate alias. Mollitia occaecati sunt in autem qui dignissimos sint. Qui minima accusamus sit.\"},{\"img\":\"galleries\\/9.jpg\",\"description\":\"Eum dicta accusantium labore atque rem. Magni at fuga assumenda quia quisquam harum. Neque id eum natus non vero voluptatem.\"}]',7,'Botble\\Gallery\\Models\\Gallery','2023-07-02 19:58:47','2023-07-02 19:58:47'),(8,'[{\"img\":\"galleries\\/1.jpg\",\"description\":\"Eius qui in tenetur voluptas saepe distinctio. Consectetur et in quidem sunt. Est unde excepturi unde nihil architecto distinctio ut.\"},{\"img\":\"galleries\\/2.jpg\",\"description\":\"Et et occaecati numquam minus dolores aliquid et. Sapiente nulla ut veritatis molestiae rerum dolorem qui. Earum veniam ut maiores et possimus.\"},{\"img\":\"galleries\\/3.jpg\",\"description\":\"Voluptatem quia et facere dolorem porro magnam aut. Quis et aut totam reiciendis totam. Enim animi sapiente eligendi. Illo voluptas qui corporis.\"},{\"img\":\"galleries\\/4.jpg\",\"description\":\"Omnis sunt dolorem dicta illo nobis ducimus. Qui repudiandae omnis doloribus sit sed voluptas. Qui cum accusamus ut accusamus vero.\"},{\"img\":\"galleries\\/5.jpg\",\"description\":\"Et et molestiae ipsa ratione. Reprehenderit ducimus porro voluptatem dolorem. Est maxime dolor non facere vero exercitationem nulla.\"},{\"img\":\"galleries\\/6.jpg\",\"description\":\"Sed sed fugit facilis adipisci quas. Possimus necessitatibus qui sunt dignissimos. Sequi quidem quis repellendus blanditiis eius quas aperiam.\"},{\"img\":\"galleries\\/7.jpg\",\"description\":\"Ut quia libero consectetur porro illo eos qui. Et itaque illum blanditiis vero. Provident hic aut corporis voluptas.\"},{\"img\":\"galleries\\/8.jpg\",\"description\":\"Voluptatem hic vel ipsam cupiditate alias. Mollitia occaecati sunt in autem qui dignissimos sint. Qui minima accusamus sit.\"},{\"img\":\"galleries\\/9.jpg\",\"description\":\"Eum dicta accusantium labore atque rem. Magni at fuga assumenda quia quisquam harum. Neque id eum natus non vero voluptatem.\"}]',8,'Botble\\Gallery\\Models\\Gallery','2023-07-02 19:58:47','2023-07-02 19:58:47'),(9,'[{\"img\":\"galleries\\/1.jpg\",\"description\":\"Eius qui in tenetur voluptas saepe distinctio. Consectetur et in quidem sunt. Est unde excepturi unde nihil architecto distinctio ut.\"},{\"img\":\"galleries\\/2.jpg\",\"description\":\"Et et occaecati numquam minus dolores aliquid et. Sapiente nulla ut veritatis molestiae rerum dolorem qui. Earum veniam ut maiores et possimus.\"},{\"img\":\"galleries\\/3.jpg\",\"description\":\"Voluptatem quia et facere dolorem porro magnam aut. Quis et aut totam reiciendis totam. Enim animi sapiente eligendi. Illo voluptas qui corporis.\"},{\"img\":\"galleries\\/4.jpg\",\"description\":\"Omnis sunt dolorem dicta illo nobis ducimus. Qui repudiandae omnis doloribus sit sed voluptas. Qui cum accusamus ut accusamus vero.\"},{\"img\":\"galleries\\/5.jpg\",\"description\":\"Et et molestiae ipsa ratione. Reprehenderit ducimus porro voluptatem dolorem. Est maxime dolor non facere vero exercitationem nulla.\"},{\"img\":\"galleries\\/6.jpg\",\"description\":\"Sed sed fugit facilis adipisci quas. Possimus necessitatibus qui sunt dignissimos. Sequi quidem quis repellendus blanditiis eius quas aperiam.\"},{\"img\":\"galleries\\/7.jpg\",\"description\":\"Ut quia libero consectetur porro illo eos qui. Et itaque illum blanditiis vero. Provident hic aut corporis voluptas.\"},{\"img\":\"galleries\\/8.jpg\",\"description\":\"Voluptatem hic vel ipsam cupiditate alias. Mollitia occaecati sunt in autem qui dignissimos sint. Qui minima accusamus sit.\"},{\"img\":\"galleries\\/9.jpg\",\"description\":\"Eum dicta accusantium labore atque rem. Magni at fuga assumenda quia quisquam harum. Neque id eum natus non vero voluptatem.\"}]',9,'Botble\\Gallery\\Models\\Gallery','2023-07-02 19:58:47','2023-07-02 19:58:47'),(10,'[{\"img\":\"galleries\\/1.jpg\",\"description\":\"Eius qui in tenetur voluptas saepe distinctio. Consectetur et in quidem sunt. Est unde excepturi unde nihil architecto distinctio ut.\"},{\"img\":\"galleries\\/2.jpg\",\"description\":\"Et et occaecati numquam minus dolores aliquid et. Sapiente nulla ut veritatis molestiae rerum dolorem qui. Earum veniam ut maiores et possimus.\"},{\"img\":\"galleries\\/3.jpg\",\"description\":\"Voluptatem quia et facere dolorem porro magnam aut. Quis et aut totam reiciendis totam. Enim animi sapiente eligendi. Illo voluptas qui corporis.\"},{\"img\":\"galleries\\/4.jpg\",\"description\":\"Omnis sunt dolorem dicta illo nobis ducimus. Qui repudiandae omnis doloribus sit sed voluptas. Qui cum accusamus ut accusamus vero.\"},{\"img\":\"galleries\\/5.jpg\",\"description\":\"Et et molestiae ipsa ratione. Reprehenderit ducimus porro voluptatem dolorem. Est maxime dolor non facere vero exercitationem nulla.\"},{\"img\":\"galleries\\/6.jpg\",\"description\":\"Sed sed fugit facilis adipisci quas. Possimus necessitatibus qui sunt dignissimos. Sequi quidem quis repellendus blanditiis eius quas aperiam.\"},{\"img\":\"galleries\\/7.jpg\",\"description\":\"Ut quia libero consectetur porro illo eos qui. Et itaque illum blanditiis vero. Provident hic aut corporis voluptas.\"},{\"img\":\"galleries\\/8.jpg\",\"description\":\"Voluptatem hic vel ipsam cupiditate alias. Mollitia occaecati sunt in autem qui dignissimos sint. Qui minima accusamus sit.\"},{\"img\":\"galleries\\/9.jpg\",\"description\":\"Eum dicta accusantium labore atque rem. Magni at fuga assumenda quia quisquam harum. Neque id eum natus non vero voluptatem.\"}]',10,'Botble\\Gallery\\Models\\Gallery','2023-07-02 19:58:47','2023-07-02 19:58:47');
/*!40000 ALTER TABLE `gallery_meta` ENABLE KEYS */;
UNLOCK TABLES;

--
-- Table structure for table `gallery_meta_translations`
--

DROP TABLE IF EXISTS `gallery_meta_translations`;
/*!40101 SET @saved_cs_client     = @@character_set_client */;
/*!50503 SET character_set_client = utf8mb4 */;
CREATE TABLE `gallery_meta_translations` (
  `lang_code` varchar(191) COLLATE utf8mb4_unicode_ci NOT NULL,
  `gallery_meta_id` bigint unsigned NOT NULL,
  `images` text COLLATE utf8mb4_unicode_ci,
  PRIMARY KEY (`lang_code`,`gallery_meta_id`)
) ENGINE=InnoDB DEFAULT CHARSET=utf8mb4 COLLATE=utf8mb4_unicode_ci;
/*!40101 SET character_set_client = @saved_cs_client */;

--
-- Dumping data for table `gallery_meta_translations`
--

LOCK TABLES `gallery_meta_translations` WRITE;
/*!40000 ALTER TABLE `gallery_meta_translations` DISABLE KEYS */;
/*!40000 ALTER TABLE `gallery_meta_translations` ENABLE KEYS */;
UNLOCK TABLES;

--
-- Table structure for table `jobs`
--

DROP TABLE IF EXISTS `jobs`;
/*!40101 SET @saved_cs_client     = @@character_set_client */;
/*!50503 SET character_set_client = utf8mb4 */;
CREATE TABLE `jobs` (
  `id` bigint unsigned NOT NULL AUTO_INCREMENT,
  `queue` varchar(191) COLLATE utf8mb4_unicode_ci NOT NULL,
  `payload` longtext COLLATE utf8mb4_unicode_ci NOT NULL,
  `attempts` tinyint unsigned NOT NULL,
  `reserved_at` int unsigned DEFAULT NULL,
  `available_at` int unsigned NOT NULL,
  `created_at` int unsigned NOT NULL,
  PRIMARY KEY (`id`),
  KEY `jobs_queue_index` (`queue`)
) ENGINE=InnoDB DEFAULT CHARSET=utf8mb4 COLLATE=utf8mb4_unicode_ci;
/*!40101 SET character_set_client = @saved_cs_client */;

--
-- Dumping data for table `jobs`
--

LOCK TABLES `jobs` WRITE;
/*!40000 ALTER TABLE `jobs` DISABLE KEYS */;
/*!40000 ALTER TABLE `jobs` ENABLE KEYS */;
UNLOCK TABLES;

--
-- Table structure for table `language_meta`
--

DROP TABLE IF EXISTS `language_meta`;
/*!40101 SET @saved_cs_client     = @@character_set_client */;
/*!50503 SET character_set_client = utf8mb4 */;
CREATE TABLE `language_meta` (
  `lang_meta_id` bigint unsigned NOT NULL AUTO_INCREMENT,
  `lang_meta_code` text COLLATE utf8mb4_unicode_ci,
  `lang_meta_origin` varchar(255) COLLATE utf8mb4_unicode_ci NOT NULL,
  `reference_id` bigint unsigned NOT NULL,
  `reference_type` varchar(120) COLLATE utf8mb4_unicode_ci NOT NULL,
  PRIMARY KEY (`lang_meta_id`),
  KEY `language_meta_reference_id_index` (`reference_id`)
) ENGINE=InnoDB AUTO_INCREMENT=5 DEFAULT CHARSET=utf8mb4 COLLATE=utf8mb4_unicode_ci;
/*!40101 SET character_set_client = @saved_cs_client */;

--
-- Dumping data for table `language_meta`
--

LOCK TABLES `language_meta` WRITE;
/*!40000 ALTER TABLE `language_meta` DISABLE KEYS */;
INSERT INTO `language_meta` VALUES (1,'en_US','730784ebd60315a56695f5440b7abb14',1,'Botble\\Menu\\Models\\MenuLocation'),(2,'en_US','ee10fd9a16b6b8cf7afa3427766f2d7f',1,'Botble\\Menu\\Models\\Menu'),(3,'vi','a16ef5f6fe5733e1e61ef8512458a4aa',2,'Botble\\Menu\\Models\\MenuLocation'),(4,'vi','ee10fd9a16b6b8cf7afa3427766f2d7f',2,'Botble\\Menu\\Models\\Menu');
/*!40000 ALTER TABLE `language_meta` ENABLE KEYS */;
UNLOCK TABLES;

--
-- Table structure for table `languages`
--

DROP TABLE IF EXISTS `languages`;
/*!40101 SET @saved_cs_client     = @@character_set_client */;
/*!50503 SET character_set_client = utf8mb4 */;
CREATE TABLE `languages` (
  `lang_id` bigint unsigned NOT NULL AUTO_INCREMENT,
  `lang_name` varchar(120) COLLATE utf8mb4_unicode_ci NOT NULL,
  `lang_locale` varchar(20) COLLATE utf8mb4_unicode_ci NOT NULL,
  `lang_code` varchar(20) COLLATE utf8mb4_unicode_ci NOT NULL,
  `lang_flag` varchar(20) COLLATE utf8mb4_unicode_ci DEFAULT NULL,
  `lang_is_default` tinyint unsigned NOT NULL DEFAULT '0',
  `lang_order` int NOT NULL DEFAULT '0',
  `lang_is_rtl` tinyint unsigned NOT NULL DEFAULT '0',
  PRIMARY KEY (`lang_id`)
) ENGINE=InnoDB AUTO_INCREMENT=2 DEFAULT CHARSET=utf8mb4 COLLATE=utf8mb4_unicode_ci;
/*!40101 SET character_set_client = @saved_cs_client */;

--
-- Dumping data for table `languages`
--

LOCK TABLES `languages` WRITE;
/*!40000 ALTER TABLE `languages` DISABLE KEYS */;
INSERT INTO `languages` VALUES (1,'English','en','en_US','us',1,0,0);
/*!40000 ALTER TABLE `languages` ENABLE KEYS */;
UNLOCK TABLES;

--
-- Table structure for table `media_files`
--

DROP TABLE IF EXISTS `media_files`;
/*!40101 SET @saved_cs_client     = @@character_set_client */;
/*!50503 SET character_set_client = utf8mb4 */;
CREATE TABLE `media_files` (
  `id` bigint unsigned NOT NULL AUTO_INCREMENT,
  `user_id` bigint unsigned NOT NULL,
  `name` varchar(255) COLLATE utf8mb4_unicode_ci NOT NULL,
  `alt` varchar(191) COLLATE utf8mb4_unicode_ci DEFAULT NULL,
  `folder_id` bigint unsigned NOT NULL DEFAULT '0',
  `mime_type` varchar(120) COLLATE utf8mb4_unicode_ci NOT NULL,
  `size` int NOT NULL,
  `url` varchar(255) COLLATE utf8mb4_unicode_ci NOT NULL,
  `options` text COLLATE utf8mb4_unicode_ci,
  `created_at` timestamp NULL DEFAULT NULL,
  `updated_at` timestamp NULL DEFAULT NULL,
  `deleted_at` timestamp NULL DEFAULT NULL,
  PRIMARY KEY (`id`),
  KEY `media_files_user_id_index` (`user_id`),
  KEY `media_files_index` (`folder_id`,`user_id`,`created_at`)
) ENGINE=InnoDB AUTO_INCREMENT=115 DEFAULT CHARSET=utf8mb4 COLLATE=utf8mb4_unicode_ci;
/*!40101 SET character_set_client = @saved_cs_client */;

--
-- Dumping data for table `media_files`
--

LOCK TABLES `media_files` WRITE;
/*!40000 ALTER TABLE `media_files` DISABLE KEYS */;
INSERT INTO `media_files` VALUES (1,0,'1','1',1,'image/png',16632,'illustrations/1.png','[]','2023-07-02 19:58:36','2023-07-02 19:58:36',NULL),(2,0,'2','2',1,'image/png',16632,'illustrations/2.png','[]','2023-07-02 19:58:36','2023-07-02 19:58:36',NULL),(3,0,'3','3',1,'image/png',16632,'illustrations/3.png','[]','2023-07-02 19:58:36','2023-07-02 19:58:36',NULL),(4,0,'banner','banner',1,'image/png',44223,'illustrations/banner.png','[]','2023-07-02 19:58:36','2023-07-02 19:58:36',NULL),(5,0,'burger-2','burger-2',1,'image/png',16575,'illustrations/burger-2.png','[]','2023-07-02 19:58:36','2023-07-02 19:58:36',NULL),(6,0,'burger','burger',1,'image/png',12683,'illustrations/burger.png','[]','2023-07-02 19:58:36','2023-07-02 19:58:36',NULL),(7,0,'cup','cup',1,'image/png',21453,'illustrations/cup.png','[]','2023-07-02 19:58:36','2023-07-02 19:58:36',NULL),(8,0,'delivery','delivery',1,'image/png',27729,'illustrations/delivery.png','[]','2023-07-02 19:58:36','2023-07-02 19:58:36',NULL),(9,0,'envelope-1','envelope-1',1,'image/png',11023,'illustrations/envelope-1.png','[]','2023-07-02 19:58:37','2023-07-02 19:58:37',NULL),(10,0,'envelope-2','envelope-2',1,'image/png',6630,'illustrations/envelope-2.png','[]','2023-07-02 19:58:37','2023-07-02 19:58:37',NULL),(11,0,'girl','girl',1,'image/png',43193,'illustrations/girl.png','[]','2023-07-02 19:58:37','2023-07-02 19:58:37',NULL),(12,0,'interior-2','interior-2',1,'image/jpeg',16621,'illustrations/interior-2.jpg','[]','2023-07-02 19:58:37','2023-07-02 19:58:37',NULL),(13,0,'interior','interior',1,'image/jpeg',8141,'illustrations/interior.jpg','[]','2023-07-02 19:58:37','2023-07-02 19:58:37',NULL),(14,0,'man','man',1,'image/png',85597,'illustrations/man.png','[]','2023-07-02 19:58:37','2023-07-02 19:58:37',NULL),(15,0,'phones','phones',1,'image/png',30044,'illustrations/phones.png','[]','2023-07-02 19:58:37','2023-07-02 19:58:37',NULL),(16,0,'reservation','reservation',1,'image/png',125123,'illustrations/reservation.png','[]','2023-07-02 19:58:37','2023-07-02 19:58:37',NULL),(21,0,'android','android',3,'image/png',695,'platforms/android.png','[]','2023-07-02 19:58:38','2023-07-02 19:58:38',NULL),(22,0,'ios','ios',3,'image/png',586,'platforms/ios.png','[]','2023-07-02 19:58:38','2023-07-02 19:58:38',NULL),(23,0,'1','1',4,'image/jpeg',13770,'blog/1.jpg','[]','2023-07-02 19:58:39','2023-07-02 19:58:39',NULL),(24,0,'2','2',4,'image/jpeg',15760,'blog/2.jpg','[]','2023-07-02 19:58:39','2023-07-02 19:58:39',NULL),(25,0,'3','3',4,'image/jpeg',17308,'blog/3.jpg','[]','2023-07-02 19:58:39','2023-07-02 19:58:39',NULL),(26,0,'4','4',4,'image/jpeg',13770,'blog/4.jpg','[]','2023-07-02 19:58:39','2023-07-02 19:58:39',NULL),(27,0,'5','5',4,'image/jpeg',12798,'blog/5.jpg','[]','2023-07-02 19:58:39','2023-07-02 19:58:39',NULL),(28,0,'6','6',4,'image/jpeg',15317,'blog/6.jpg','[]','2023-07-02 19:58:39','2023-07-02 19:58:39',NULL),(29,0,'post-1','post-1',4,'image/jpeg',1927,'blog/post-1.jpg','[]','2023-07-02 19:58:39','2023-07-02 19:58:39',NULL),(30,0,'post-2','post-2',4,'image/jpeg',1927,'blog/post-2.jpg','[]','2023-07-02 19:58:39','2023-07-02 19:58:39',NULL),(31,0,'post-3','post-3',4,'image/jpeg',1927,'blog/post-3.jpg','[]','2023-07-02 19:58:39','2023-07-02 19:58:39',NULL),(32,0,'post-4','post-4',4,'image/jpeg',1927,'blog/post-4.jpg','[]','2023-07-02 19:58:39','2023-07-02 19:58:39',NULL),(33,0,'post-5','post-5',4,'image/jpeg',1927,'blog/post-5.jpg','[]','2023-07-02 19:58:39','2023-07-02 19:58:39',NULL),(34,0,'post-6','post-6',4,'image/jpeg',1927,'blog/post-6.jpg','[]','2023-07-02 19:58:39','2023-07-02 19:58:39',NULL),(35,0,'arrow-2','arrow-2',5,'image/png',927,'general/arrow-2.png','[]','2023-07-02 19:58:39','2023-07-02 19:58:39',NULL),(36,0,'arrow','arrow',5,'image/png',773,'general/arrow.png','[]','2023-07-02 19:58:40','2023-07-02 19:58:40',NULL),(37,0,'cart','cart',5,'image/png',529,'general/cart.png','[]','2023-07-02 19:58:40','2023-07-02 19:58:40',NULL),(38,0,'delivery','delivery',5,'image/png',359,'general/delivery.png','[]','2023-07-02 19:58:40','2023-07-02 19:58:40',NULL),(39,0,'dialog','dialog',5,'image/png',754,'general/dialog.png','[]','2023-07-02 19:58:40','2023-07-02 19:58:40',NULL),(40,0,'favicon','favicon',5,'image/png',2787,'general/favicon.png','[]','2023-07-02 19:58:40','2023-07-02 19:58:40',NULL),(41,0,'logo-light','logo-light',5,'image/png',4078,'general/logo-light.png','[]','2023-07-02 19:58:40','2023-07-02 19:58:40',NULL),(42,0,'logo','logo',5,'image/png',5383,'general/logo.png','[]','2023-07-02 19:58:40','2023-07-02 19:58:40',NULL),(43,0,'menu','menu',5,'image/png',860,'general/menu.png','[]','2023-07-02 19:58:40','2023-07-02 19:58:40',NULL),(44,0,'play','play',5,'image/png',568,'general/play.png','[]','2023-07-02 19:58:40','2023-07-02 19:58:40',NULL),(45,0,'search','search',5,'image/png',581,'general/search.png','[]','2023-07-02 19:58:40','2023-07-02 19:58:40',NULL),(46,0,'signature','signature',5,'image/png',7061,'general/signature.png','[]','2023-07-02 19:58:40','2023-07-02 19:58:40',NULL),(47,0,'success','success',5,'image/jpeg',41382,'general/success.jpg','[]','2023-07-02 19:58:40','2023-07-02 19:58:40',NULL),(48,0,'zoom','zoom',5,'image/png',164,'general/zoom.png','[]','2023-07-02 19:58:40','2023-07-02 19:58:40',NULL),(49,0,'breadcrumb_default','breadcrumb_default',6,'image/jpeg',11404,'backgrounds/breadcrumb-default.jpg','[]','2023-07-02 19:58:40','2023-07-02 19:58:40',NULL),(50,0,'girl','girl',6,'image/png',43193,'backgrounds/girl.png','[]','2023-07-02 19:58:40','2023-07-02 19:58:40',NULL),(51,0,'interior','interior',6,'image/jpeg',8141,'backgrounds/interior.jpg','[]','2023-07-02 19:58:40','2023-07-02 19:58:40',NULL),(52,0,'phones','phones',6,'image/png',30044,'backgrounds/phones.png','[]','2023-07-02 19:58:40','2023-07-02 19:58:40',NULL),(53,0,'1','1',7,'image/png',7298,'brands/1.png','[]','2023-07-02 19:58:41','2023-07-02 19:58:41',NULL),(54,0,'2','2',7,'image/png',7298,'brands/2.png','[]','2023-07-02 19:58:41','2023-07-02 19:58:41',NULL),(55,0,'3','3',7,'image/png',7298,'brands/3.png','[]','2023-07-02 19:58:41','2023-07-02 19:58:41',NULL),(56,0,'4','4',7,'image/png',7298,'brands/4.png','[]','2023-07-02 19:58:41','2023-07-02 19:58:41',NULL),(57,0,'5','5',7,'image/png',7298,'brands/5.png','[]','2023-07-02 19:58:41','2023-07-02 19:58:41',NULL),(58,0,'6','6',7,'image/png',7298,'brands/6.png','[]','2023-07-02 19:58:41','2023-07-02 19:58:41',NULL),(59,0,'7','7',7,'image/png',7298,'brands/7.png','[]','2023-07-02 19:58:41','2023-07-02 19:58:41',NULL),(60,0,'8','8',7,'image/png',7298,'brands/8.png','[]','2023-07-02 19:58:41','2023-07-02 19:58:41',NULL),(61,0,'1','1',8,'image/png',17400,'product-categories/1.png','[]','2023-07-02 19:58:41','2023-07-02 19:58:41',NULL),(62,0,'2','2',8,'image/png',11010,'product-categories/2.png','[]','2023-07-02 19:58:41','2023-07-02 19:58:41',NULL),(63,0,'3','3',8,'image/png',12868,'product-categories/3.png','[]','2023-07-02 19:58:41','2023-07-02 19:58:41',NULL),(64,0,'4','4',8,'image/png',10187,'product-categories/4.png','[]','2023-07-02 19:58:41','2023-07-02 19:58:41',NULL),(65,0,'1','1',9,'image/jpeg',17308,'products/1.jpg','[]','2023-07-02 19:58:42','2023-07-02 19:58:42',NULL),(66,0,'10','10',9,'image/jpeg',17308,'products/10.jpg','[]','2023-07-02 19:58:42','2023-07-02 19:58:42',NULL),(67,0,'11','11',9,'image/jpeg',17308,'products/11.jpg','[]','2023-07-02 19:58:42','2023-07-02 19:58:42',NULL),(68,0,'12','12',9,'image/jpeg',17308,'products/12.jpg','[]','2023-07-02 19:58:42','2023-07-02 19:58:42',NULL),(69,0,'13','13',9,'image/jpeg',17308,'products/13.jpg','[]','2023-07-02 19:58:42','2023-07-02 19:58:42',NULL),(70,0,'14','14',9,'image/jpeg',17308,'products/14.jpg','[]','2023-07-02 19:58:42','2023-07-02 19:58:42',NULL),(71,0,'15','15',9,'image/jpeg',17308,'products/15.jpg','[]','2023-07-02 19:58:42','2023-07-02 19:58:42',NULL),(72,0,'16','16',9,'image/jpeg',17308,'products/16.jpg','[]','2023-07-02 19:58:42','2023-07-02 19:58:42',NULL),(73,0,'17','17',9,'image/jpeg',17308,'products/17.jpg','[]','2023-07-02 19:58:42','2023-07-02 19:58:42',NULL),(74,0,'18','18',9,'image/jpeg',17308,'products/18.jpg','[]','2023-07-02 19:58:42','2023-07-02 19:58:42',NULL),(75,0,'19','19',9,'image/jpeg',17308,'products/19.jpg','[]','2023-07-02 19:58:42','2023-07-02 19:58:42',NULL),(76,0,'2','2',9,'image/jpeg',17308,'products/2.jpg','[]','2023-07-02 19:58:42','2023-07-02 19:58:42',NULL),(77,0,'20','20',9,'image/jpeg',17308,'products/20.jpg','[]','2023-07-02 19:58:42','2023-07-02 19:58:42',NULL),(78,0,'21','21',9,'image/jpeg',17308,'products/21.jpg','[]','2023-07-02 19:58:43','2023-07-02 19:58:43',NULL),(79,0,'22','22',9,'image/jpeg',17308,'products/22.jpg','[]','2023-07-02 19:58:43','2023-07-02 19:58:43',NULL),(80,0,'23','23',9,'image/jpeg',17308,'products/23.jpg','[]','2023-07-02 19:58:43','2023-07-02 19:58:43',NULL),(81,0,'24','24',9,'image/jpeg',17308,'products/24.jpg','[]','2023-07-02 19:58:43','2023-07-02 19:58:43',NULL),(82,0,'25','25',9,'image/jpeg',17308,'products/25.jpg','[]','2023-07-02 19:58:43','2023-07-02 19:58:43',NULL),(83,0,'26','26',9,'image/jpeg',17308,'products/26.jpg','[]','2023-07-02 19:58:43','2023-07-02 19:58:43',NULL),(84,0,'3','3',9,'image/jpeg',17308,'products/3.jpg','[]','2023-07-02 19:58:43','2023-07-02 19:58:43',NULL),(85,0,'4','4',9,'image/jpeg',17308,'products/4.jpg','[]','2023-07-02 19:58:43','2023-07-02 19:58:43',NULL),(86,0,'5','5',9,'image/jpeg',17308,'products/5.jpg','[]','2023-07-02 19:58:43','2023-07-02 19:58:43',NULL),(87,0,'6','6',9,'image/jpeg',17308,'products/6.jpg','[]','2023-07-02 19:58:43','2023-07-02 19:58:43',NULL),(88,0,'7','7',9,'image/jpeg',17308,'products/7.jpg','[]','2023-07-02 19:58:43','2023-07-02 19:58:43',NULL),(89,0,'8','8',9,'image/jpeg',17308,'products/8.jpg','[]','2023-07-02 19:58:44','2023-07-02 19:58:44',NULL),(90,0,'9','9',9,'image/jpeg',17308,'products/9.jpg','[]','2023-07-02 19:58:44','2023-07-02 19:58:44',NULL),(91,0,'1','1',10,'image/jpeg',2516,'customers/1.jpg','[]','2023-07-02 19:58:45','2023-07-02 19:58:45',NULL),(92,0,'2','2',10,'image/jpeg',2516,'customers/2.jpg','[]','2023-07-02 19:58:45','2023-07-02 19:58:45',NULL),(93,0,'3','3',10,'image/jpeg',2516,'customers/3.jpg','[]','2023-07-02 19:58:45','2023-07-02 19:58:45',NULL),(94,0,'4','4',10,'image/jpeg',2516,'customers/4.jpg','[]','2023-07-02 19:58:45','2023-07-02 19:58:45',NULL),(95,0,'5','5',10,'image/jpeg',2516,'customers/5.jpg','[]','2023-07-02 19:58:45','2023-07-02 19:58:45',NULL),(96,0,'6','6',10,'image/jpeg',2516,'customers/6.jpg','[]','2023-07-02 19:58:45','2023-07-02 19:58:45',NULL),(97,0,'7','7',10,'image/jpeg',2516,'customers/7.jpg','[]','2023-07-02 19:58:45','2023-07-02 19:58:45',NULL),(98,0,'8','8',10,'image/jpeg',2516,'customers/8.jpg','[]','2023-07-02 19:58:45','2023-07-02 19:58:45',NULL),(99,0,'1','1',11,'image/jpeg',14028,'galleries/1.jpg','[]','2023-07-02 19:58:46','2023-07-02 19:58:46',NULL),(100,0,'10','10',11,'image/jpeg',14028,'galleries/10.jpg','[]','2023-07-02 19:58:46','2023-07-02 19:58:46',NULL),(101,0,'11','11',11,'image/jpeg',14028,'galleries/11.jpg','[]','2023-07-02 19:58:46','2023-07-02 19:58:46',NULL),(102,0,'12','12',11,'image/jpeg',14028,'galleries/12.jpg','[]','2023-07-02 19:58:47','2023-07-02 19:58:47',NULL),(103,0,'2','2',11,'image/jpeg',14028,'galleries/2.jpg','[]','2023-07-02 19:58:47','2023-07-02 19:58:47',NULL),(104,0,'3','3',11,'image/jpeg',14028,'galleries/3.jpg','[]','2023-07-02 19:58:47','2023-07-02 19:58:47',NULL),(105,0,'4','4',11,'image/jpeg',14028,'galleries/4.jpg','[]','2023-07-02 19:58:47','2023-07-02 19:58:47',NULL),(106,0,'5','5',11,'image/jpeg',14028,'galleries/5.jpg','[]','2023-07-02 19:58:47','2023-07-02 19:58:47',NULL),(107,0,'6','6',11,'image/jpeg',14028,'galleries/6.jpg','[]','2023-07-02 19:58:47','2023-07-02 19:58:47',NULL),(108,0,'7','7',11,'image/jpeg',14028,'galleries/7.jpg','[]','2023-07-02 19:58:47','2023-07-02 19:58:47',NULL),(109,0,'8','8',11,'image/jpeg',14028,'galleries/8.jpg','[]','2023-07-02 19:58:47','2023-07-02 19:58:47',NULL),(110,0,'9','9',11,'image/jpeg',14028,'galleries/9.jpg','[]','2023-07-02 19:58:47','2023-07-02 19:58:47',NULL),(111,0,'1','1',12,'image/png',9697,'teams/1.png','[]','2023-07-02 19:58:47','2023-07-02 19:58:47',NULL),(112,0,'2','2',12,'image/png',10042,'teams/2.png','[]','2023-07-02 19:58:47','2023-07-02 19:58:47',NULL),(113,0,'3','3',12,'image/png',9553,'teams/3.png','[]','2023-07-02 19:58:47','2023-07-02 19:58:47',NULL),(114,0,'4','4',12,'image/png',10230,'teams/4.png','[]','2023-07-02 19:58:48','2023-07-02 19:58:48',NULL);
/*!40000 ALTER TABLE `media_files` ENABLE KEYS */;
UNLOCK TABLES;

--
-- Table structure for table `media_folders`
--

DROP TABLE IF EXISTS `media_folders`;
/*!40101 SET @saved_cs_client     = @@character_set_client */;
/*!50503 SET character_set_client = utf8mb4 */;
CREATE TABLE `media_folders` (
  `id` bigint unsigned NOT NULL AUTO_INCREMENT,
  `user_id` bigint unsigned NOT NULL,
  `name` varchar(191) COLLATE utf8mb4_unicode_ci DEFAULT NULL,
  `slug` varchar(191) COLLATE utf8mb4_unicode_ci DEFAULT NULL,
  `parent_id` bigint unsigned NOT NULL DEFAULT '0',
  `created_at` timestamp NULL DEFAULT NULL,
  `updated_at` timestamp NULL DEFAULT NULL,
  `deleted_at` timestamp NULL DEFAULT NULL,
  PRIMARY KEY (`id`),
  KEY `media_folders_user_id_index` (`user_id`),
  KEY `media_folders_index` (`parent_id`,`user_id`,`created_at`)
) ENGINE=InnoDB AUTO_INCREMENT=13 DEFAULT CHARSET=utf8mb4 COLLATE=utf8mb4_unicode_ci;
/*!40101 SET character_set_client = @saved_cs_client */;

--
-- Dumping data for table `media_folders`
--

LOCK TABLES `media_folders` WRITE;
/*!40000 ALTER TABLE `media_folders` DISABLE KEYS */;
INSERT INTO `media_folders` VALUES (1,0,'illustrations','illustrations',0,'2023-07-02 19:58:36','2023-07-02 19:58:36',NULL),(3,0,'platforms','platforms',0,'2023-07-02 19:58:38','2023-07-02 19:58:38',NULL),(4,0,'blog','blog',0,'2023-07-02 19:58:39','2023-07-02 19:58:39',NULL),(5,0,'general','general',0,'2023-07-02 19:58:39','2023-07-02 19:58:39',NULL),(6,0,'backgrounds','backgrounds',0,'2023-07-02 19:58:40','2023-07-02 19:58:40',NULL),(7,0,'brands','brands',0,'2023-07-02 19:58:41','2023-07-02 19:58:41',NULL),(8,0,'product-categories','product-categories',0,'2023-07-02 19:58:41','2023-07-02 19:58:41',NULL),(9,0,'products','products',0,'2023-07-02 19:58:42','2023-07-02 19:58:42',NULL),(10,0,'customers','customers',0,'2023-07-02 19:58:45','2023-07-02 19:58:45',NULL),(11,0,'galleries','galleries',0,'2023-07-02 19:58:46','2023-07-02 19:58:46',NULL),(12,0,'teams','teams',0,'2023-07-02 19:58:47','2023-07-02 19:58:47',NULL);
/*!40000 ALTER TABLE `media_folders` ENABLE KEYS */;
UNLOCK TABLES;

--
-- Table structure for table `media_settings`
--

DROP TABLE IF EXISTS `media_settings`;
/*!40101 SET @saved_cs_client     = @@character_set_client */;
/*!50503 SET character_set_client = utf8mb4 */;
CREATE TABLE `media_settings` (
  `id` bigint unsigned NOT NULL AUTO_INCREMENT,
  `key` varchar(120) COLLATE utf8mb4_unicode_ci NOT NULL,
  `value` text COLLATE utf8mb4_unicode_ci,
  `media_id` bigint unsigned DEFAULT NULL,
  `user_id` bigint unsigned DEFAULT NULL,
  `created_at` timestamp NULL DEFAULT NULL,
  `updated_at` timestamp NULL DEFAULT NULL,
  PRIMARY KEY (`id`)
) ENGINE=InnoDB DEFAULT CHARSET=utf8mb4 COLLATE=utf8mb4_unicode_ci;
/*!40101 SET character_set_client = @saved_cs_client */;

--
-- Dumping data for table `media_settings`
--

LOCK TABLES `media_settings` WRITE;
/*!40000 ALTER TABLE `media_settings` DISABLE KEYS */;
/*!40000 ALTER TABLE `media_settings` ENABLE KEYS */;
UNLOCK TABLES;

--
-- Table structure for table `menu_locations`
--

DROP TABLE IF EXISTS `menu_locations`;
/*!40101 SET @saved_cs_client     = @@character_set_client */;
/*!50503 SET character_set_client = utf8mb4 */;
CREATE TABLE `menu_locations` (
  `id` bigint unsigned NOT NULL AUTO_INCREMENT,
  `menu_id` bigint unsigned NOT NULL,
  `location` varchar(120) COLLATE utf8mb4_unicode_ci NOT NULL,
  `created_at` timestamp NULL DEFAULT NULL,
  `updated_at` timestamp NULL DEFAULT NULL,
  PRIMARY KEY (`id`),
  KEY `menu_locations_menu_id_created_at_index` (`menu_id`,`created_at`)
) ENGINE=InnoDB AUTO_INCREMENT=3 DEFAULT CHARSET=utf8mb4 COLLATE=utf8mb4_unicode_ci;
/*!40101 SET character_set_client = @saved_cs_client */;

--
-- Dumping data for table `menu_locations`
--

LOCK TABLES `menu_locations` WRITE;
/*!40000 ALTER TABLE `menu_locations` DISABLE KEYS */;
INSERT INTO `menu_locations` VALUES (1,1,'main-menu','2023-07-02 19:58:47','2023-07-02 19:58:47'),(2,2,'main-menu','2023-07-02 19:58:47','2023-07-02 19:58:47');
/*!40000 ALTER TABLE `menu_locations` ENABLE KEYS */;
UNLOCK TABLES;

--
-- Table structure for table `menu_nodes`
--

DROP TABLE IF EXISTS `menu_nodes`;
/*!40101 SET @saved_cs_client     = @@character_set_client */;
/*!50503 SET character_set_client = utf8mb4 */;
CREATE TABLE `menu_nodes` (
  `id` bigint unsigned NOT NULL AUTO_INCREMENT,
  `menu_id` bigint unsigned NOT NULL,
  `parent_id` bigint unsigned NOT NULL DEFAULT '0',
  `reference_id` bigint unsigned DEFAULT NULL,
  `reference_type` varchar(255) COLLATE utf8mb4_unicode_ci DEFAULT NULL,
  `url` varchar(120) COLLATE utf8mb4_unicode_ci DEFAULT NULL,
  `icon_font` varchar(50) COLLATE utf8mb4_unicode_ci DEFAULT NULL,
  `position` tinyint unsigned NOT NULL DEFAULT '0',
  `title` varchar(120) COLLATE utf8mb4_unicode_ci DEFAULT NULL,
  `css_class` varchar(120) COLLATE utf8mb4_unicode_ci DEFAULT NULL,
  `target` varchar(20) COLLATE utf8mb4_unicode_ci NOT NULL DEFAULT '_self',
  `has_child` tinyint unsigned NOT NULL DEFAULT '0',
  `created_at` timestamp NULL DEFAULT NULL,
  `updated_at` timestamp NULL DEFAULT NULL,
  PRIMARY KEY (`id`),
  KEY `menu_nodes_menu_id_index` (`menu_id`),
  KEY `menu_nodes_parent_id_index` (`parent_id`),
  KEY `reference_id` (`reference_id`),
  KEY `reference_type` (`reference_type`)
) ENGINE=InnoDB AUTO_INCREMENT=57 DEFAULT CHARSET=utf8mb4 COLLATE=utf8mb4_unicode_ci;
/*!40101 SET character_set_client = @saved_cs_client */;

--
-- Dumping data for table `menu_nodes`
--

LOCK TABLES `menu_nodes` WRITE;
/*!40000 ALTER TABLE `menu_nodes` DISABLE KEYS */;
INSERT INTO `menu_nodes` VALUES (1,1,0,NULL,NULL,'/',NULL,0,'Home',NULL,'_self',1,'2023-07-02 19:58:47','2023-07-02 19:58:47'),(2,1,1,1,'Botble\\Page\\Models\\Page','/homepage-1',NULL,0,'Home 1',NULL,'_self',0,'2023-07-02 19:58:47','2023-07-02 19:58:47'),(3,1,1,2,'Botble\\Page\\Models\\Page','/homepage-2',NULL,0,'Home 2',NULL,'_self',0,'2023-07-02 19:58:47','2023-07-02 19:58:47'),(4,1,1,3,'Botble\\Page\\Models\\Page','/homepage-3',NULL,0,'Home 3',NULL,'_self',0,'2023-07-02 19:58:47','2023-07-02 19:58:47'),(5,1,1,4,'Botble\\Page\\Models\\Page','/homepage-4',NULL,0,'Home 4',NULL,'_self',0,'2023-07-02 19:58:47','2023-07-02 19:58:47'),(6,1,0,NULL,NULL,'#',NULL,0,'Pages',NULL,'_self',1,'2023-07-02 19:58:47','2023-07-02 19:58:47'),(7,1,6,5,'Botble\\Page\\Models\\Page','/about-us',NULL,0,'About 1',NULL,'_self',0,'2023-07-02 19:58:47','2023-07-02 19:58:47'),(8,1,6,6,'Botble\\Page\\Models\\Page','/about-us-2',NULL,0,'About 2',NULL,'_self',0,'2023-07-02 19:58:47','2023-07-02 19:58:47'),(9,1,6,7,'Botble\\Page\\Models\\Page','/blog',NULL,0,'Blog Style 1',NULL,'_self',0,'2023-07-02 19:58:47','2023-07-02 19:58:47'),(10,1,6,8,'Botble\\Page\\Models\\Page','/blog-2',NULL,0,'Blog Style 2',NULL,'_self',0,'2023-07-02 19:58:47','2023-07-02 19:58:47'),(11,1,6,NULL,NULL,'/the-top-2020-handbag-trends-to-know',NULL,0,'Publication',NULL,'_self',0,'2023-07-02 19:58:47','2023-07-02 19:58:47'),(12,1,6,9,'Botble\\Page\\Models\\Page','/gallery-1',NULL,0,'Gallery 1',NULL,'_self',0,'2023-07-02 19:58:47','2023-07-02 19:58:47'),(13,1,6,10,'Botble\\Page\\Models\\Page','/gallery-2',NULL,0,'Gallery 2',NULL,'_self',0,'2023-07-02 19:58:47','2023-07-02 19:58:47'),(14,1,6,NULL,NULL,'/galleries/perfect',NULL,0,'Gallery Detail',NULL,'_self',0,'2023-07-02 19:58:47','2023-07-02 19:58:47'),(15,1,6,11,'Botble\\Page\\Models\\Page','/reviews',NULL,0,'Reviews',NULL,'_self',0,'2023-07-02 19:58:47','2023-07-02 19:58:47'),(16,1,6,12,'Botble\\Page\\Models\\Page','/faqs',NULL,0,'FAQs',NULL,'_self',0,'2023-07-02 19:58:47','2023-07-02 19:58:47'),(17,1,6,NULL,NULL,'404',NULL,0,'Error 404',NULL,'_self',0,'2023-07-02 19:58:47','2023-07-02 19:58:47'),(18,1,0,NULL,NULL,'#',NULL,0,'Shop',NULL,'_self',1,'2023-07-02 19:58:47','2023-07-02 19:58:47'),(19,1,18,NULL,NULL,'/products',NULL,0,'Products',NULL,'_self',0,'2023-07-02 19:58:47','2023-07-02 19:58:47'),(20,1,18,13,'Botble\\Page\\Models\\Page','/shop-list-1',NULL,0,'Shop List 1',NULL,'_self',0,'2023-07-02 19:58:47','2023-07-02 19:58:47'),(21,1,18,14,'Botble\\Page\\Models\\Page','/shop-list-2',NULL,0,'Shop List 2',NULL,'_self',0,'2023-07-02 19:58:47','2023-07-02 19:58:47'),(22,1,18,NULL,NULL,'/products/chevre-au-mill',NULL,0,'Product Page',NULL,'_self',0,'2023-07-02 19:58:47','2023-07-02 19:58:47'),(23,1,18,NULL,NULL,'/cart',NULL,0,'Cart',NULL,'_self',0,'2023-07-02 19:58:47','2023-07-02 19:58:47'),(24,1,0,NULL,NULL,'#',NULL,0,'Auth',NULL,'_self',1,'2023-07-02 19:58:47','2023-07-02 19:58:47'),(25,1,24,NULL,NULL,'/register',NULL,0,'Sign Up',NULL,'_self',0,'2023-07-02 19:58:47','2023-07-02 19:58:47'),(26,1,24,NULL,NULL,'/login',NULL,0,'Log In',NULL,'_self',0,'2023-07-02 19:58:47','2023-07-02 19:58:47'),(27,1,24,NULL,NULL,'/password/reset',NULL,0,'Reset Password',NULL,'_self',0,'2023-07-02 19:58:47','2023-07-02 19:58:47'),(28,1,0,15,'Botble\\Page\\Models\\Page','/contact',NULL,0,'Contact',NULL,'_self',0,'2023-07-02 19:58:47','2023-07-02 19:58:47'),(29,2,0,NULL,NULL,'/',NULL,0,'Home',NULL,'_self',1,'2023-07-02 19:58:47','2023-07-02 19:58:47'),(30,2,29,1,'Botble\\Page\\Models\\Page','/homepage-1',NULL,0,'Home 1',NULL,'_self',0,'2023-07-02 19:58:47','2023-07-02 19:58:47'),(31,2,29,2,'Botble\\Page\\Models\\Page','/homepage-2',NULL,0,'Home 2',NULL,'_self',0,'2023-07-02 19:58:47','2023-07-02 19:58:47'),(32,2,29,3,'Botble\\Page\\Models\\Page','/homepage-3',NULL,0,'Home 3',NULL,'_self',0,'2023-07-02 19:58:47','2023-07-02 19:58:47'),(33,2,29,4,'Botble\\Page\\Models\\Page','/homepage-4',NULL,0,'Home 4',NULL,'_self',0,'2023-07-02 19:58:47','2023-07-02 19:58:47'),(34,2,0,NULL,NULL,'#',NULL,0,'Pages',NULL,'_self',1,'2023-07-02 19:58:47','2023-07-02 19:58:47'),(35,2,34,5,'Botble\\Page\\Models\\Page','/about-us',NULL,0,'About 1',NULL,'_self',0,'2023-07-02 19:58:47','2023-07-02 19:58:47'),(36,2,34,6,'Botble\\Page\\Models\\Page','/about-us-2',NULL,0,'About 2',NULL,'_self',0,'2023-07-02 19:58:47','2023-07-02 19:58:47'),(37,2,34,7,'Botble\\Page\\Models\\Page','/blog',NULL,0,'Blog Style 1',NULL,'_self',0,'2023-07-02 19:58:47','2023-07-02 19:58:47'),(38,2,34,8,'Botble\\Page\\Models\\Page','/blog-2',NULL,0,'Blog Style 2',NULL,'_self',0,'2023-07-02 19:58:47','2023-07-02 19:58:47'),(39,2,34,NULL,NULL,'/the-top-2020-handbag-trends-to-know',NULL,0,'Publication',NULL,'_self',0,'2023-07-02 19:58:47','2023-07-02 19:58:47'),(40,2,34,9,'Botble\\Page\\Models\\Page','/gallery-1',NULL,0,'Gallery 1',NULL,'_self',0,'2023-07-02 19:58:47','2023-07-02 19:58:47'),(41,2,34,10,'Botble\\Page\\Models\\Page','/gallery-2',NULL,0,'Gallery 2',NULL,'_self',0,'2023-07-02 19:58:47','2023-07-02 19:58:47'),(42,2,34,NULL,NULL,'/galleries/perfect',NULL,0,'Gallery Detail',NULL,'_self',0,'2023-07-02 19:58:47','2023-07-02 19:58:47'),(43,2,34,11,'Botble\\Page\\Models\\Page','/reviews',NULL,0,'Reviews',NULL,'_self',0,'2023-07-02 19:58:47','2023-07-02 19:58:47'),(44,2,34,12,'Botble\\Page\\Models\\Page','/faqs',NULL,0,'FAQs',NULL,'_self',0,'2023-07-02 19:58:47','2023-07-02 19:58:47'),(45,2,34,NULL,NULL,'404',NULL,0,'Error 404',NULL,'_self',0,'2023-07-02 19:58:47','2023-07-02 19:58:47'),(46,2,0,NULL,NULL,'#',NULL,0,'Shop',NULL,'_self',1,'2023-07-02 19:58:47','2023-07-02 19:58:47'),(47,2,46,NULL,NULL,'/products',NULL,0,'Products',NULL,'_self',0,'2023-07-02 19:58:47','2023-07-02 19:58:47'),(48,2,46,13,'Botble\\Page\\Models\\Page','/shop-list-1',NULL,0,'Shop List 1',NULL,'_self',0,'2023-07-02 19:58:47','2023-07-02 19:58:47'),(49,2,46,14,'Botble\\Page\\Models\\Page','/shop-list-2',NULL,0,'Shop List 2',NULL,'_self',0,'2023-07-02 19:58:47','2023-07-02 19:58:47'),(50,2,46,NULL,NULL,'/products/chevre-au-mill',NULL,0,'Product Page',NULL,'_self',0,'2023-07-02 19:58:47','2023-07-02 19:58:47'),(51,2,46,NULL,NULL,'/cart',NULL,0,'Cart',NULL,'_self',0,'2023-07-02 19:58:47','2023-07-02 19:58:47'),(52,2,0,NULL,NULL,'#',NULL,0,'Auth',NULL,'_self',1,'2023-07-02 19:58:47','2023-07-02 19:58:47'),(53,2,52,NULL,NULL,'/register',NULL,0,'Sign Up',NULL,'_self',0,'2023-07-02 19:58:47','2023-07-02 19:58:47'),(54,2,52,NULL,NULL,'/login',NULL,0,'Log In',NULL,'_self',0,'2023-07-02 19:58:47','2023-07-02 19:58:47'),(55,2,52,NULL,NULL,'/password/reset',NULL,0,'Reset Password',NULL,'_self',0,'2023-07-02 19:58:47','2023-07-02 19:58:47'),(56,2,0,15,'Botble\\Page\\Models\\Page','/contact',NULL,0,'Contact',NULL,'_self',0,'2023-07-02 19:58:47','2023-07-02 19:58:47');
/*!40000 ALTER TABLE `menu_nodes` ENABLE KEYS */;
UNLOCK TABLES;

--
-- Table structure for table `menus`
--

DROP TABLE IF EXISTS `menus`;
/*!40101 SET @saved_cs_client     = @@character_set_client */;
/*!50503 SET character_set_client = utf8mb4 */;
CREATE TABLE `menus` (
  `id` bigint unsigned NOT NULL AUTO_INCREMENT,
  `name` varchar(120) COLLATE utf8mb4_unicode_ci NOT NULL,
  `slug` varchar(120) COLLATE utf8mb4_unicode_ci DEFAULT NULL,
  `status` varchar(60) COLLATE utf8mb4_unicode_ci NOT NULL DEFAULT 'published',
  `created_at` timestamp NULL DEFAULT NULL,
  `updated_at` timestamp NULL DEFAULT NULL,
  PRIMARY KEY (`id`),
  UNIQUE KEY `menus_slug_unique` (`slug`)
) ENGINE=InnoDB AUTO_INCREMENT=3 DEFAULT CHARSET=utf8mb4 COLLATE=utf8mb4_unicode_ci;
/*!40101 SET character_set_client = @saved_cs_client */;

--
-- Dumping data for table `menus`
--

LOCK TABLES `menus` WRITE;
/*!40000 ALTER TABLE `menus` DISABLE KEYS */;
INSERT INTO `menus` VALUES (1,'Main menu','main-menu','published','2023-07-02 19:58:47','2023-07-02 19:58:47'),(2,'Menu chính','menu-chinh','published','2023-07-02 19:58:47','2023-07-02 19:58:47');
/*!40000 ALTER TABLE `menus` ENABLE KEYS */;
UNLOCK TABLES;

--
-- Table structure for table `meta_boxes`
--

DROP TABLE IF EXISTS `meta_boxes`;
/*!40101 SET @saved_cs_client     = @@character_set_client */;
/*!50503 SET character_set_client = utf8mb4 */;
CREATE TABLE `meta_boxes` (
  `id` bigint unsigned NOT NULL AUTO_INCREMENT,
  `meta_key` varchar(255) COLLATE utf8mb4_unicode_ci NOT NULL,
  `meta_value` text COLLATE utf8mb4_unicode_ci,
  `reference_id` bigint unsigned NOT NULL,
  `reference_type` varchar(120) COLLATE utf8mb4_unicode_ci NOT NULL,
  `created_at` timestamp NULL DEFAULT NULL,
  `updated_at` timestamp NULL DEFAULT NULL,
  PRIMARY KEY (`id`),
  KEY `meta_boxes_reference_id_index` (`reference_id`)
) ENGINE=InnoDB AUTO_INCREMENT=50 DEFAULT CHARSET=utf8mb4 COLLATE=utf8mb4_unicode_ci;
/*!40101 SET character_set_client = @saved_cs_client */;

--
-- Dumping data for table `meta_boxes`
--

LOCK TABLES `meta_boxes` WRITE;
/*!40000 ALTER TABLE `meta_boxes` DISABLE KEYS */;
INSERT INTO `meta_boxes` VALUES (1,'breadcrumb_style','[\"expanded\"]',4,'Botble\\Page\\Models\\Page','2023-07-02 19:58:38','2023-07-02 19:58:38'),(2,'breadcrumb_title','[\"Taste the dishes of the restaurant without leaving home.\"]',4,'Botble\\Page\\Models\\Page','2023-07-02 19:58:38','2023-07-02 19:58:38'),(3,'breadcrumb_subtitle','[\"Consecrate numeral port nemo venial diligent rem disciple quo mod.\"]',4,'Botble\\Page\\Models\\Page','2023-07-02 19:58:38','2023-07-02 19:58:38'),(4,'breadcrumb_style','[\"expanded\"]',6,'Botble\\Page\\Models\\Page','2023-07-02 19:58:38','2023-07-02 19:58:38'),(5,'title','[null]',1,'Botble\\Testimonial\\Models\\Testimonial','2023-07-02 19:58:41','2023-07-02 19:58:41'),(6,'title','[null]',2,'Botble\\Testimonial\\Models\\Testimonial','2023-07-02 19:58:41','2023-07-02 19:58:41'),(7,'title','[null]',3,'Botble\\Testimonial\\Models\\Testimonial','2023-07-02 19:58:41','2023-07-02 19:58:41'),(8,'title','[null]',4,'Botble\\Testimonial\\Models\\Testimonial','2023-07-02 19:58:41','2023-07-02 19:58:41'),(9,'faq_schema_config','[[[{\"key\":\"question\",\"value\":\"What Shipping Methods Are Available?\"},{\"key\":\"answer\",\"value\":\"Ex Portland Pitchfork irure mustache. Eutra fap before they sold out literally. Aliquip ugh bicycle rights actually mlkshk, seitan squid craft beer tempor.\"}],[{\"key\":\"question\",\"value\":\"Do You Ship Internationally?\"},{\"key\":\"answer\",\"value\":\"Hoodie tote bag mixtape tofu. Typewriter jean shorts wolf quinoa, messenger bag organic freegan cray.\"}],[{\"key\":\"question\",\"value\":\"How Long Will It Take To Get My Package?\"},{\"key\":\"answer\",\"value\":\"Swag slow-carb quinoa VHS typewriter pork belly brunch, paleo single-origin coffee Wes Anderson. Flexitarian Pitchfork forage, literally paleo fap pour-over. Wes Anderson Pinterest YOLO fanny pack meggings, deep v XOXO chambray sustainable slow-carb raw denim church-key fap chillwave Etsy. +1 typewriter kitsch, American Apparel tofu Banksy Vice.\"}],[{\"key\":\"question\",\"value\":\"What Payment Methods Are Accepted?\"},{\"key\":\"answer\",\"value\":\"Fashion axe DIY jean shorts, swag kale chips meh polaroid kogi butcher Wes Anderson chambray next level semiotics gentrify yr. Voluptate photo booth fugiat Vice. Austin sed Williamsburg, ea labore raw denim voluptate cred proident mixtape excepteur mustache. Twee chia photo booth readymade food truck, hoodie roof party swag keytar PBR DIY.\"}],[{\"key\":\"question\",\"value\":\"Is Buying On-Line Safe?\"},{\"key\":\"answer\",\"value\":\"Art party authentic freegan semiotics jean shorts chia cred. Neutra Austin roof party Brooklyn, synth Thundercats swag 8-bit photo booth. Plaid letterpress leggings craft beer meh ethical Pinterest.\"}]]]',1,'Botble\\Ecommerce\\Models\\Product','2023-07-02 19:58:44','2023-07-02 19:58:44'),(10,'faq_schema_config','[[[{\"key\":\"question\",\"value\":\"What Shipping Methods Are Available?\"},{\"key\":\"answer\",\"value\":\"Ex Portland Pitchfork irure mustache. Eutra fap before they sold out literally. Aliquip ugh bicycle rights actually mlkshk, seitan squid craft beer tempor.\"}],[{\"key\":\"question\",\"value\":\"Do You Ship Internationally?\"},{\"key\":\"answer\",\"value\":\"Hoodie tote bag mixtape tofu. Typewriter jean shorts wolf quinoa, messenger bag organic freegan cray.\"}],[{\"key\":\"question\",\"value\":\"How Long Will It Take To Get My Package?\"},{\"key\":\"answer\",\"value\":\"Swag slow-carb quinoa VHS typewriter pork belly brunch, paleo single-origin coffee Wes Anderson. Flexitarian Pitchfork forage, literally paleo fap pour-over. Wes Anderson Pinterest YOLO fanny pack meggings, deep v XOXO chambray sustainable slow-carb raw denim church-key fap chillwave Etsy. +1 typewriter kitsch, American Apparel tofu Banksy Vice.\"}],[{\"key\":\"question\",\"value\":\"What Payment Methods Are Accepted?\"},{\"key\":\"answer\",\"value\":\"Fashion axe DIY jean shorts, swag kale chips meh polaroid kogi butcher Wes Anderson chambray next level semiotics gentrify yr. Voluptate photo booth fugiat Vice. Austin sed Williamsburg, ea labore raw denim voluptate cred proident mixtape excepteur mustache. Twee chia photo booth readymade food truck, hoodie roof party swag keytar PBR DIY.\"}],[{\"key\":\"question\",\"value\":\"Is Buying On-Line Safe?\"},{\"key\":\"answer\",\"value\":\"Art party authentic freegan semiotics jean shorts chia cred. Neutra Austin roof party Brooklyn, synth Thundercats swag 8-bit photo booth. Plaid letterpress leggings craft beer meh ethical Pinterest.\"}]]]',2,'Botble\\Ecommerce\\Models\\Product','2023-07-02 19:58:44','2023-07-02 19:58:44'),(11,'faq_schema_config','[[[{\"key\":\"question\",\"value\":\"What Shipping Methods Are Available?\"},{\"key\":\"answer\",\"value\":\"Ex Portland Pitchfork irure mustache. Eutra fap before they sold out literally. Aliquip ugh bicycle rights actually mlkshk, seitan squid craft beer tempor.\"}],[{\"key\":\"question\",\"value\":\"Do You Ship Internationally?\"},{\"key\":\"answer\",\"value\":\"Hoodie tote bag mixtape tofu. Typewriter jean shorts wolf quinoa, messenger bag organic freegan cray.\"}],[{\"key\":\"question\",\"value\":\"How Long Will It Take To Get My Package?\"},{\"key\":\"answer\",\"value\":\"Swag slow-carb quinoa VHS typewriter pork belly brunch, paleo single-origin coffee Wes Anderson. Flexitarian Pitchfork forage, literally paleo fap pour-over. Wes Anderson Pinterest YOLO fanny pack meggings, deep v XOXO chambray sustainable slow-carb raw denim church-key fap chillwave Etsy. +1 typewriter kitsch, American Apparel tofu Banksy Vice.\"}],[{\"key\":\"question\",\"value\":\"What Payment Methods Are Accepted?\"},{\"key\":\"answer\",\"value\":\"Fashion axe DIY jean shorts, swag kale chips meh polaroid kogi butcher Wes Anderson chambray next level semiotics gentrify yr. Voluptate photo booth fugiat Vice. Austin sed Williamsburg, ea labore raw denim voluptate cred proident mixtape excepteur mustache. Twee chia photo booth readymade food truck, hoodie roof party swag keytar PBR DIY.\"}],[{\"key\":\"question\",\"value\":\"Is Buying On-Line Safe?\"},{\"key\":\"answer\",\"value\":\"Art party authentic freegan semiotics jean shorts chia cred. Neutra Austin roof party Brooklyn, synth Thundercats swag 8-bit photo booth. Plaid letterpress leggings craft beer meh ethical Pinterest.\"}]]]',3,'Botble\\Ecommerce\\Models\\Product','2023-07-02 19:58:44','2023-07-02 19:58:44'),(12,'faq_schema_config','[[[{\"key\":\"question\",\"value\":\"What Shipping Methods Are Available?\"},{\"key\":\"answer\",\"value\":\"Ex Portland Pitchfork irure mustache. Eutra fap before they sold out literally. Aliquip ugh bicycle rights actually mlkshk, seitan squid craft beer tempor.\"}],[{\"key\":\"question\",\"value\":\"Do You Ship Internationally?\"},{\"key\":\"answer\",\"value\":\"Hoodie tote bag mixtape tofu. Typewriter jean shorts wolf quinoa, messenger bag organic freegan cray.\"}],[{\"key\":\"question\",\"value\":\"How Long Will It Take To Get My Package?\"},{\"key\":\"answer\",\"value\":\"Swag slow-carb quinoa VHS typewriter pork belly brunch, paleo single-origin coffee Wes Anderson. Flexitarian Pitchfork forage, literally paleo fap pour-over. Wes Anderson Pinterest YOLO fanny pack meggings, deep v XOXO chambray sustainable slow-carb raw denim church-key fap chillwave Etsy. +1 typewriter kitsch, American Apparel tofu Banksy Vice.\"}],[{\"key\":\"question\",\"value\":\"What Payment Methods Are Accepted?\"},{\"key\":\"answer\",\"value\":\"Fashion axe DIY jean shorts, swag kale chips meh polaroid kogi butcher Wes Anderson chambray next level semiotics gentrify yr. Voluptate photo booth fugiat Vice. Austin sed Williamsburg, ea labore raw denim voluptate cred proident mixtape excepteur mustache. Twee chia photo booth readymade food truck, hoodie roof party swag keytar PBR DIY.\"}],[{\"key\":\"question\",\"value\":\"Is Buying On-Line Safe?\"},{\"key\":\"answer\",\"value\":\"Art party authentic freegan semiotics jean shorts chia cred. Neutra Austin roof party Brooklyn, synth Thundercats swag 8-bit photo booth. Plaid letterpress leggings craft beer meh ethical Pinterest.\"}]]]',4,'Botble\\Ecommerce\\Models\\Product','2023-07-02 19:58:44','2023-07-02 19:58:44'),(13,'faq_schema_config','[[[{\"key\":\"question\",\"value\":\"What Shipping Methods Are Available?\"},{\"key\":\"answer\",\"value\":\"Ex Portland Pitchfork irure mustache. Eutra fap before they sold out literally. Aliquip ugh bicycle rights actually mlkshk, seitan squid craft beer tempor.\"}],[{\"key\":\"question\",\"value\":\"Do You Ship Internationally?\"},{\"key\":\"answer\",\"value\":\"Hoodie tote bag mixtape tofu. Typewriter jean shorts wolf quinoa, messenger bag organic freegan cray.\"}],[{\"key\":\"question\",\"value\":\"How Long Will It Take To Get My Package?\"},{\"key\":\"answer\",\"value\":\"Swag slow-carb quinoa VHS typewriter pork belly brunch, paleo single-origin coffee Wes Anderson. Flexitarian Pitchfork forage, literally paleo fap pour-over. Wes Anderson Pinterest YOLO fanny pack meggings, deep v XOXO chambray sustainable slow-carb raw denim church-key fap chillwave Etsy. +1 typewriter kitsch, American Apparel tofu Banksy Vice.\"}],[{\"key\":\"question\",\"value\":\"What Payment Methods Are Accepted?\"},{\"key\":\"answer\",\"value\":\"Fashion axe DIY jean shorts, swag kale chips meh polaroid kogi butcher Wes Anderson chambray next level semiotics gentrify yr. Voluptate photo booth fugiat Vice. Austin sed Williamsburg, ea labore raw denim voluptate cred proident mixtape excepteur mustache. Twee chia photo booth readymade food truck, hoodie roof party swag keytar PBR DIY.\"}],[{\"key\":\"question\",\"value\":\"Is Buying On-Line Safe?\"},{\"key\":\"answer\",\"value\":\"Art party authentic freegan semiotics jean shorts chia cred. Neutra Austin roof party Brooklyn, synth Thundercats swag 8-bit photo booth. Plaid letterpress leggings craft beer meh ethical Pinterest.\"}]]]',5,'Botble\\Ecommerce\\Models\\Product','2023-07-02 19:58:44','2023-07-02 19:58:44'),(14,'faq_schema_config','[[[{\"key\":\"question\",\"value\":\"What Shipping Methods Are Available?\"},{\"key\":\"answer\",\"value\":\"Ex Portland Pitchfork irure mustache. Eutra fap before they sold out literally. Aliquip ugh bicycle rights actually mlkshk, seitan squid craft beer tempor.\"}],[{\"key\":\"question\",\"value\":\"Do You Ship Internationally?\"},{\"key\":\"answer\",\"value\":\"Hoodie tote bag mixtape tofu. Typewriter jean shorts wolf quinoa, messenger bag organic freegan cray.\"}],[{\"key\":\"question\",\"value\":\"How Long Will It Take To Get My Package?\"},{\"key\":\"answer\",\"value\":\"Swag slow-carb quinoa VHS typewriter pork belly brunch, paleo single-origin coffee Wes Anderson. Flexitarian Pitchfork forage, literally paleo fap pour-over. Wes Anderson Pinterest YOLO fanny pack meggings, deep v XOXO chambray sustainable slow-carb raw denim church-key fap chillwave Etsy. +1 typewriter kitsch, American Apparel tofu Banksy Vice.\"}],[{\"key\":\"question\",\"value\":\"What Payment Methods Are Accepted?\"},{\"key\":\"answer\",\"value\":\"Fashion axe DIY jean shorts, swag kale chips meh polaroid kogi butcher Wes Anderson chambray next level semiotics gentrify yr. Voluptate photo booth fugiat Vice. Austin sed Williamsburg, ea labore raw denim voluptate cred proident mixtape excepteur mustache. Twee chia photo booth readymade food truck, hoodie roof party swag keytar PBR DIY.\"}],[{\"key\":\"question\",\"value\":\"Is Buying On-Line Safe?\"},{\"key\":\"answer\",\"value\":\"Art party authentic freegan semiotics jean shorts chia cred. Neutra Austin roof party Brooklyn, synth Thundercats swag 8-bit photo booth. Plaid letterpress leggings craft beer meh ethical Pinterest.\"}]]]',6,'Botble\\Ecommerce\\Models\\Product','2023-07-02 19:58:44','2023-07-02 19:58:44'),(15,'faq_schema_config','[[[{\"key\":\"question\",\"value\":\"What Shipping Methods Are Available?\"},{\"key\":\"answer\",\"value\":\"Ex Portland Pitchfork irure mustache. Eutra fap before they sold out literally. Aliquip ugh bicycle rights actually mlkshk, seitan squid craft beer tempor.\"}],[{\"key\":\"question\",\"value\":\"Do You Ship Internationally?\"},{\"key\":\"answer\",\"value\":\"Hoodie tote bag mixtape tofu. Typewriter jean shorts wolf quinoa, messenger bag organic freegan cray.\"}],[{\"key\":\"question\",\"value\":\"How Long Will It Take To Get My Package?\"},{\"key\":\"answer\",\"value\":\"Swag slow-carb quinoa VHS typewriter pork belly brunch, paleo single-origin coffee Wes Anderson. Flexitarian Pitchfork forage, literally paleo fap pour-over. Wes Anderson Pinterest YOLO fanny pack meggings, deep v XOXO chambray sustainable slow-carb raw denim church-key fap chillwave Etsy. +1 typewriter kitsch, American Apparel tofu Banksy Vice.\"}],[{\"key\":\"question\",\"value\":\"What Payment Methods Are Accepted?\"},{\"key\":\"answer\",\"value\":\"Fashion axe DIY jean shorts, swag kale chips meh polaroid kogi butcher Wes Anderson chambray next level semiotics gentrify yr. Voluptate photo booth fugiat Vice. Austin sed Williamsburg, ea labore raw denim voluptate cred proident mixtape excepteur mustache. Twee chia photo booth readymade food truck, hoodie roof party swag keytar PBR DIY.\"}],[{\"key\":\"question\",\"value\":\"Is Buying On-Line Safe?\"},{\"key\":\"answer\",\"value\":\"Art party authentic freegan semiotics jean shorts chia cred. Neutra Austin roof party Brooklyn, synth Thundercats swag 8-bit photo booth. Plaid letterpress leggings craft beer meh ethical Pinterest.\"}]]]',7,'Botble\\Ecommerce\\Models\\Product','2023-07-02 19:58:44','2023-07-02 19:58:44'),(16,'faq_schema_config','[[[{\"key\":\"question\",\"value\":\"What Shipping Methods Are Available?\"},{\"key\":\"answer\",\"value\":\"Ex Portland Pitchfork irure mustache. Eutra fap before they sold out literally. Aliquip ugh bicycle rights actually mlkshk, seitan squid craft beer tempor.\"}],[{\"key\":\"question\",\"value\":\"Do You Ship Internationally?\"},{\"key\":\"answer\",\"value\":\"Hoodie tote bag mixtape tofu. Typewriter jean shorts wolf quinoa, messenger bag organic freegan cray.\"}],[{\"key\":\"question\",\"value\":\"How Long Will It Take To Get My Package?\"},{\"key\":\"answer\",\"value\":\"Swag slow-carb quinoa VHS typewriter pork belly brunch, paleo single-origin coffee Wes Anderson. Flexitarian Pitchfork forage, literally paleo fap pour-over. Wes Anderson Pinterest YOLO fanny pack meggings, deep v XOXO chambray sustainable slow-carb raw denim church-key fap chillwave Etsy. +1 typewriter kitsch, American Apparel tofu Banksy Vice.\"}],[{\"key\":\"question\",\"value\":\"What Payment Methods Are Accepted?\"},{\"key\":\"answer\",\"value\":\"Fashion axe DIY jean shorts, swag kale chips meh polaroid kogi butcher Wes Anderson chambray next level semiotics gentrify yr. Voluptate photo booth fugiat Vice. Austin sed Williamsburg, ea labore raw denim voluptate cred proident mixtape excepteur mustache. Twee chia photo booth readymade food truck, hoodie roof party swag keytar PBR DIY.\"}],[{\"key\":\"question\",\"value\":\"Is Buying On-Line Safe?\"},{\"key\":\"answer\",\"value\":\"Art party authentic freegan semiotics jean shorts chia cred. Neutra Austin roof party Brooklyn, synth Thundercats swag 8-bit photo booth. Plaid letterpress leggings craft beer meh ethical Pinterest.\"}]]]',8,'Botble\\Ecommerce\\Models\\Product','2023-07-02 19:58:44','2023-07-02 19:58:44'),(17,'faq_schema_config','[[[{\"key\":\"question\",\"value\":\"What Shipping Methods Are Available?\"},{\"key\":\"answer\",\"value\":\"Ex Portland Pitchfork irure mustache. Eutra fap before they sold out literally. Aliquip ugh bicycle rights actually mlkshk, seitan squid craft beer tempor.\"}],[{\"key\":\"question\",\"value\":\"Do You Ship Internationally?\"},{\"key\":\"answer\",\"value\":\"Hoodie tote bag mixtape tofu. Typewriter jean shorts wolf quinoa, messenger bag organic freegan cray.\"}],[{\"key\":\"question\",\"value\":\"How Long Will It Take To Get My Package?\"},{\"key\":\"answer\",\"value\":\"Swag slow-carb quinoa VHS typewriter pork belly brunch, paleo single-origin coffee Wes Anderson. Flexitarian Pitchfork forage, literally paleo fap pour-over. Wes Anderson Pinterest YOLO fanny pack meggings, deep v XOXO chambray sustainable slow-carb raw denim church-key fap chillwave Etsy. +1 typewriter kitsch, American Apparel tofu Banksy Vice.\"}],[{\"key\":\"question\",\"value\":\"What Payment Methods Are Accepted?\"},{\"key\":\"answer\",\"value\":\"Fashion axe DIY jean shorts, swag kale chips meh polaroid kogi butcher Wes Anderson chambray next level semiotics gentrify yr. Voluptate photo booth fugiat Vice. Austin sed Williamsburg, ea labore raw denim voluptate cred proident mixtape excepteur mustache. Twee chia photo booth readymade food truck, hoodie roof party swag keytar PBR DIY.\"}],[{\"key\":\"question\",\"value\":\"Is Buying On-Line Safe?\"},{\"key\":\"answer\",\"value\":\"Art party authentic freegan semiotics jean shorts chia cred. Neutra Austin roof party Brooklyn, synth Thundercats swag 8-bit photo booth. Plaid letterpress leggings craft beer meh ethical Pinterest.\"}]]]',9,'Botble\\Ecommerce\\Models\\Product','2023-07-02 19:58:44','2023-07-02 19:58:44'),(18,'faq_schema_config','[[[{\"key\":\"question\",\"value\":\"What Shipping Methods Are Available?\"},{\"key\":\"answer\",\"value\":\"Ex Portland Pitchfork irure mustache. Eutra fap before they sold out literally. Aliquip ugh bicycle rights actually mlkshk, seitan squid craft beer tempor.\"}],[{\"key\":\"question\",\"value\":\"Do You Ship Internationally?\"},{\"key\":\"answer\",\"value\":\"Hoodie tote bag mixtape tofu. Typewriter jean shorts wolf quinoa, messenger bag organic freegan cray.\"}],[{\"key\":\"question\",\"value\":\"How Long Will It Take To Get My Package?\"},{\"key\":\"answer\",\"value\":\"Swag slow-carb quinoa VHS typewriter pork belly brunch, paleo single-origin coffee Wes Anderson. Flexitarian Pitchfork forage, literally paleo fap pour-over. Wes Anderson Pinterest YOLO fanny pack meggings, deep v XOXO chambray sustainable slow-carb raw denim church-key fap chillwave Etsy. +1 typewriter kitsch, American Apparel tofu Banksy Vice.\"}],[{\"key\":\"question\",\"value\":\"What Payment Methods Are Accepted?\"},{\"key\":\"answer\",\"value\":\"Fashion axe DIY jean shorts, swag kale chips meh polaroid kogi butcher Wes Anderson chambray next level semiotics gentrify yr. Voluptate photo booth fugiat Vice. Austin sed Williamsburg, ea labore raw denim voluptate cred proident mixtape excepteur mustache. Twee chia photo booth readymade food truck, hoodie roof party swag keytar PBR DIY.\"}],[{\"key\":\"question\",\"value\":\"Is Buying On-Line Safe?\"},{\"key\":\"answer\",\"value\":\"Art party authentic freegan semiotics jean shorts chia cred. Neutra Austin roof party Brooklyn, synth Thundercats swag 8-bit photo booth. Plaid letterpress leggings craft beer meh ethical Pinterest.\"}]]]',10,'Botble\\Ecommerce\\Models\\Product','2023-07-02 19:58:44','2023-07-02 19:58:44'),(19,'faq_schema_config','[[[{\"key\":\"question\",\"value\":\"What Shipping Methods Are Available?\"},{\"key\":\"answer\",\"value\":\"Ex Portland Pitchfork irure mustache. Eutra fap before they sold out literally. Aliquip ugh bicycle rights actually mlkshk, seitan squid craft beer tempor.\"}],[{\"key\":\"question\",\"value\":\"Do You Ship Internationally?\"},{\"key\":\"answer\",\"value\":\"Hoodie tote bag mixtape tofu. Typewriter jean shorts wolf quinoa, messenger bag organic freegan cray.\"}],[{\"key\":\"question\",\"value\":\"How Long Will It Take To Get My Package?\"},{\"key\":\"answer\",\"value\":\"Swag slow-carb quinoa VHS typewriter pork belly brunch, paleo single-origin coffee Wes Anderson. Flexitarian Pitchfork forage, literally paleo fap pour-over. Wes Anderson Pinterest YOLO fanny pack meggings, deep v XOXO chambray sustainable slow-carb raw denim church-key fap chillwave Etsy. +1 typewriter kitsch, American Apparel tofu Banksy Vice.\"}],[{\"key\":\"question\",\"value\":\"What Payment Methods Are Accepted?\"},{\"key\":\"answer\",\"value\":\"Fashion axe DIY jean shorts, swag kale chips meh polaroid kogi butcher Wes Anderson chambray next level semiotics gentrify yr. Voluptate photo booth fugiat Vice. Austin sed Williamsburg, ea labore raw denim voluptate cred proident mixtape excepteur mustache. Twee chia photo booth readymade food truck, hoodie roof party swag keytar PBR DIY.\"}],[{\"key\":\"question\",\"value\":\"Is Buying On-Line Safe?\"},{\"key\":\"answer\",\"value\":\"Art party authentic freegan semiotics jean shorts chia cred. Neutra Austin roof party Brooklyn, synth Thundercats swag 8-bit photo booth. Plaid letterpress leggings craft beer meh ethical Pinterest.\"}]]]',11,'Botble\\Ecommerce\\Models\\Product','2023-07-02 19:58:44','2023-07-02 19:58:44'),(20,'faq_schema_config','[[[{\"key\":\"question\",\"value\":\"What Shipping Methods Are Available?\"},{\"key\":\"answer\",\"value\":\"Ex Portland Pitchfork irure mustache. Eutra fap before they sold out literally. Aliquip ugh bicycle rights actually mlkshk, seitan squid craft beer tempor.\"}],[{\"key\":\"question\",\"value\":\"Do You Ship Internationally?\"},{\"key\":\"answer\",\"value\":\"Hoodie tote bag mixtape tofu. Typewriter jean shorts wolf quinoa, messenger bag organic freegan cray.\"}],[{\"key\":\"question\",\"value\":\"How Long Will It Take To Get My Package?\"},{\"key\":\"answer\",\"value\":\"Swag slow-carb quinoa VHS typewriter pork belly brunch, paleo single-origin coffee Wes Anderson. Flexitarian Pitchfork forage, literally paleo fap pour-over. Wes Anderson Pinterest YOLO fanny pack meggings, deep v XOXO chambray sustainable slow-carb raw denim church-key fap chillwave Etsy. +1 typewriter kitsch, American Apparel tofu Banksy Vice.\"}],[{\"key\":\"question\",\"value\":\"What Payment Methods Are Accepted?\"},{\"key\":\"answer\",\"value\":\"Fashion axe DIY jean shorts, swag kale chips meh polaroid kogi butcher Wes Anderson chambray next level semiotics gentrify yr. Voluptate photo booth fugiat Vice. Austin sed Williamsburg, ea labore raw denim voluptate cred proident mixtape excepteur mustache. Twee chia photo booth readymade food truck, hoodie roof party swag keytar PBR DIY.\"}],[{\"key\":\"question\",\"value\":\"Is Buying On-Line Safe?\"},{\"key\":\"answer\",\"value\":\"Art party authentic freegan semiotics jean shorts chia cred. Neutra Austin roof party Brooklyn, synth Thundercats swag 8-bit photo booth. Plaid letterpress leggings craft beer meh ethical Pinterest.\"}]]]',12,'Botble\\Ecommerce\\Models\\Product','2023-07-02 19:58:44','2023-07-02 19:58:44'),(21,'faq_schema_config','[[[{\"key\":\"question\",\"value\":\"What Shipping Methods Are Available?\"},{\"key\":\"answer\",\"value\":\"Ex Portland Pitchfork irure mustache. Eutra fap before they sold out literally. Aliquip ugh bicycle rights actually mlkshk, seitan squid craft beer tempor.\"}],[{\"key\":\"question\",\"value\":\"Do You Ship Internationally?\"},{\"key\":\"answer\",\"value\":\"Hoodie tote bag mixtape tofu. Typewriter jean shorts wolf quinoa, messenger bag organic freegan cray.\"}],[{\"key\":\"question\",\"value\":\"How Long Will It Take To Get My Package?\"},{\"key\":\"answer\",\"value\":\"Swag slow-carb quinoa VHS typewriter pork belly brunch, paleo single-origin coffee Wes Anderson. Flexitarian Pitchfork forage, literally paleo fap pour-over. Wes Anderson Pinterest YOLO fanny pack meggings, deep v XOXO chambray sustainable slow-carb raw denim church-key fap chillwave Etsy. +1 typewriter kitsch, American Apparel tofu Banksy Vice.\"}],[{\"key\":\"question\",\"value\":\"What Payment Methods Are Accepted?\"},{\"key\":\"answer\",\"value\":\"Fashion axe DIY jean shorts, swag kale chips meh polaroid kogi butcher Wes Anderson chambray next level semiotics gentrify yr. Voluptate photo booth fugiat Vice. Austin sed Williamsburg, ea labore raw denim voluptate cred proident mixtape excepteur mustache. Twee chia photo booth readymade food truck, hoodie roof party swag keytar PBR DIY.\"}],[{\"key\":\"question\",\"value\":\"Is Buying On-Line Safe?\"},{\"key\":\"answer\",\"value\":\"Art party authentic freegan semiotics jean shorts chia cred. Neutra Austin roof party Brooklyn, synth Thundercats swag 8-bit photo booth. Plaid letterpress leggings craft beer meh ethical Pinterest.\"}]]]',13,'Botble\\Ecommerce\\Models\\Product','2023-07-02 19:58:44','2023-07-02 19:58:44'),(22,'faq_schema_config','[[[{\"key\":\"question\",\"value\":\"What Shipping Methods Are Available?\"},{\"key\":\"answer\",\"value\":\"Ex Portland Pitchfork irure mustache. Eutra fap before they sold out literally. Aliquip ugh bicycle rights actually mlkshk, seitan squid craft beer tempor.\"}],[{\"key\":\"question\",\"value\":\"Do You Ship Internationally?\"},{\"key\":\"answer\",\"value\":\"Hoodie tote bag mixtape tofu. Typewriter jean shorts wolf quinoa, messenger bag organic freegan cray.\"}],[{\"key\":\"question\",\"value\":\"How Long Will It Take To Get My Package?\"},{\"key\":\"answer\",\"value\":\"Swag slow-carb quinoa VHS typewriter pork belly brunch, paleo single-origin coffee Wes Anderson. Flexitarian Pitchfork forage, literally paleo fap pour-over. Wes Anderson Pinterest YOLO fanny pack meggings, deep v XOXO chambray sustainable slow-carb raw denim church-key fap chillwave Etsy. +1 typewriter kitsch, American Apparel tofu Banksy Vice.\"}],[{\"key\":\"question\",\"value\":\"What Payment Methods Are Accepted?\"},{\"key\":\"answer\",\"value\":\"Fashion axe DIY jean shorts, swag kale chips meh polaroid kogi butcher Wes Anderson chambray next level semiotics gentrify yr. Voluptate photo booth fugiat Vice. Austin sed Williamsburg, ea labore raw denim voluptate cred proident mixtape excepteur mustache. Twee chia photo booth readymade food truck, hoodie roof party swag keytar PBR DIY.\"}],[{\"key\":\"question\",\"value\":\"Is Buying On-Line Safe?\"},{\"key\":\"answer\",\"value\":\"Art party authentic freegan semiotics jean shorts chia cred. Neutra Austin roof party Brooklyn, synth Thundercats swag 8-bit photo booth. Plaid letterpress leggings craft beer meh ethical Pinterest.\"}]]]',14,'Botble\\Ecommerce\\Models\\Product','2023-07-02 19:58:44','2023-07-02 19:58:44'),(23,'faq_schema_config','[[[{\"key\":\"question\",\"value\":\"What Shipping Methods Are Available?\"},{\"key\":\"answer\",\"value\":\"Ex Portland Pitchfork irure mustache. Eutra fap before they sold out literally. Aliquip ugh bicycle rights actually mlkshk, seitan squid craft beer tempor.\"}],[{\"key\":\"question\",\"value\":\"Do You Ship Internationally?\"},{\"key\":\"answer\",\"value\":\"Hoodie tote bag mixtape tofu. Typewriter jean shorts wolf quinoa, messenger bag organic freegan cray.\"}],[{\"key\":\"question\",\"value\":\"How Long Will It Take To Get My Package?\"},{\"key\":\"answer\",\"value\":\"Swag slow-carb quinoa VHS typewriter pork belly brunch, paleo single-origin coffee Wes Anderson. Flexitarian Pitchfork forage, literally paleo fap pour-over. Wes Anderson Pinterest YOLO fanny pack meggings, deep v XOXO chambray sustainable slow-carb raw denim church-key fap chillwave Etsy. +1 typewriter kitsch, American Apparel tofu Banksy Vice.\"}],[{\"key\":\"question\",\"value\":\"What Payment Methods Are Accepted?\"},{\"key\":\"answer\",\"value\":\"Fashion axe DIY jean shorts, swag kale chips meh polaroid kogi butcher Wes Anderson chambray next level semiotics gentrify yr. Voluptate photo booth fugiat Vice. Austin sed Williamsburg, ea labore raw denim voluptate cred proident mixtape excepteur mustache. Twee chia photo booth readymade food truck, hoodie roof party swag keytar PBR DIY.\"}],[{\"key\":\"question\",\"value\":\"Is Buying On-Line Safe?\"},{\"key\":\"answer\",\"value\":\"Art party authentic freegan semiotics jean shorts chia cred. Neutra Austin roof party Brooklyn, synth Thundercats swag 8-bit photo booth. Plaid letterpress leggings craft beer meh ethical Pinterest.\"}]]]',15,'Botble\\Ecommerce\\Models\\Product','2023-07-02 19:58:44','2023-07-02 19:58:44'),(24,'faq_schema_config','[[[{\"key\":\"question\",\"value\":\"What Shipping Methods Are Available?\"},{\"key\":\"answer\",\"value\":\"Ex Portland Pitchfork irure mustache. Eutra fap before they sold out literally. Aliquip ugh bicycle rights actually mlkshk, seitan squid craft beer tempor.\"}],[{\"key\":\"question\",\"value\":\"Do You Ship Internationally?\"},{\"key\":\"answer\",\"value\":\"Hoodie tote bag mixtape tofu. Typewriter jean shorts wolf quinoa, messenger bag organic freegan cray.\"}],[{\"key\":\"question\",\"value\":\"How Long Will It Take To Get My Package?\"},{\"key\":\"answer\",\"value\":\"Swag slow-carb quinoa VHS typewriter pork belly brunch, paleo single-origin coffee Wes Anderson. Flexitarian Pitchfork forage, literally paleo fap pour-over. Wes Anderson Pinterest YOLO fanny pack meggings, deep v XOXO chambray sustainable slow-carb raw denim church-key fap chillwave Etsy. +1 typewriter kitsch, American Apparel tofu Banksy Vice.\"}],[{\"key\":\"question\",\"value\":\"What Payment Methods Are Accepted?\"},{\"key\":\"answer\",\"value\":\"Fashion axe DIY jean shorts, swag kale chips meh polaroid kogi butcher Wes Anderson chambray next level semiotics gentrify yr. Voluptate photo booth fugiat Vice. Austin sed Williamsburg, ea labore raw denim voluptate cred proident mixtape excepteur mustache. Twee chia photo booth readymade food truck, hoodie roof party swag keytar PBR DIY.\"}],[{\"key\":\"question\",\"value\":\"Is Buying On-Line Safe?\"},{\"key\":\"answer\",\"value\":\"Art party authentic freegan semiotics jean shorts chia cred. Neutra Austin roof party Brooklyn, synth Thundercats swag 8-bit photo booth. Plaid letterpress leggings craft beer meh ethical Pinterest.\"}]]]',16,'Botble\\Ecommerce\\Models\\Product','2023-07-02 19:58:44','2023-07-02 19:58:44'),(25,'faq_schema_config','[[[{\"key\":\"question\",\"value\":\"What Shipping Methods Are Available?\"},{\"key\":\"answer\",\"value\":\"Ex Portland Pitchfork irure mustache. Eutra fap before they sold out literally. Aliquip ugh bicycle rights actually mlkshk, seitan squid craft beer tempor.\"}],[{\"key\":\"question\",\"value\":\"Do You Ship Internationally?\"},{\"key\":\"answer\",\"value\":\"Hoodie tote bag mixtape tofu. Typewriter jean shorts wolf quinoa, messenger bag organic freegan cray.\"}],[{\"key\":\"question\",\"value\":\"How Long Will It Take To Get My Package?\"},{\"key\":\"answer\",\"value\":\"Swag slow-carb quinoa VHS typewriter pork belly brunch, paleo single-origin coffee Wes Anderson. Flexitarian Pitchfork forage, literally paleo fap pour-over. Wes Anderson Pinterest YOLO fanny pack meggings, deep v XOXO chambray sustainable slow-carb raw denim church-key fap chillwave Etsy. +1 typewriter kitsch, American Apparel tofu Banksy Vice.\"}],[{\"key\":\"question\",\"value\":\"What Payment Methods Are Accepted?\"},{\"key\":\"answer\",\"value\":\"Fashion axe DIY jean shorts, swag kale chips meh polaroid kogi butcher Wes Anderson chambray next level semiotics gentrify yr. Voluptate photo booth fugiat Vice. Austin sed Williamsburg, ea labore raw denim voluptate cred proident mixtape excepteur mustache. Twee chia photo booth readymade food truck, hoodie roof party swag keytar PBR DIY.\"}],[{\"key\":\"question\",\"value\":\"Is Buying On-Line Safe?\"},{\"key\":\"answer\",\"value\":\"Art party authentic freegan semiotics jean shorts chia cred. Neutra Austin roof party Brooklyn, synth Thundercats swag 8-bit photo booth. Plaid letterpress leggings craft beer meh ethical Pinterest.\"}]]]',17,'Botble\\Ecommerce\\Models\\Product','2023-07-02 19:58:44','2023-07-02 19:58:44'),(26,'faq_schema_config','[[[{\"key\":\"question\",\"value\":\"What Shipping Methods Are Available?\"},{\"key\":\"answer\",\"value\":\"Ex Portland Pitchfork irure mustache. Eutra fap before they sold out literally. Aliquip ugh bicycle rights actually mlkshk, seitan squid craft beer tempor.\"}],[{\"key\":\"question\",\"value\":\"Do You Ship Internationally?\"},{\"key\":\"answer\",\"value\":\"Hoodie tote bag mixtape tofu. Typewriter jean shorts wolf quinoa, messenger bag organic freegan cray.\"}],[{\"key\":\"question\",\"value\":\"How Long Will It Take To Get My Package?\"},{\"key\":\"answer\",\"value\":\"Swag slow-carb quinoa VHS typewriter pork belly brunch, paleo single-origin coffee Wes Anderson. Flexitarian Pitchfork forage, literally paleo fap pour-over. Wes Anderson Pinterest YOLO fanny pack meggings, deep v XOXO chambray sustainable slow-carb raw denim church-key fap chillwave Etsy. +1 typewriter kitsch, American Apparel tofu Banksy Vice.\"}],[{\"key\":\"question\",\"value\":\"What Payment Methods Are Accepted?\"},{\"key\":\"answer\",\"value\":\"Fashion axe DIY jean shorts, swag kale chips meh polaroid kogi butcher Wes Anderson chambray next level semiotics gentrify yr. Voluptate photo booth fugiat Vice. Austin sed Williamsburg, ea labore raw denim voluptate cred proident mixtape excepteur mustache. Twee chia photo booth readymade food truck, hoodie roof party swag keytar PBR DIY.\"}],[{\"key\":\"question\",\"value\":\"Is Buying On-Line Safe?\"},{\"key\":\"answer\",\"value\":\"Art party authentic freegan semiotics jean shorts chia cred. Neutra Austin roof party Brooklyn, synth Thundercats swag 8-bit photo booth. Plaid letterpress leggings craft beer meh ethical Pinterest.\"}]]]',18,'Botble\\Ecommerce\\Models\\Product','2023-07-02 19:58:44','2023-07-02 19:58:44'),(27,'faq_schema_config','[[[{\"key\":\"question\",\"value\":\"What Shipping Methods Are Available?\"},{\"key\":\"answer\",\"value\":\"Ex Portland Pitchfork irure mustache. Eutra fap before they sold out literally. Aliquip ugh bicycle rights actually mlkshk, seitan squid craft beer tempor.\"}],[{\"key\":\"question\",\"value\":\"Do You Ship Internationally?\"},{\"key\":\"answer\",\"value\":\"Hoodie tote bag mixtape tofu. Typewriter jean shorts wolf quinoa, messenger bag organic freegan cray.\"}],[{\"key\":\"question\",\"value\":\"How Long Will It Take To Get My Package?\"},{\"key\":\"answer\",\"value\":\"Swag slow-carb quinoa VHS typewriter pork belly brunch, paleo single-origin coffee Wes Anderson. Flexitarian Pitchfork forage, literally paleo fap pour-over. Wes Anderson Pinterest YOLO fanny pack meggings, deep v XOXO chambray sustainable slow-carb raw denim church-key fap chillwave Etsy. +1 typewriter kitsch, American Apparel tofu Banksy Vice.\"}],[{\"key\":\"question\",\"value\":\"What Payment Methods Are Accepted?\"},{\"key\":\"answer\",\"value\":\"Fashion axe DIY jean shorts, swag kale chips meh polaroid kogi butcher Wes Anderson chambray next level semiotics gentrify yr. Voluptate photo booth fugiat Vice. Austin sed Williamsburg, ea labore raw denim voluptate cred proident mixtape excepteur mustache. Twee chia photo booth readymade food truck, hoodie roof party swag keytar PBR DIY.\"}],[{\"key\":\"question\",\"value\":\"Is Buying On-Line Safe?\"},{\"key\":\"answer\",\"value\":\"Art party authentic freegan semiotics jean shorts chia cred. Neutra Austin roof party Brooklyn, synth Thundercats swag 8-bit photo booth. Plaid letterpress leggings craft beer meh ethical Pinterest.\"}]]]',19,'Botble\\Ecommerce\\Models\\Product','2023-07-02 19:58:44','2023-07-02 19:58:44'),(28,'faq_schema_config','[[[{\"key\":\"question\",\"value\":\"What Shipping Methods Are Available?\"},{\"key\":\"answer\",\"value\":\"Ex Portland Pitchfork irure mustache. Eutra fap before they sold out literally. Aliquip ugh bicycle rights actually mlkshk, seitan squid craft beer tempor.\"}],[{\"key\":\"question\",\"value\":\"Do You Ship Internationally?\"},{\"key\":\"answer\",\"value\":\"Hoodie tote bag mixtape tofu. Typewriter jean shorts wolf quinoa, messenger bag organic freegan cray.\"}],[{\"key\":\"question\",\"value\":\"How Long Will It Take To Get My Package?\"},{\"key\":\"answer\",\"value\":\"Swag slow-carb quinoa VHS typewriter pork belly brunch, paleo single-origin coffee Wes Anderson. Flexitarian Pitchfork forage, literally paleo fap pour-over. Wes Anderson Pinterest YOLO fanny pack meggings, deep v XOXO chambray sustainable slow-carb raw denim church-key fap chillwave Etsy. +1 typewriter kitsch, American Apparel tofu Banksy Vice.\"}],[{\"key\":\"question\",\"value\":\"What Payment Methods Are Accepted?\"},{\"key\":\"answer\",\"value\":\"Fashion axe DIY jean shorts, swag kale chips meh polaroid kogi butcher Wes Anderson chambray next level semiotics gentrify yr. Voluptate photo booth fugiat Vice. Austin sed Williamsburg, ea labore raw denim voluptate cred proident mixtape excepteur mustache. Twee chia photo booth readymade food truck, hoodie roof party swag keytar PBR DIY.\"}],[{\"key\":\"question\",\"value\":\"Is Buying On-Line Safe?\"},{\"key\":\"answer\",\"value\":\"Art party authentic freegan semiotics jean shorts chia cred. Neutra Austin roof party Brooklyn, synth Thundercats swag 8-bit photo booth. Plaid letterpress leggings craft beer meh ethical Pinterest.\"}]]]',20,'Botble\\Ecommerce\\Models\\Product','2023-07-02 19:58:44','2023-07-02 19:58:44'),(29,'faq_schema_config','[[[{\"key\":\"question\",\"value\":\"What Shipping Methods Are Available?\"},{\"key\":\"answer\",\"value\":\"Ex Portland Pitchfork irure mustache. Eutra fap before they sold out literally. Aliquip ugh bicycle rights actually mlkshk, seitan squid craft beer tempor.\"}],[{\"key\":\"question\",\"value\":\"Do You Ship Internationally?\"},{\"key\":\"answer\",\"value\":\"Hoodie tote bag mixtape tofu. Typewriter jean shorts wolf quinoa, messenger bag organic freegan cray.\"}],[{\"key\":\"question\",\"value\":\"How Long Will It Take To Get My Package?\"},{\"key\":\"answer\",\"value\":\"Swag slow-carb quinoa VHS typewriter pork belly brunch, paleo single-origin coffee Wes Anderson. Flexitarian Pitchfork forage, literally paleo fap pour-over. Wes Anderson Pinterest YOLO fanny pack meggings, deep v XOXO chambray sustainable slow-carb raw denim church-key fap chillwave Etsy. +1 typewriter kitsch, American Apparel tofu Banksy Vice.\"}],[{\"key\":\"question\",\"value\":\"What Payment Methods Are Accepted?\"},{\"key\":\"answer\",\"value\":\"Fashion axe DIY jean shorts, swag kale chips meh polaroid kogi butcher Wes Anderson chambray next level semiotics gentrify yr. Voluptate photo booth fugiat Vice. Austin sed Williamsburg, ea labore raw denim voluptate cred proident mixtape excepteur mustache. Twee chia photo booth readymade food truck, hoodie roof party swag keytar PBR DIY.\"}],[{\"key\":\"question\",\"value\":\"Is Buying On-Line Safe?\"},{\"key\":\"answer\",\"value\":\"Art party authentic freegan semiotics jean shorts chia cred. Neutra Austin roof party Brooklyn, synth Thundercats swag 8-bit photo booth. Plaid letterpress leggings craft beer meh ethical Pinterest.\"}]]]',21,'Botble\\Ecommerce\\Models\\Product','2023-07-02 19:58:44','2023-07-02 19:58:44'),(30,'faq_schema_config','[[[{\"key\":\"question\",\"value\":\"What Shipping Methods Are Available?\"},{\"key\":\"answer\",\"value\":\"Ex Portland Pitchfork irure mustache. Eutra fap before they sold out literally. Aliquip ugh bicycle rights actually mlkshk, seitan squid craft beer tempor.\"}],[{\"key\":\"question\",\"value\":\"Do You Ship Internationally?\"},{\"key\":\"answer\",\"value\":\"Hoodie tote bag mixtape tofu. Typewriter jean shorts wolf quinoa, messenger bag organic freegan cray.\"}],[{\"key\":\"question\",\"value\":\"How Long Will It Take To Get My Package?\"},{\"key\":\"answer\",\"value\":\"Swag slow-carb quinoa VHS typewriter pork belly brunch, paleo single-origin coffee Wes Anderson. Flexitarian Pitchfork forage, literally paleo fap pour-over. Wes Anderson Pinterest YOLO fanny pack meggings, deep v XOXO chambray sustainable slow-carb raw denim church-key fap chillwave Etsy. +1 typewriter kitsch, American Apparel tofu Banksy Vice.\"}],[{\"key\":\"question\",\"value\":\"What Payment Methods Are Accepted?\"},{\"key\":\"answer\",\"value\":\"Fashion axe DIY jean shorts, swag kale chips meh polaroid kogi butcher Wes Anderson chambray next level semiotics gentrify yr. Voluptate photo booth fugiat Vice. Austin sed Williamsburg, ea labore raw denim voluptate cred proident mixtape excepteur mustache. Twee chia photo booth readymade food truck, hoodie roof party swag keytar PBR DIY.\"}],[{\"key\":\"question\",\"value\":\"Is Buying On-Line Safe?\"},{\"key\":\"answer\",\"value\":\"Art party authentic freegan semiotics jean shorts chia cred. Neutra Austin roof party Brooklyn, synth Thundercats swag 8-bit photo booth. Plaid letterpress leggings craft beer meh ethical Pinterest.\"}]]]',22,'Botble\\Ecommerce\\Models\\Product','2023-07-02 19:58:44','2023-07-02 19:58:44'),(31,'faq_schema_config','[[[{\"key\":\"question\",\"value\":\"What Shipping Methods Are Available?\"},{\"key\":\"answer\",\"value\":\"Ex Portland Pitchfork irure mustache. Eutra fap before they sold out literally. Aliquip ugh bicycle rights actually mlkshk, seitan squid craft beer tempor.\"}],[{\"key\":\"question\",\"value\":\"Do You Ship Internationally?\"},{\"key\":\"answer\",\"value\":\"Hoodie tote bag mixtape tofu. Typewriter jean shorts wolf quinoa, messenger bag organic freegan cray.\"}],[{\"key\":\"question\",\"value\":\"How Long Will It Take To Get My Package?\"},{\"key\":\"answer\",\"value\":\"Swag slow-carb quinoa VHS typewriter pork belly brunch, paleo single-origin coffee Wes Anderson. Flexitarian Pitchfork forage, literally paleo fap pour-over. Wes Anderson Pinterest YOLO fanny pack meggings, deep v XOXO chambray sustainable slow-carb raw denim church-key fap chillwave Etsy. +1 typewriter kitsch, American Apparel tofu Banksy Vice.\"}],[{\"key\":\"question\",\"value\":\"What Payment Methods Are Accepted?\"},{\"key\":\"answer\",\"value\":\"Fashion axe DIY jean shorts, swag kale chips meh polaroid kogi butcher Wes Anderson chambray next level semiotics gentrify yr. Voluptate photo booth fugiat Vice. Austin sed Williamsburg, ea labore raw denim voluptate cred proident mixtape excepteur mustache. Twee chia photo booth readymade food truck, hoodie roof party swag keytar PBR DIY.\"}],[{\"key\":\"question\",\"value\":\"Is Buying On-Line Safe?\"},{\"key\":\"answer\",\"value\":\"Art party authentic freegan semiotics jean shorts chia cred. Neutra Austin roof party Brooklyn, synth Thundercats swag 8-bit photo booth. Plaid letterpress leggings craft beer meh ethical Pinterest.\"}]]]',23,'Botble\\Ecommerce\\Models\\Product','2023-07-02 19:58:44','2023-07-02 19:58:44'),(32,'faq_schema_config','[[[{\"key\":\"question\",\"value\":\"What Shipping Methods Are Available?\"},{\"key\":\"answer\",\"value\":\"Ex Portland Pitchfork irure mustache. Eutra fap before they sold out literally. Aliquip ugh bicycle rights actually mlkshk, seitan squid craft beer tempor.\"}],[{\"key\":\"question\",\"value\":\"Do You Ship Internationally?\"},{\"key\":\"answer\",\"value\":\"Hoodie tote bag mixtape tofu. Typewriter jean shorts wolf quinoa, messenger bag organic freegan cray.\"}],[{\"key\":\"question\",\"value\":\"How Long Will It Take To Get My Package?\"},{\"key\":\"answer\",\"value\":\"Swag slow-carb quinoa VHS typewriter pork belly brunch, paleo single-origin coffee Wes Anderson. Flexitarian Pitchfork forage, literally paleo fap pour-over. Wes Anderson Pinterest YOLO fanny pack meggings, deep v XOXO chambray sustainable slow-carb raw denim church-key fap chillwave Etsy. +1 typewriter kitsch, American Apparel tofu Banksy Vice.\"}],[{\"key\":\"question\",\"value\":\"What Payment Methods Are Accepted?\"},{\"key\":\"answer\",\"value\":\"Fashion axe DIY jean shorts, swag kale chips meh polaroid kogi butcher Wes Anderson chambray next level semiotics gentrify yr. Voluptate photo booth fugiat Vice. Austin sed Williamsburg, ea labore raw denim voluptate cred proident mixtape excepteur mustache. Twee chia photo booth readymade food truck, hoodie roof party swag keytar PBR DIY.\"}],[{\"key\":\"question\",\"value\":\"Is Buying On-Line Safe?\"},{\"key\":\"answer\",\"value\":\"Art party authentic freegan semiotics jean shorts chia cred. Neutra Austin roof party Brooklyn, synth Thundercats swag 8-bit photo booth. Plaid letterpress leggings craft beer meh ethical Pinterest.\"}]]]',24,'Botble\\Ecommerce\\Models\\Product','2023-07-02 19:58:44','2023-07-02 19:58:44'),(33,'faq_schema_config','[[[{\"key\":\"question\",\"value\":\"What Shipping Methods Are Available?\"},{\"key\":\"answer\",\"value\":\"Ex Portland Pitchfork irure mustache. Eutra fap before they sold out literally. Aliquip ugh bicycle rights actually mlkshk, seitan squid craft beer tempor.\"}],[{\"key\":\"question\",\"value\":\"Do You Ship Internationally?\"},{\"key\":\"answer\",\"value\":\"Hoodie tote bag mixtape tofu. Typewriter jean shorts wolf quinoa, messenger bag organic freegan cray.\"}],[{\"key\":\"question\",\"value\":\"How Long Will It Take To Get My Package?\"},{\"key\":\"answer\",\"value\":\"Swag slow-carb quinoa VHS typewriter pork belly brunch, paleo single-origin coffee Wes Anderson. Flexitarian Pitchfork forage, literally paleo fap pour-over. Wes Anderson Pinterest YOLO fanny pack meggings, deep v XOXO chambray sustainable slow-carb raw denim church-key fap chillwave Etsy. +1 typewriter kitsch, American Apparel tofu Banksy Vice.\"}],[{\"key\":\"question\",\"value\":\"What Payment Methods Are Accepted?\"},{\"key\":\"answer\",\"value\":\"Fashion axe DIY jean shorts, swag kale chips meh polaroid kogi butcher Wes Anderson chambray next level semiotics gentrify yr. Voluptate photo booth fugiat Vice. Austin sed Williamsburg, ea labore raw denim voluptate cred proident mixtape excepteur mustache. Twee chia photo booth readymade food truck, hoodie roof party swag keytar PBR DIY.\"}],[{\"key\":\"question\",\"value\":\"Is Buying On-Line Safe?\"},{\"key\":\"answer\",\"value\":\"Art party authentic freegan semiotics jean shorts chia cred. Neutra Austin roof party Brooklyn, synth Thundercats swag 8-bit photo booth. Plaid letterpress leggings craft beer meh ethical Pinterest.\"}]]]',25,'Botble\\Ecommerce\\Models\\Product','2023-07-02 19:58:44','2023-07-02 19:58:44'),(34,'faq_schema_config','[[[{\"key\":\"question\",\"value\":\"What Shipping Methods Are Available?\"},{\"key\":\"answer\",\"value\":\"Ex Portland Pitchfork irure mustache. Eutra fap before they sold out literally. Aliquip ugh bicycle rights actually mlkshk, seitan squid craft beer tempor.\"}],[{\"key\":\"question\",\"value\":\"Do You Ship Internationally?\"},{\"key\":\"answer\",\"value\":\"Hoodie tote bag mixtape tofu. Typewriter jean shorts wolf quinoa, messenger bag organic freegan cray.\"}],[{\"key\":\"question\",\"value\":\"How Long Will It Take To Get My Package?\"},{\"key\":\"answer\",\"value\":\"Swag slow-carb quinoa VHS typewriter pork belly brunch, paleo single-origin coffee Wes Anderson. Flexitarian Pitchfork forage, literally paleo fap pour-over. Wes Anderson Pinterest YOLO fanny pack meggings, deep v XOXO chambray sustainable slow-carb raw denim church-key fap chillwave Etsy. +1 typewriter kitsch, American Apparel tofu Banksy Vice.\"}],[{\"key\":\"question\",\"value\":\"What Payment Methods Are Accepted?\"},{\"key\":\"answer\",\"value\":\"Fashion axe DIY jean shorts, swag kale chips meh polaroid kogi butcher Wes Anderson chambray next level semiotics gentrify yr. Voluptate photo booth fugiat Vice. Austin sed Williamsburg, ea labore raw denim voluptate cred proident mixtape excepteur mustache. Twee chia photo booth readymade food truck, hoodie roof party swag keytar PBR DIY.\"}],[{\"key\":\"question\",\"value\":\"Is Buying On-Line Safe?\"},{\"key\":\"answer\",\"value\":\"Art party authentic freegan semiotics jean shorts chia cred. Neutra Austin roof party Brooklyn, synth Thundercats swag 8-bit photo booth. Plaid letterpress leggings craft beer meh ethical Pinterest.\"}]]]',26,'Botble\\Ecommerce\\Models\\Product','2023-07-02 19:58:44','2023-07-02 19:58:44'),(35,'faq_schema_config','[[[{\"key\":\"question\",\"value\":\"What Shipping Methods Are Available?\"},{\"key\":\"answer\",\"value\":\"Ex Portland Pitchfork irure mustache. Eutra fap before they sold out literally. Aliquip ugh bicycle rights actually mlkshk, seitan squid craft beer tempor.\"}],[{\"key\":\"question\",\"value\":\"Do You Ship Internationally?\"},{\"key\":\"answer\",\"value\":\"Hoodie tote bag mixtape tofu. Typewriter jean shorts wolf quinoa, messenger bag organic freegan cray.\"}],[{\"key\":\"question\",\"value\":\"How Long Will It Take To Get My Package?\"},{\"key\":\"answer\",\"value\":\"Swag slow-carb quinoa VHS typewriter pork belly brunch, paleo single-origin coffee Wes Anderson. Flexitarian Pitchfork forage, literally paleo fap pour-over. Wes Anderson Pinterest YOLO fanny pack meggings, deep v XOXO chambray sustainable slow-carb raw denim church-key fap chillwave Etsy. +1 typewriter kitsch, American Apparel tofu Banksy Vice.\"}],[{\"key\":\"question\",\"value\":\"What Payment Methods Are Accepted?\"},{\"key\":\"answer\",\"value\":\"Fashion axe DIY jean shorts, swag kale chips meh polaroid kogi butcher Wes Anderson chambray next level semiotics gentrify yr. Voluptate photo booth fugiat Vice. Austin sed Williamsburg, ea labore raw denim voluptate cred proident mixtape excepteur mustache. Twee chia photo booth readymade food truck, hoodie roof party swag keytar PBR DIY.\"}],[{\"key\":\"question\",\"value\":\"Is Buying On-Line Safe?\"},{\"key\":\"answer\",\"value\":\"Art party authentic freegan semiotics jean shorts chia cred. Neutra Austin roof party Brooklyn, synth Thundercats swag 8-bit photo booth. Plaid letterpress leggings craft beer meh ethical Pinterest.\"}]]]',27,'Botble\\Ecommerce\\Models\\Product','2023-07-02 19:58:44','2023-07-02 19:58:44'),(36,'faq_schema_config','[[[{\"key\":\"question\",\"value\":\"What Shipping Methods Are Available?\"},{\"key\":\"answer\",\"value\":\"Ex Portland Pitchfork irure mustache. Eutra fap before they sold out literally. Aliquip ugh bicycle rights actually mlkshk, seitan squid craft beer tempor.\"}],[{\"key\":\"question\",\"value\":\"Do You Ship Internationally?\"},{\"key\":\"answer\",\"value\":\"Hoodie tote bag mixtape tofu. Typewriter jean shorts wolf quinoa, messenger bag organic freegan cray.\"}],[{\"key\":\"question\",\"value\":\"How Long Will It Take To Get My Package?\"},{\"key\":\"answer\",\"value\":\"Swag slow-carb quinoa VHS typewriter pork belly brunch, paleo single-origin coffee Wes Anderson. Flexitarian Pitchfork forage, literally paleo fap pour-over. Wes Anderson Pinterest YOLO fanny pack meggings, deep v XOXO chambray sustainable slow-carb raw denim church-key fap chillwave Etsy. +1 typewriter kitsch, American Apparel tofu Banksy Vice.\"}],[{\"key\":\"question\",\"value\":\"What Payment Methods Are Accepted?\"},{\"key\":\"answer\",\"value\":\"Fashion axe DIY jean shorts, swag kale chips meh polaroid kogi butcher Wes Anderson chambray next level semiotics gentrify yr. Voluptate photo booth fugiat Vice. Austin sed Williamsburg, ea labore raw denim voluptate cred proident mixtape excepteur mustache. Twee chia photo booth readymade food truck, hoodie roof party swag keytar PBR DIY.\"}],[{\"key\":\"question\",\"value\":\"Is Buying On-Line Safe?\"},{\"key\":\"answer\",\"value\":\"Art party authentic freegan semiotics jean shorts chia cred. Neutra Austin roof party Brooklyn, synth Thundercats swag 8-bit photo booth. Plaid letterpress leggings craft beer meh ethical Pinterest.\"}]]]',28,'Botble\\Ecommerce\\Models\\Product','2023-07-02 19:58:44','2023-07-02 19:58:44'),(37,'faq_schema_config','[[[{\"key\":\"question\",\"value\":\"What Shipping Methods Are Available?\"},{\"key\":\"answer\",\"value\":\"Ex Portland Pitchfork irure mustache. Eutra fap before they sold out literally. Aliquip ugh bicycle rights actually mlkshk, seitan squid craft beer tempor.\"}],[{\"key\":\"question\",\"value\":\"Do You Ship Internationally?\"},{\"key\":\"answer\",\"value\":\"Hoodie tote bag mixtape tofu. Typewriter jean shorts wolf quinoa, messenger bag organic freegan cray.\"}],[{\"key\":\"question\",\"value\":\"How Long Will It Take To Get My Package?\"},{\"key\":\"answer\",\"value\":\"Swag slow-carb quinoa VHS typewriter pork belly brunch, paleo single-origin coffee Wes Anderson. Flexitarian Pitchfork forage, literally paleo fap pour-over. Wes Anderson Pinterest YOLO fanny pack meggings, deep v XOXO chambray sustainable slow-carb raw denim church-key fap chillwave Etsy. +1 typewriter kitsch, American Apparel tofu Banksy Vice.\"}],[{\"key\":\"question\",\"value\":\"What Payment Methods Are Accepted?\"},{\"key\":\"answer\",\"value\":\"Fashion axe DIY jean shorts, swag kale chips meh polaroid kogi butcher Wes Anderson chambray next level semiotics gentrify yr. Voluptate photo booth fugiat Vice. Austin sed Williamsburg, ea labore raw denim voluptate cred proident mixtape excepteur mustache. Twee chia photo booth readymade food truck, hoodie roof party swag keytar PBR DIY.\"}],[{\"key\":\"question\",\"value\":\"Is Buying On-Line Safe?\"},{\"key\":\"answer\",\"value\":\"Art party authentic freegan semiotics jean shorts chia cred. Neutra Austin roof party Brooklyn, synth Thundercats swag 8-bit photo booth. Plaid letterpress leggings craft beer meh ethical Pinterest.\"}]]]',29,'Botble\\Ecommerce\\Models\\Product','2023-07-02 19:58:44','2023-07-02 19:58:44'),(38,'faq_schema_config','[[[{\"key\":\"question\",\"value\":\"What Shipping Methods Are Available?\"},{\"key\":\"answer\",\"value\":\"Ex Portland Pitchfork irure mustache. Eutra fap before they sold out literally. Aliquip ugh bicycle rights actually mlkshk, seitan squid craft beer tempor.\"}],[{\"key\":\"question\",\"value\":\"Do You Ship Internationally?\"},{\"key\":\"answer\",\"value\":\"Hoodie tote bag mixtape tofu. Typewriter jean shorts wolf quinoa, messenger bag organic freegan cray.\"}],[{\"key\":\"question\",\"value\":\"How Long Will It Take To Get My Package?\"},{\"key\":\"answer\",\"value\":\"Swag slow-carb quinoa VHS typewriter pork belly brunch, paleo single-origin coffee Wes Anderson. Flexitarian Pitchfork forage, literally paleo fap pour-over. Wes Anderson Pinterest YOLO fanny pack meggings, deep v XOXO chambray sustainable slow-carb raw denim church-key fap chillwave Etsy. +1 typewriter kitsch, American Apparel tofu Banksy Vice.\"}],[{\"key\":\"question\",\"value\":\"What Payment Methods Are Accepted?\"},{\"key\":\"answer\",\"value\":\"Fashion axe DIY jean shorts, swag kale chips meh polaroid kogi butcher Wes Anderson chambray next level semiotics gentrify yr. Voluptate photo booth fugiat Vice. Austin sed Williamsburg, ea labore raw denim voluptate cred proident mixtape excepteur mustache. Twee chia photo booth readymade food truck, hoodie roof party swag keytar PBR DIY.\"}],[{\"key\":\"question\",\"value\":\"Is Buying On-Line Safe?\"},{\"key\":\"answer\",\"value\":\"Art party authentic freegan semiotics jean shorts chia cred. Neutra Austin roof party Brooklyn, synth Thundercats swag 8-bit photo booth. Plaid letterpress leggings craft beer meh ethical Pinterest.\"}]]]',30,'Botble\\Ecommerce\\Models\\Product','2023-07-02 19:58:44','2023-07-02 19:58:44'),(39,'faq_schema_config','[[[{\"key\":\"question\",\"value\":\"What Shipping Methods Are Available?\"},{\"key\":\"answer\",\"value\":\"Ex Portland Pitchfork irure mustache. Eutra fap before they sold out literally. Aliquip ugh bicycle rights actually mlkshk, seitan squid craft beer tempor.\"}],[{\"key\":\"question\",\"value\":\"Do You Ship Internationally?\"},{\"key\":\"answer\",\"value\":\"Hoodie tote bag mixtape tofu. Typewriter jean shorts wolf quinoa, messenger bag organic freegan cray.\"}],[{\"key\":\"question\",\"value\":\"How Long Will It Take To Get My Package?\"},{\"key\":\"answer\",\"value\":\"Swag slow-carb quinoa VHS typewriter pork belly brunch, paleo single-origin coffee Wes Anderson. Flexitarian Pitchfork forage, literally paleo fap pour-over. Wes Anderson Pinterest YOLO fanny pack meggings, deep v XOXO chambray sustainable slow-carb raw denim church-key fap chillwave Etsy. +1 typewriter kitsch, American Apparel tofu Banksy Vice.\"}],[{\"key\":\"question\",\"value\":\"What Payment Methods Are Accepted?\"},{\"key\":\"answer\",\"value\":\"Fashion axe DIY jean shorts, swag kale chips meh polaroid kogi butcher Wes Anderson chambray next level semiotics gentrify yr. Voluptate photo booth fugiat Vice. Austin sed Williamsburg, ea labore raw denim voluptate cred proident mixtape excepteur mustache. Twee chia photo booth readymade food truck, hoodie roof party swag keytar PBR DIY.\"}],[{\"key\":\"question\",\"value\":\"Is Buying On-Line Safe?\"},{\"key\":\"answer\",\"value\":\"Art party authentic freegan semiotics jean shorts chia cred. Neutra Austin roof party Brooklyn, synth Thundercats swag 8-bit photo booth. Plaid letterpress leggings craft beer meh ethical Pinterest.\"}]]]',31,'Botble\\Ecommerce\\Models\\Product','2023-07-02 19:58:44','2023-07-02 19:58:44'),(40,'faq_schema_config','[[[{\"key\":\"question\",\"value\":\"What Shipping Methods Are Available?\"},{\"key\":\"answer\",\"value\":\"Ex Portland Pitchfork irure mustache. Eutra fap before they sold out literally. Aliquip ugh bicycle rights actually mlkshk, seitan squid craft beer tempor.\"}],[{\"key\":\"question\",\"value\":\"Do You Ship Internationally?\"},{\"key\":\"answer\",\"value\":\"Hoodie tote bag mixtape tofu. Typewriter jean shorts wolf quinoa, messenger bag organic freegan cray.\"}],[{\"key\":\"question\",\"value\":\"How Long Will It Take To Get My Package?\"},{\"key\":\"answer\",\"value\":\"Swag slow-carb quinoa VHS typewriter pork belly brunch, paleo single-origin coffee Wes Anderson. Flexitarian Pitchfork forage, literally paleo fap pour-over. Wes Anderson Pinterest YOLO fanny pack meggings, deep v XOXO chambray sustainable slow-carb raw denim church-key fap chillwave Etsy. +1 typewriter kitsch, American Apparel tofu Banksy Vice.\"}],[{\"key\":\"question\",\"value\":\"What Payment Methods Are Accepted?\"},{\"key\":\"answer\",\"value\":\"Fashion axe DIY jean shorts, swag kale chips meh polaroid kogi butcher Wes Anderson chambray next level semiotics gentrify yr. Voluptate photo booth fugiat Vice. Austin sed Williamsburg, ea labore raw denim voluptate cred proident mixtape excepteur mustache. Twee chia photo booth readymade food truck, hoodie roof party swag keytar PBR DIY.\"}],[{\"key\":\"question\",\"value\":\"Is Buying On-Line Safe?\"},{\"key\":\"answer\",\"value\":\"Art party authentic freegan semiotics jean shorts chia cred. Neutra Austin roof party Brooklyn, synth Thundercats swag 8-bit photo booth. Plaid letterpress leggings craft beer meh ethical Pinterest.\"}]]]',32,'Botble\\Ecommerce\\Models\\Product','2023-07-02 19:58:44','2023-07-02 19:58:44'),(41,'faq_schema_config','[[[{\"key\":\"question\",\"value\":\"What Shipping Methods Are Available?\"},{\"key\":\"answer\",\"value\":\"Ex Portland Pitchfork irure mustache. Eutra fap before they sold out literally. Aliquip ugh bicycle rights actually mlkshk, seitan squid craft beer tempor.\"}],[{\"key\":\"question\",\"value\":\"Do You Ship Internationally?\"},{\"key\":\"answer\",\"value\":\"Hoodie tote bag mixtape tofu. Typewriter jean shorts wolf quinoa, messenger bag organic freegan cray.\"}],[{\"key\":\"question\",\"value\":\"How Long Will It Take To Get My Package?\"},{\"key\":\"answer\",\"value\":\"Swag slow-carb quinoa VHS typewriter pork belly brunch, paleo single-origin coffee Wes Anderson. Flexitarian Pitchfork forage, literally paleo fap pour-over. Wes Anderson Pinterest YOLO fanny pack meggings, deep v XOXO chambray sustainable slow-carb raw denim church-key fap chillwave Etsy. +1 typewriter kitsch, American Apparel tofu Banksy Vice.\"}],[{\"key\":\"question\",\"value\":\"What Payment Methods Are Accepted?\"},{\"key\":\"answer\",\"value\":\"Fashion axe DIY jean shorts, swag kale chips meh polaroid kogi butcher Wes Anderson chambray next level semiotics gentrify yr. Voluptate photo booth fugiat Vice. Austin sed Williamsburg, ea labore raw denim voluptate cred proident mixtape excepteur mustache. Twee chia photo booth readymade food truck, hoodie roof party swag keytar PBR DIY.\"}],[{\"key\":\"question\",\"value\":\"Is Buying On-Line Safe?\"},{\"key\":\"answer\",\"value\":\"Art party authentic freegan semiotics jean shorts chia cred. Neutra Austin roof party Brooklyn, synth Thundercats swag 8-bit photo booth. Plaid letterpress leggings craft beer meh ethical Pinterest.\"}]]]',33,'Botble\\Ecommerce\\Models\\Product','2023-07-02 19:58:44','2023-07-02 19:58:44'),(42,'faq_schema_config','[[[{\"key\":\"question\",\"value\":\"What Shipping Methods Are Available?\"},{\"key\":\"answer\",\"value\":\"Ex Portland Pitchfork irure mustache. Eutra fap before they sold out literally. Aliquip ugh bicycle rights actually mlkshk, seitan squid craft beer tempor.\"}],[{\"key\":\"question\",\"value\":\"Do You Ship Internationally?\"},{\"key\":\"answer\",\"value\":\"Hoodie tote bag mixtape tofu. Typewriter jean shorts wolf quinoa, messenger bag organic freegan cray.\"}],[{\"key\":\"question\",\"value\":\"How Long Will It Take To Get My Package?\"},{\"key\":\"answer\",\"value\":\"Swag slow-carb quinoa VHS typewriter pork belly brunch, paleo single-origin coffee Wes Anderson. Flexitarian Pitchfork forage, literally paleo fap pour-over. Wes Anderson Pinterest YOLO fanny pack meggings, deep v XOXO chambray sustainable slow-carb raw denim church-key fap chillwave Etsy. +1 typewriter kitsch, American Apparel tofu Banksy Vice.\"}],[{\"key\":\"question\",\"value\":\"What Payment Methods Are Accepted?\"},{\"key\":\"answer\",\"value\":\"Fashion axe DIY jean shorts, swag kale chips meh polaroid kogi butcher Wes Anderson chambray next level semiotics gentrify yr. Voluptate photo booth fugiat Vice. Austin sed Williamsburg, ea labore raw denim voluptate cred proident mixtape excepteur mustache. Twee chia photo booth readymade food truck, hoodie roof party swag keytar PBR DIY.\"}],[{\"key\":\"question\",\"value\":\"Is Buying On-Line Safe?\"},{\"key\":\"answer\",\"value\":\"Art party authentic freegan semiotics jean shorts chia cred. Neutra Austin roof party Brooklyn, synth Thundercats swag 8-bit photo booth. Plaid letterpress leggings craft beer meh ethical Pinterest.\"}]]]',34,'Botble\\Ecommerce\\Models\\Product','2023-07-02 19:58:44','2023-07-02 19:58:44'),(43,'faq_schema_config','[[[{\"key\":\"question\",\"value\":\"What Shipping Methods Are Available?\"},{\"key\":\"answer\",\"value\":\"Ex Portland Pitchfork irure mustache. Eutra fap before they sold out literally. Aliquip ugh bicycle rights actually mlkshk, seitan squid craft beer tempor.\"}],[{\"key\":\"question\",\"value\":\"Do You Ship Internationally?\"},{\"key\":\"answer\",\"value\":\"Hoodie tote bag mixtape tofu. Typewriter jean shorts wolf quinoa, messenger bag organic freegan cray.\"}],[{\"key\":\"question\",\"value\":\"How Long Will It Take To Get My Package?\"},{\"key\":\"answer\",\"value\":\"Swag slow-carb quinoa VHS typewriter pork belly brunch, paleo single-origin coffee Wes Anderson. Flexitarian Pitchfork forage, literally paleo fap pour-over. Wes Anderson Pinterest YOLO fanny pack meggings, deep v XOXO chambray sustainable slow-carb raw denim church-key fap chillwave Etsy. +1 typewriter kitsch, American Apparel tofu Banksy Vice.\"}],[{\"key\":\"question\",\"value\":\"What Payment Methods Are Accepted?\"},{\"key\":\"answer\",\"value\":\"Fashion axe DIY jean shorts, swag kale chips meh polaroid kogi butcher Wes Anderson chambray next level semiotics gentrify yr. Voluptate photo booth fugiat Vice. Austin sed Williamsburg, ea labore raw denim voluptate cred proident mixtape excepteur mustache. Twee chia photo booth readymade food truck, hoodie roof party swag keytar PBR DIY.\"}],[{\"key\":\"question\",\"value\":\"Is Buying On-Line Safe?\"},{\"key\":\"answer\",\"value\":\"Art party authentic freegan semiotics jean shorts chia cred. Neutra Austin roof party Brooklyn, synth Thundercats swag 8-bit photo booth. Plaid letterpress leggings craft beer meh ethical Pinterest.\"}]]]',35,'Botble\\Ecommerce\\Models\\Product','2023-07-02 19:58:44','2023-07-02 19:58:44'),(44,'faq_schema_config','[[[{\"key\":\"question\",\"value\":\"What Shipping Methods Are Available?\"},{\"key\":\"answer\",\"value\":\"Ex Portland Pitchfork irure mustache. Eutra fap before they sold out literally. Aliquip ugh bicycle rights actually mlkshk, seitan squid craft beer tempor.\"}],[{\"key\":\"question\",\"value\":\"Do You Ship Internationally?\"},{\"key\":\"answer\",\"value\":\"Hoodie tote bag mixtape tofu. Typewriter jean shorts wolf quinoa, messenger bag organic freegan cray.\"}],[{\"key\":\"question\",\"value\":\"How Long Will It Take To Get My Package?\"},{\"key\":\"answer\",\"value\":\"Swag slow-carb quinoa VHS typewriter pork belly brunch, paleo single-origin coffee Wes Anderson. Flexitarian Pitchfork forage, literally paleo fap pour-over. Wes Anderson Pinterest YOLO fanny pack meggings, deep v XOXO chambray sustainable slow-carb raw denim church-key fap chillwave Etsy. +1 typewriter kitsch, American Apparel tofu Banksy Vice.\"}],[{\"key\":\"question\",\"value\":\"What Payment Methods Are Accepted?\"},{\"key\":\"answer\",\"value\":\"Fashion axe DIY jean shorts, swag kale chips meh polaroid kogi butcher Wes Anderson chambray next level semiotics gentrify yr. Voluptate photo booth fugiat Vice. Austin sed Williamsburg, ea labore raw denim voluptate cred proident mixtape excepteur mustache. Twee chia photo booth readymade food truck, hoodie roof party swag keytar PBR DIY.\"}],[{\"key\":\"question\",\"value\":\"Is Buying On-Line Safe?\"},{\"key\":\"answer\",\"value\":\"Art party authentic freegan semiotics jean shorts chia cred. Neutra Austin roof party Brooklyn, synth Thundercats swag 8-bit photo booth. Plaid letterpress leggings craft beer meh ethical Pinterest.\"}]]]',36,'Botble\\Ecommerce\\Models\\Product','2023-07-02 19:58:44','2023-07-02 19:58:44'),(45,'faq_schema_config','[[[{\"key\":\"question\",\"value\":\"What Shipping Methods Are Available?\"},{\"key\":\"answer\",\"value\":\"Ex Portland Pitchfork irure mustache. Eutra fap before they sold out literally. Aliquip ugh bicycle rights actually mlkshk, seitan squid craft beer tempor.\"}],[{\"key\":\"question\",\"value\":\"Do You Ship Internationally?\"},{\"key\":\"answer\",\"value\":\"Hoodie tote bag mixtape tofu. Typewriter jean shorts wolf quinoa, messenger bag organic freegan cray.\"}],[{\"key\":\"question\",\"value\":\"How Long Will It Take To Get My Package?\"},{\"key\":\"answer\",\"value\":\"Swag slow-carb quinoa VHS typewriter pork belly brunch, paleo single-origin coffee Wes Anderson. Flexitarian Pitchfork forage, literally paleo fap pour-over. Wes Anderson Pinterest YOLO fanny pack meggings, deep v XOXO chambray sustainable slow-carb raw denim church-key fap chillwave Etsy. +1 typewriter kitsch, American Apparel tofu Banksy Vice.\"}],[{\"key\":\"question\",\"value\":\"What Payment Methods Are Accepted?\"},{\"key\":\"answer\",\"value\":\"Fashion axe DIY jean shorts, swag kale chips meh polaroid kogi butcher Wes Anderson chambray next level semiotics gentrify yr. Voluptate photo booth fugiat Vice. Austin sed Williamsburg, ea labore raw denim voluptate cred proident mixtape excepteur mustache. Twee chia photo booth readymade food truck, hoodie roof party swag keytar PBR DIY.\"}],[{\"key\":\"question\",\"value\":\"Is Buying On-Line Safe?\"},{\"key\":\"answer\",\"value\":\"Art party authentic freegan semiotics jean shorts chia cred. Neutra Austin roof party Brooklyn, synth Thundercats swag 8-bit photo booth. Plaid letterpress leggings craft beer meh ethical Pinterest.\"}]]]',37,'Botble\\Ecommerce\\Models\\Product','2023-07-02 19:58:44','2023-07-02 19:58:44'),(46,'faq_schema_config','[[[{\"key\":\"question\",\"value\":\"What Shipping Methods Are Available?\"},{\"key\":\"answer\",\"value\":\"Ex Portland Pitchfork irure mustache. Eutra fap before they sold out literally. Aliquip ugh bicycle rights actually mlkshk, seitan squid craft beer tempor.\"}],[{\"key\":\"question\",\"value\":\"Do You Ship Internationally?\"},{\"key\":\"answer\",\"value\":\"Hoodie tote bag mixtape tofu. Typewriter jean shorts wolf quinoa, messenger bag organic freegan cray.\"}],[{\"key\":\"question\",\"value\":\"How Long Will It Take To Get My Package?\"},{\"key\":\"answer\",\"value\":\"Swag slow-carb quinoa VHS typewriter pork belly brunch, paleo single-origin coffee Wes Anderson. Flexitarian Pitchfork forage, literally paleo fap pour-over. Wes Anderson Pinterest YOLO fanny pack meggings, deep v XOXO chambray sustainable slow-carb raw denim church-key fap chillwave Etsy. +1 typewriter kitsch, American Apparel tofu Banksy Vice.\"}],[{\"key\":\"question\",\"value\":\"What Payment Methods Are Accepted?\"},{\"key\":\"answer\",\"value\":\"Fashion axe DIY jean shorts, swag kale chips meh polaroid kogi butcher Wes Anderson chambray next level semiotics gentrify yr. Voluptate photo booth fugiat Vice. Austin sed Williamsburg, ea labore raw denim voluptate cred proident mixtape excepteur mustache. Twee chia photo booth readymade food truck, hoodie roof party swag keytar PBR DIY.\"}],[{\"key\":\"question\",\"value\":\"Is Buying On-Line Safe?\"},{\"key\":\"answer\",\"value\":\"Art party authentic freegan semiotics jean shorts chia cred. Neutra Austin roof party Brooklyn, synth Thundercats swag 8-bit photo booth. Plaid letterpress leggings craft beer meh ethical Pinterest.\"}]]]',38,'Botble\\Ecommerce\\Models\\Product','2023-07-02 19:58:44','2023-07-02 19:58:44'),(47,'faq_schema_config','[[[{\"key\":\"question\",\"value\":\"What Shipping Methods Are Available?\"},{\"key\":\"answer\",\"value\":\"Ex Portland Pitchfork irure mustache. Eutra fap before they sold out literally. Aliquip ugh bicycle rights actually mlkshk, seitan squid craft beer tempor.\"}],[{\"key\":\"question\",\"value\":\"Do You Ship Internationally?\"},{\"key\":\"answer\",\"value\":\"Hoodie tote bag mixtape tofu. Typewriter jean shorts wolf quinoa, messenger bag organic freegan cray.\"}],[{\"key\":\"question\",\"value\":\"How Long Will It Take To Get My Package?\"},{\"key\":\"answer\",\"value\":\"Swag slow-carb quinoa VHS typewriter pork belly brunch, paleo single-origin coffee Wes Anderson. Flexitarian Pitchfork forage, literally paleo fap pour-over. Wes Anderson Pinterest YOLO fanny pack meggings, deep v XOXO chambray sustainable slow-carb raw denim church-key fap chillwave Etsy. +1 typewriter kitsch, American Apparel tofu Banksy Vice.\"}],[{\"key\":\"question\",\"value\":\"What Payment Methods Are Accepted?\"},{\"key\":\"answer\",\"value\":\"Fashion axe DIY jean shorts, swag kale chips meh polaroid kogi butcher Wes Anderson chambray next level semiotics gentrify yr. Voluptate photo booth fugiat Vice. Austin sed Williamsburg, ea labore raw denim voluptate cred proident mixtape excepteur mustache. Twee chia photo booth readymade food truck, hoodie roof party swag keytar PBR DIY.\"}],[{\"key\":\"question\",\"value\":\"Is Buying On-Line Safe?\"},{\"key\":\"answer\",\"value\":\"Art party authentic freegan semiotics jean shorts chia cred. Neutra Austin roof party Brooklyn, synth Thundercats swag 8-bit photo booth. Plaid letterpress leggings craft beer meh ethical Pinterest.\"}]]]',39,'Botble\\Ecommerce\\Models\\Product','2023-07-02 19:58:44','2023-07-02 19:58:44'),(48,'faq_schema_config','[[[{\"key\":\"question\",\"value\":\"What Shipping Methods Are Available?\"},{\"key\":\"answer\",\"value\":\"Ex Portland Pitchfork irure mustache. Eutra fap before they sold out literally. Aliquip ugh bicycle rights actually mlkshk, seitan squid craft beer tempor.\"}],[{\"key\":\"question\",\"value\":\"Do You Ship Internationally?\"},{\"key\":\"answer\",\"value\":\"Hoodie tote bag mixtape tofu. Typewriter jean shorts wolf quinoa, messenger bag organic freegan cray.\"}],[{\"key\":\"question\",\"value\":\"How Long Will It Take To Get My Package?\"},{\"key\":\"answer\",\"value\":\"Swag slow-carb quinoa VHS typewriter pork belly brunch, paleo single-origin coffee Wes Anderson. Flexitarian Pitchfork forage, literally paleo fap pour-over. Wes Anderson Pinterest YOLO fanny pack meggings, deep v XOXO chambray sustainable slow-carb raw denim church-key fap chillwave Etsy. +1 typewriter kitsch, American Apparel tofu Banksy Vice.\"}],[{\"key\":\"question\",\"value\":\"What Payment Methods Are Accepted?\"},{\"key\":\"answer\",\"value\":\"Fashion axe DIY jean shorts, swag kale chips meh polaroid kogi butcher Wes Anderson chambray next level semiotics gentrify yr. Voluptate photo booth fugiat Vice. Austin sed Williamsburg, ea labore raw denim voluptate cred proident mixtape excepteur mustache. Twee chia photo booth readymade food truck, hoodie roof party swag keytar PBR DIY.\"}],[{\"key\":\"question\",\"value\":\"Is Buying On-Line Safe?\"},{\"key\":\"answer\",\"value\":\"Art party authentic freegan semiotics jean shorts chia cred. Neutra Austin roof party Brooklyn, synth Thundercats swag 8-bit photo booth. Plaid letterpress leggings craft beer meh ethical Pinterest.\"}]]]',40,'Botble\\Ecommerce\\Models\\Product','2023-07-02 19:58:44','2023-07-02 19:58:44'),(49,'faq_schema_config','[[[{\"key\":\"question\",\"value\":\"What Shipping Methods Are Available?\"},{\"key\":\"answer\",\"value\":\"Ex Portland Pitchfork irure mustache. Eutra fap before they sold out literally. Aliquip ugh bicycle rights actually mlkshk, seitan squid craft beer tempor.\"}],[{\"key\":\"question\",\"value\":\"Do You Ship Internationally?\"},{\"key\":\"answer\",\"value\":\"Hoodie tote bag mixtape tofu. Typewriter jean shorts wolf quinoa, messenger bag organic freegan cray.\"}],[{\"key\":\"question\",\"value\":\"How Long Will It Take To Get My Package?\"},{\"key\":\"answer\",\"value\":\"Swag slow-carb quinoa VHS typewriter pork belly brunch, paleo single-origin coffee Wes Anderson. Flexitarian Pitchfork forage, literally paleo fap pour-over. Wes Anderson Pinterest YOLO fanny pack meggings, deep v XOXO chambray sustainable slow-carb raw denim church-key fap chillwave Etsy. +1 typewriter kitsch, American Apparel tofu Banksy Vice.\"}],[{\"key\":\"question\",\"value\":\"What Payment Methods Are Accepted?\"},{\"key\":\"answer\",\"value\":\"Fashion axe DIY jean shorts, swag kale chips meh polaroid kogi butcher Wes Anderson chambray next level semiotics gentrify yr. Voluptate photo booth fugiat Vice. Austin sed Williamsburg, ea labore raw denim voluptate cred proident mixtape excepteur mustache. Twee chia photo booth readymade food truck, hoodie roof party swag keytar PBR DIY.\"}],[{\"key\":\"question\",\"value\":\"Is Buying On-Line Safe?\"},{\"key\":\"answer\",\"value\":\"Art party authentic freegan semiotics jean shorts chia cred. Neutra Austin roof party Brooklyn, synth Thundercats swag 8-bit photo booth. Plaid letterpress leggings craft beer meh ethical Pinterest.\"}]]]',41,'Botble\\Ecommerce\\Models\\Product','2023-07-02 19:58:44','2023-07-02 19:58:44');
/*!40000 ALTER TABLE `meta_boxes` ENABLE KEYS */;
UNLOCK TABLES;

--
-- Table structure for table `migrations`
--

DROP TABLE IF EXISTS `migrations`;
/*!40101 SET @saved_cs_client     = @@character_set_client */;
/*!50503 SET character_set_client = utf8mb4 */;
CREATE TABLE `migrations` (
  `id` int unsigned NOT NULL AUTO_INCREMENT,
  `migration` varchar(191) COLLATE utf8mb4_unicode_ci NOT NULL,
  `batch` int NOT NULL,
  PRIMARY KEY (`id`)
) ENGINE=InnoDB AUTO_INCREMENT=124 DEFAULT CHARSET=utf8mb4 COLLATE=utf8mb4_unicode_ci;
/*!40101 SET character_set_client = @saved_cs_client */;

--
-- Dumping data for table `migrations`
--

LOCK TABLES `migrations` WRITE;
/*!40000 ALTER TABLE `migrations` DISABLE KEYS */;
INSERT INTO `migrations` VALUES (1,'2013_04_09_032329_create_base_tables',1),(2,'2013_04_09_062329_create_revisions_table',1),(3,'2014_10_12_000000_create_users_table',1),(4,'2014_10_12_100000_create_password_reset_tokens_table',1),(5,'2014_10_12_100000_create_password_resets_table',1),(6,'2016_06_10_230148_create_acl_tables',1),(7,'2016_06_14_230857_create_menus_table',1),(8,'2016_06_28_221418_create_pages_table',1),(9,'2016_10_05_074239_create_setting_table',1),(10,'2016_11_28_032840_create_dashboard_widget_tables',1),(11,'2016_12_16_084601_create_widgets_table',1),(12,'2017_05_09_070343_create_media_tables',1),(13,'2017_11_03_070450_create_slug_table',1),(14,'2019_01_05_053554_create_jobs_table',1),(15,'2019_08_19_000000_create_failed_jobs_table',1),(16,'2019_12_14_000001_create_personal_access_tokens_table',1),(17,'2022_04_20_100851_add_index_to_media_table',1),(18,'2022_04_20_101046_add_index_to_menu_table',1),(19,'2022_07_10_034813_move_lang_folder_to_root',1),(20,'2022_08_04_051940_add_missing_column_expires_at',1),(21,'2022_09_01_000001_create_admin_notifications_tables',1),(22,'2022_10_14_024629_drop_column_is_featured',1),(23,'2022_11_18_063357_add_missing_timestamp_in_table_settings',1),(24,'2022_12_02_093615_update_slug_index_columns',1),(25,'2023_01_30_024431_add_alt_to_media_table',1),(26,'2023_02_16_042611_drop_table_password_resets',1),(27,'2023_04_23_005903_add_column_permissions_to_admin_notifications',1),(28,'2023_05_10_075124_drop_column_id_in_role_users_table',1),(29,'2015_06_29_025744_create_audit_history',2),(30,'2015_06_18_033822_create_blog_table',3),(31,'2021_02_16_092633_remove_default_value_for_author_type',3),(32,'2021_12_03_030600_create_blog_translations',3),(33,'2022_04_19_113923_add_index_to_table_posts',3),(34,'2016_06_17_091537_create_contacts_table',4),(35,'2020_03_05_041139_create_ecommerce_tables',5),(36,'2021_01_01_044147_ecommerce_create_flash_sale_table',5),(37,'2021_01_17_082713_add_column_is_featured_to_product_collections_table',5),(38,'2021_01_18_024333_add_zip_code_into_table_customer_addresses',5),(39,'2021_02_18_073505_update_table_ec_reviews',5),(40,'2021_03_10_024419_add_column_confirmed_at_to_table_ec_customers',5),(41,'2021_03_10_025153_change_column_tax_amount',5),(42,'2021_03_20_033103_add_column_availability_to_table_ec_products',5),(43,'2021_04_28_074008_ecommerce_create_product_label_table',5),(44,'2021_05_31_173037_ecommerce_create_ec_products_translations',5),(45,'2021_06_28_153141_correct_slugs_data',5),(46,'2021_08_17_105016_remove_column_currency_id_in_some_tables',5),(47,'2021_08_30_142128_add_images_column_to_ec_reviews_table',5),(48,'2021_09_01_115151_remove_unused_fields_in_ec_products',5),(49,'2021_10_04_030050_add_column_created_by_to_table_ec_products',5),(50,'2021_10_05_122616_add_status_column_to_ec_customers_table',5),(51,'2021_11_03_025806_nullable_phone_number_in_ec_customer_addresses',5),(52,'2021_11_23_071403_correct_languages_for_product_variations',5),(53,'2021_11_28_031808_add_product_tags_translations',5),(54,'2021_12_01_031123_add_featured_image_to_ec_products',5),(55,'2022_01_01_033107_update_table_ec_shipments',5),(56,'2022_02_16_042457_improve_product_attribute_sets',5),(57,'2022_03_22_075758_correct_product_name',5),(58,'2022_04_19_113334_add_index_to_ec_products',5),(59,'2022_04_28_144405_remove_unused_table',5),(60,'2022_05_05_115015_create_ec_customer_recently_viewed_products_table',5),(61,'2022_05_18_143720_add_index_to_table_ec_product_categories',5),(62,'2022_06_16_095633_add_index_to_some_tables',5),(63,'2022_06_30_035148_create_order_referrals_table',5),(64,'2022_07_24_153815_add_completed_at_to_ec_orders_table',5),(65,'2022_08_14_032836_create_ec_order_returns_table',5),(66,'2022_08_14_033554_create_ec_order_return_items_table',5),(67,'2022_08_15_040324_add_billing_address',5),(68,'2022_08_30_091114_support_digital_products_table',5),(69,'2022_09_13_095744_create_options_table',5),(70,'2022_09_13_104347_create_option_value_table',5),(71,'2022_10_05_163518_alter_table_ec_order_product',5),(72,'2022_10_12_041517_create_invoices_table',5),(73,'2022_10_12_142226_update_orders_table',5),(74,'2022_10_13_024916_update_table_order_returns',5),(75,'2022_10_21_030830_update_columns_in_ec_shipments_table',5),(76,'2022_10_28_021046_update_columns_in_ec_shipments_table',5),(77,'2022_11_16_034522_update_type_column_in_ec_shipping_rules_table',5),(78,'2022_11_19_041643_add_ec_tax_product_table',5),(79,'2022_12_12_063830_update_tax_defadult_in_ec_tax_products_table',5),(80,'2022_12_17_041532_fix_address_in_order_invoice',5),(81,'2022_12_26_070329_create_ec_product_views_table',5),(82,'2023_01_04_033051_fix_product_categories',5),(83,'2023_01_09_050400_add_ec_global_options_translations_table',5),(84,'2023_01_10_093754_add_missing_option_value_id',5),(85,'2023_01_17_082713_add_column_barcode_and_cost_per_item_to_product_table',5),(86,'2023_01_26_021854_add_ec_customer_used_coupons_table',5),(87,'2023_02_08_015900_update_options_column_in_ec_order_product_table',5),(88,'2023_02_27_095752_remove_duplicate_reviews',5),(89,'2023_03_20_115757_add_user_type_column_to_ec_shipment_histories_table',5),(90,'2023_04_21_082427_create_ec_product_categorizables_table',5),(91,'2023_05_03_011331_add_missing_column_price_into_invoice_items_table',5),(92,'2023_05_17_025812_fix_invoice_issue',5),(93,'2023_05_26_073140_move_option_make_phone_field_optional_at_checkout_page_to_mandatory_fields',5),(94,'2023_05_27_144611_fix_exchange_rate_setting',5),(95,'2023_06_22_084331_add_generate_license_code_to_ec_products_table',5),(96,'2023_06_30_042512_create_ec_order_tax_information_table',5),(97,'2018_07_09_221238_create_faq_table',6),(98,'2021_12_03_082134_create_faq_translations',6),(99,'2016_10_13_150201_create_galleries_table',7),(100,'2021_12_03_082953_create_gallery_translations',7),(101,'2022_04_30_034048_create_gallery_meta_translations_table',7),(102,'2016_10_03_032336_create_languages_table',8),(103,'2021_10_25_021023_fix-priority-load-for-language-advanced',9),(104,'2021_12_03_075608_create_page_translations',9),(105,'2019_11_18_061011_create_country_table',10),(106,'2021_12_03_084118_create_location_translations',10),(107,'2021_12_03_094518_migrate_old_location_data',10),(108,'2021_12_10_034440_switch_plugin_location_to_use_language_advanced',10),(109,'2022_01_16_085908_improve_plugin_location',10),(110,'2022_08_04_052122_delete_location_backup_tables',10),(111,'2023_04_23_061847_increase_state_translations_abbreviation_column',10),(112,'2017_10_24_154832_create_newsletter_table',11),(113,'2017_05_18_080441_create_payment_tables',12),(114,'2021_03_27_144913_add_customer_type_into_table_payments',12),(115,'2021_05_24_034720_make_column_currency_nullable',12),(116,'2021_08_09_161302_add_metadata_column_to_payments_table',12),(117,'2021_10_19_020859_update_metadata_field',12),(118,'2022_06_28_151901_activate_paypal_stripe_plugin',12),(119,'2022_07_07_153354_update_charge_id_in_table_payments',12),(120,'2022_11_02_092723_team_create_team_table',13),(121,'2018_07_09_214610_create_testimonial_table',14),(122,'2021_12_03_083642_create_testimonials_translations',14),(123,'2016_10_07_193005_create_translations_table',15);
/*!40000 ALTER TABLE `migrations` ENABLE KEYS */;
UNLOCK TABLES;

--
-- Table structure for table `newsletters`
--

DROP TABLE IF EXISTS `newsletters`;
/*!40101 SET @saved_cs_client     = @@character_set_client */;
/*!50503 SET character_set_client = utf8mb4 */;
CREATE TABLE `newsletters` (
  `id` bigint unsigned NOT NULL AUTO_INCREMENT,
  `email` varchar(120) COLLATE utf8mb4_unicode_ci NOT NULL,
  `name` varchar(120) COLLATE utf8mb4_unicode_ci DEFAULT NULL,
  `status` varchar(60) COLLATE utf8mb4_unicode_ci NOT NULL DEFAULT 'subscribed',
  `created_at` timestamp NULL DEFAULT NULL,
  `updated_at` timestamp NULL DEFAULT NULL,
  PRIMARY KEY (`id`)
) ENGINE=InnoDB DEFAULT CHARSET=utf8mb4 COLLATE=utf8mb4_unicode_ci;
/*!40101 SET character_set_client = @saved_cs_client */;

--
-- Dumping data for table `newsletters`
--

LOCK TABLES `newsletters` WRITE;
/*!40000 ALTER TABLE `newsletters` DISABLE KEYS */;
/*!40000 ALTER TABLE `newsletters` ENABLE KEYS */;
UNLOCK TABLES;

--
-- Table structure for table `pages`
--

DROP TABLE IF EXISTS `pages`;
/*!40101 SET @saved_cs_client     = @@character_set_client */;
/*!50503 SET character_set_client = utf8mb4 */;
CREATE TABLE `pages` (
  `id` bigint unsigned NOT NULL AUTO_INCREMENT,
  `name` varchar(120) COLLATE utf8mb4_unicode_ci NOT NULL,
  `content` longtext COLLATE utf8mb4_unicode_ci,
  `user_id` bigint unsigned NOT NULL,
  `image` varchar(255) COLLATE utf8mb4_unicode_ci DEFAULT NULL,
  `template` varchar(60) COLLATE utf8mb4_unicode_ci DEFAULT NULL,
  `description` varchar(400) COLLATE utf8mb4_unicode_ci DEFAULT NULL,
  `status` varchar(60) COLLATE utf8mb4_unicode_ci NOT NULL DEFAULT 'published',
  `created_at` timestamp NULL DEFAULT NULL,
  `updated_at` timestamp NULL DEFAULT NULL,
  PRIMARY KEY (`id`),
  KEY `pages_user_id_index` (`user_id`)
) ENGINE=InnoDB AUTO_INCREMENT=16 DEFAULT CHARSET=utf8mb4 COLLATE=utf8mb4_unicode_ci;
/*!40101 SET character_set_client = @saved_cs_client */;

--
-- Dumping data for table `pages`
--

LOCK TABLES `pages` WRITE;
/*!40000 ALTER TABLE `pages` DISABLE KEYS */;
INSERT INTO `pages` VALUES (1,'Homepage 1','<div>[hero-banner style=\"1\" title=\"We do not cook, we create your emotions!\" subtitle=\"Consecrate numeral port nemo venial diligent rem disciple quo mod.\" text_secondary=\"Hi, new friend!\" image=\"backgrounds/girl.png\" button_label_1=\"Our menu\" button_url_1=\"/shop-1\" button_label_2=\"About us\" button_url_2=\"/about-us\"][/hero-banner]</div><div>[our-features title=\"We are doing more than you expect\" title_1=\"We are located in the city center\" subtitle_1=\"Porto nemo venial necessitates presentiment diligent rem temporise disciple quo mod numeral.\" title_2=\"Fresh, organic ingredients\" subtitle_2=\"Consectetur numquam porro nemo veniam necessitatibus praesentium eligendi rem temporibus adipisci quo modi.\" title_3=\"Own fast delivery\" subtitle_3=\"Necessitatibus praesentium eligendi rem temporibus adipisci quo modi. Lorem ipsum dolor sit.\" image=\"backgrounds/interior.jpg\" year_experience=\"2\"][/our-features]</div><div>[featured-categories title=\"What do you like today?\" subtitle=\"Consecrate numeral port nemo venial diligent rem disciple quo mod.\" category_ids=\"1,2,3,4\" button_label=\"Shop now\" button_url=\"/shop-1\"][/featured-categories]</div><div>[products-list title=\"Most popular dishes\" subtitle=\"A great platform to buy, sell and rent your properties without any agent or commissions.\" type=\"feature\" style=\"slide\" items_on_slide=\"3\" limit=\"6\" footer_style=\"rating\" button_label=\"Shop now\" button_url=\"/shop-1\" button_icon=\"general/menu.png\"][/products-list]</div><div>[team title=\"They will cook for you\" subtitle=\"Consecrate numeral port nemo venial diligent rem disciple quo mod.\" team_ids=\"1,2,3,4\" limit=\"4\" button_label=\"Open menu\" button_icon=\"general/menu.png\" button_url=\"/shop-1\"][/team]</div><div>[apps-download title=\"Download our mobile app.\" subtitle=\"Consecrate numeral port nemo venial diligent rem disciple quo mod.\" image=\"backgrounds/phones.png\" platform_button_image_1=\"platforms/android.png\" platform_url_1=\"https://play.google.com/store\" platform_button_image_2=\"platforms/ios.png\" platform_url_2=\"https://www.apple.com/store\"][/apps-download]</div><div>[flash-sale-popup flash_sale_ids=\"1\" description=\"Et modi itaque praesentium\" timeout=\"5\"][/flash-sale-popup]</div>',1,NULL,'homepage','','published','2023-07-02 19:58:38','2023-07-02 19:58:38'),(2,'Homepage 2','<div>[hero-banner style=&quot;2&quot; title=&quot;We do not cook, we create your emotions!&quot; subtitle=&quot;Consecrate numeral port nemo venial diligent rem disciple quo mod.&quot; text_secondary=&quot;Hi, new friend!&quot; image_1=&quot;illustrations/1.png&quot; image_2=&quot;illustrations/2.png&quot; image_3=&quot;illustrations/3.png&quot; message_1=&quot;&lt;span&gt;😋&lt;/span&gt; Om-nom-nom...&quot; message_2=&quot;&lt;span&gt;🥰&lt;/span&gt; Sooooo delicious!&quot; button_label_1=&quot;Our menu&quot; button_url_1=&quot;#&quot; button_label_2=&quot;About us&quot; button_url_2=&quot;#&quot;][/hero-banner]</div><div>[about-text image=&quot;galleries/2.jpg&quot; experience_year=&quot;17&quot; experience_text=&quot;Years Experience&quot; title=&quot;We are doing more than you expect&quot; text=&quot;Faudantium magnam error temporibus ipsam aliquid neque quibusdam dolorum, quia ea numquam assumenda mollitia dolorem impedit. Voluptate at quis exercitationem officia temporibus adipisci quae totam enim dolorum, assumenda. Sapiente soluta nostrum reprehenderit a velit obcaecati facilis vitae magnam tenetur neque vel itaque inventore eaque explicabo commodi maxime! Aliquam quasi, voluptates odio. Consectetur adipisicing elit. &lt;br&gt;&lt;br&gt; Cupiditate nesciunt amet facilis numquam, nam adipisci qui voluptate voluptas enim obcaecati veritatis animi nulla, mollitia commodi quaerat ex, autem ea laborum.&quot; text_image=&quot;general/signature.png&quot;][/about-text]</div><div>[features title_1=\"We are located in the city center\" description_1=\"Porro nemo veniam necessitatibus praesentium eligendi rem temporibus adipisci quo modi numquam.\" title_2=\"Fresh ingredients from organic farms\" description_2=\"Porro nemo veniam necessitatibus praesentium eligendi rem temporibus adipisci quo modi numquam.\" title_3=\"Own fast delivery. 30 min Maximum\" description_3=\"Porro nemo veniam necessitatibus praesentium eligendi rem temporibus adipisci quo modi numquam.\" title_4=\"Professional, experienced chefs\" description_4=\"Porro nemo veniam necessitatibus praesentium eligendi rem temporibus adipisci quo modi numquam.\" title_5=\"The highest standards of service\" description_5=\"Porro nemo veniam necessitatibus praesentium eligendi rem temporibus adipisci quo modi numquam.\"][/features]</div><div>[products-list title=\"Most popular dishes\" subtitle=\"A great platform to buy, sell and rent your properties without any agent or commissions.\" type=\"trending\" style=\"slide\" items_per_row=\"3\" limit=\"5\" footer_style=\"rating\" button_label=\"Shop now\" button_url=\"/shop-2\" button_icon=\"general/menu.png\"][/products-list]</div><div>[testimonials title=\"Reviews about us\" description=\"Consectetur numquam poro nemo veniam eligendi rem adipisci quo modi.\" limit=\"5\" button_url=\"#\" button_label=\"All reviews\" button_icon=\"general/dialog.png\"][/testimonials]</div><div>[call-to-action title=\"Free delivery service.\" description=\"Consectetur numquam poro nemo veniam eligendi rem adipisci quo modi.\" image=\"illustrations/delivery.png\" button_primary_url=\"#\" button_primary_label=\"Order delivery\" button_primary_icon=\"general/cart.png\" button_secondary_url=\"#\" button_secondary_label=\"Menu\" button_secondary_icon=\"general/menu.png\"][/call-to-action]</div>',1,NULL,'homepage','','published','2023-07-02 19:58:38','2023-07-02 19:58:38'),(3,'Homepage 3','<div>[featured-categories category_ids=\"1,2,3,4\" style=\"1\"][/featured-categories]</div><div>[products-list title=\"Most popular dishes\" subtitle=\"Consectetur numquam poro nemo veniam eligendi rem adipisci quo modi.\" type=\"trending\" style=\"slide\" items_per_row=\"4\" limit=\"6\" footer_style=\"add-to-cart\" button_label=\"Shop now\" button_url=\"/shop-1\" button_icon=\"general/arrow.png\"][/products-list]</div><div>[products-list title=\"Our Bestsellers\" subtitle=\"Consectetur numquam poro nemo veniam eligendi rem adipisci quo modi.\" type=\"feature\" style=\"slide\" items_per_row=\"4\" limit=\"6\" footer_style=\"add-to-cart\" button_label=\"View all\" button_url=\"/shop-1\" button_icon=\"general/arrow.png\"][/products-list]</div><div>[team title=\"They will cook for you\" subtitle=\"Consectetur numquam poro nemo veniam eligendi rem adipisci quo modi.\" team_ids=\"1,2,3,4\" limit=\"4\" button_label=\"More about us\" button_icon=\"general/arrow.png\"][/team]</div><div>[promo title_left=\"-50%\" subtitle_left=\"Discount for all* burgers!\" description_left=\"*Et modi itaque praesentium.\" image_left=\"illustrations/burger.png\" button_label_left=\"Get it now\" button_url_left=\"/products\" title_right=\"Visit Starbelly and get your coffee*\" subtitle_right=\"For free!\" description_right=\"*Et modi itaque praesentium.\" image_right=\"illustrations/cup.png\" button_label_right=\"Get it now\" button_url_right=\"#\"][/promo]</div>',1,NULL,'default','','published','2023-07-02 19:58:38','2023-07-02 19:58:38'),(4,'Homepage 4','<div>[featured-categories category_ids=\"1,2,3,4\" style=\"2\"][/featured-categories]</div><div>[products-list title=\"Most popular dishes\" subtitle=\"Consecrate numeral port nemo venial diligent rem disciple quo mod.\" type=\"feature\" style=\"slide\" items_per_row=\"3\" limit=\"6\" footer_style=\"add-to-cart\" button_label=\"View all\" button_url=\"#\" button_icon=\"general/arrow.png\"][/products-list]</div><div>[call-to-action title=\"-50% Discount for all* burgers!\" description=\"*Consectetur numquam poro nemo veniam eligendi rem adipisci quo modi.\" image=\"illustrations/burger-2.png\" style_image=\"product\" button_primary_url=\"#\" button_primary_label=\"Get it now!\" button_primary_icon=\"general/cart.png\" button_secondary_url=\"#\" button_secondary_label=\"Menu\" button_secondary_icon=\"general/menu.png\"][/call-to-action]</div><div>[products-list title=\"Our Bestsellers\" subtitle=\"Consectetur numquam poro nemo veniam eligendi rem adipisci quo modi.\" type=\"trending\" style=\"slide\" items_per_row=\"3\" limit=\"6\" footer_style=\"add-to-cart\" button_label=\"View all\" button_url=\"#\" button_icon=\"general/arrow.png\"][/products-list]</div><div>[team title=\"They will cook for you\" subtitle=\"Consecrate numeral port nemo venial diligent rem disciple quo mod.\" team_ids=\"1,2,3\" button_label=\"More about us\" button_url=\"/about-us\" button_icon=\"general/arrow.png\"][/team]</div><div>[call-to-action title=\"Free delivery service.\" description=\"Consectetur numquam poro nemo veniam eligendi rem adipisci quo modi.\" image=\"illustrations/delivery.png\" button_primary_url=\"#\" button_primary_label=\"Order delivery\" button_primary_icon=\"general/cart.png\" button_secondary_url=\"/shop-1\" button_secondary_label=\"Menu\" button_secondary_icon=\"general/menu.png\"][/call-to-action]</div>',1,NULL,'default','','published','2023-07-02 19:58:38','2023-07-02 19:58:38'),(5,'About Us','<div>[about-text image=\"blog/post-3.jpg\" experience_year=\"17\" experience_text=\"Years Experience\" title=\"We are doing more than you expect\" text=\"Faudantium magnam error temporibus ipsam aliquid neque quibusdam dolorum, quia ea numquam assumenda mollitia dolorem impedit. Voluptate at quis exercitationem officia temporibus adipisci quae totam enim dolorum, assumenda. Sapiente soluta nostrum reprehenderit a velit obcaecati facilis vitae magnam tenetur neque vel itaque inventore eaque explicabo commodi maxime! Aliquam quasi, voluptates odio. Consectetur adipisicing elit. <br><br> Cupiditate nesciunt amet facilis numquam, nam adipisci qui voluptate voluptas enim obcaecati veritatis animi nulla, mollitia commodi quaerat ex, autem ea laborum.\" text_image=\"general/signature.png\"][/about-text]</div><div>[features title_1=\"We are located in the city center\" description_1=\"Porro nemo veniam necessitatibus praesentium eligendi rem temporibus adipisci quo modi numquam.\" title_2=\"Fresh ingredients from organic farms\" description_2=\"Porro nemo veniam necessitatibus praesentium eligendi rem temporibus adipisci quo modi numquam.\" title_3=\"Own fast delivery. 30 min Maximum\" description_3=\"Porro nemo veniam necessitatibus praesentium eligendi rem temporibus adipisci quo modi numquam.\" title_4=\"Professional, experienced chefs\" description_4=\"Porro nemo veniam necessitatibus praesentium eligendi rem temporibus adipisci quo modi numquam.\" title_5=\"The highest standards of service\" description_5=\"Porro nemo veniam necessitatibus praesentium eligendi rem temporibus adipisci quo modi numquam.\"][/features]</div><div>[video badge_text=&quot;Promo video&quot; title=&quot;Restaurant is like a theater. &lt;br&gt;Our task is to amaze you!&quot; description=&quot;Repellat, dolorem a. Qui ipsam quos, obcaecati mollitia consectetur ad vero minus neque sit architecto totam distineserunt pariatur adipisci rem aspernatur illum ex!&quot; video_thumbnail=&quot;illustrations/interior-2.jpg&quot; video_url=&quot;https://www.youtube.com/watch?v=F3zw1Gvn4Mk&quot; play_button_label=&quot;Promo video&quot;][/video]</div><div>[team title=\"They will cook for you\" subtitle=\"Consecrate numeral port nemo venial diligent rem disciple quo mod.\" team_ids=\"1,2,3,4\" button_label=\"View Shop\" button_icon=\"general/menu.png\" button_url=\"/shop-2\"][/team]</div><div>[testimonials title=\"Reviews about us\" description=\"Consectetur numquam poro nemo veniam eligendi rem adipisci quo modi.\" limit=\"5\" button_url=\"reviews\" button_label=\"All reviews\" button_icon=\"general/dialog.png\"][/testimonials]</div><div>[call-to-action title=\"Free delivery service.\" description=\"Consectetur numquam poro nemo veniam eligendi rem adipisci quo modi.\" image=\"illustrations/delivery.png\" button_primary_url=\"#\" button_primary_label=\"Order delivery\" button_primary_icon=\"general/cart.png\" button_secondary_url=\"#\" button_secondary_label=\"Menu\" button_secondary_icon=\"general/menu.png\"][/call-to-action]</div>',1,NULL,'default','','published','2023-07-02 19:58:38','2023-07-02 19:58:38'),(6,'About Us 2','<div>[about-text image=\"blog/post-3.jpg\" experience_year=\"17\" experience_text=\"Years Experience\" title=\"We are doing more than you expect\" text=\"Faudantium magnam error temporibus ipsam aliquid neque quibusdam dolorum, quia ea numquam assumenda mollitia dolorem impedit. Voluptate at quis exercitationem officia temporibus adipisci quae totam enim dolorum, assumenda. Sapiente soluta nostrum reprehenderit a velit obcaecati facilis vitae magnam tenetur neque vel itaque inventore eaque explicabo commodi maxime! Aliquam quasi, voluptates odio. Consectetur adipisicing elit. <br><br> Cupiditate nesciunt amet facilis numquam, nam adipisci qui voluptate voluptas enim obcaecati veritatis animi nulla, mollitia commodi quaerat ex, autem ea laborum.\" text_image=\"general/signature.png\"][/about-text]</div><div>[features title_1=\"We are located in the city center\" description_1=\"Porro nemo veniam necessitatibus praesentium eligendi rem temporibus adipisci quo modi numquam.\" title_2=\"Fresh ingredients from organic farms\" description_2=\"Porro nemo veniam necessitatibus praesentium eligendi rem temporibus adipisci quo modi numquam.\" title_3=\"Own fast delivery. 30 min Maximum\" description_3=\"Porro nemo veniam necessitatibus praesentium eligendi rem temporibus adipisci quo modi numquam.\" title_4=\"Professional, experienced chefs\" description_4=\"Porro nemo veniam necessitatibus praesentium eligendi rem temporibus adipisci quo modi numquam.\" title_5=\"The highest standards of service\" description_5=\"Porro nemo veniam necessitatibus praesentium eligendi rem temporibus adipisci quo modi numquam.\"][/features]</div><div>[video badge_text=&quot;Promo video&quot; title=&quot;Restaurant is like a theater. &lt;br&gt;Our task is to amaze you!&quot; description=&quot;Repellat, dolorem a. Qui ipsam quos, obcaecati mollitia consectetur ad vero minus neque sit architecto totam distineserunt pariatur adipisci rem aspernatur illum ex!&quot; video_thumbnail=&quot;illustrations/interior-2.jpg&quot; video_url=&quot;https://www.youtube.com/watch?v=F3zw1Gvn4Mk&quot; play_button_label=&quot;Promo video&quot;][/video]</div><div>[team title=\"They will cook for you\" subtitle=\"Consecrate numeral port nemo venial diligent rem disciple quo mod.\" team_ids=\"1,2,3,4\" limit=\"3\" button_label=\"View Shop\" button_icon=\"general/menu.png\" button_url=\"/shop-2\"][/team]</div><div>[testimonials title=\"Reviews about us\" description=\"Consectetur numquam poro nemo veniam eligendi rem adipisci quo modi.\" limit=\"5\" button_url=\"#\" button_label=\"All reviews\" button_icon=\"general/dialog.png\"][/testimonials]</div><div>[apps-download title=\"Download our mobile app.\" subtitle=\"Consecrate numeral port nemo venial diligent rem disciple quo mod.\" image=\"backgrounds/phones.png\" platform_button_image_1=\"platforms/android.png\" platform_url_1=\"#\" platform_button_image_2=\"platforms/ios.png\" platform_url_2=\"#\"][/apps-download]</div>',1,NULL,'default','','published','2023-07-02 19:58:38','2023-07-02 19:58:38'),(7,'Blog style 1','<div>[blog-posts style=\"2\" title=\"Latest publications\" description=\"Below is the latest news from us. We get regularly updated from reliable sources.\"][/blog-posts]</div><div>[blog-footer widget=\"blog-footer\"][/blog-footer]</div>',1,NULL,'default','','published','2023-07-02 19:58:38','2023-07-02 19:58:38'),(8,'Blog style 2','<div>[blog-posts style=\"3\" title=\"Latest publications\" description=\"Below is the latest news from us. We get regularly updated from reliable sources.\"][/blog-posts]</div><div>[blog-footer widget=\"blog-footer\"][/blog-footer]</div>',1,NULL,'default','','published','2023-07-02 19:58:38','2023-07-02 19:58:38'),(9,'Gallery 1','<div>[galleries-list per_page=\"8\" style=\"1\"][/galleries-list]</div>',1,NULL,'default','','published','2023-07-02 19:58:38','2023-07-02 19:58:38'),(10,'Gallery 2','<div>[galleries-list per_page=\"8\" style=\"2\"][/galleries-list]</div>',1,NULL,'default','','published','2023-07-02 19:58:38','2023-07-02 19:58:38'),(11,'Reviews','<div>[testimonials-list][/testimonials-list]</div><div>[apps-download title=\"Download our mobile app.\" subtitle=\"Consecrate numeral port nemo venial diligent rem disciple quo mod.\" image=\"backgrounds/phones.png\" platform_button_image_1=\"platforms/android.png\" platform_url_1=\"#\" platform_button_image_2=\"platforms/ios.png\" platform_url_2=\"#\"][/apps-download]</div>',1,NULL,'default','','published','2023-07-02 19:58:39','2023-07-02 19:58:39'),(12,'FAQs','<div>[faqs categories=\"1,2,3,4\"][/faqs]</div><div>[apps-download title=\"Download our mobile app.\" subtitle=\"Consecrate numeral port nemo venial diligent rem disciple quo mod.\" image=\"backgrounds/phones.png\" platform_button_image_1=\"platforms/android.png\" platform_url_1=\"#\" platform_button_image_2=\"platforms/ios.png\" platform_url_2=\"#\"][/apps-download]</div>',1,NULL,'default','','published','2023-07-02 19:58:39','2023-07-02 19:58:39'),(13,'Shop list 1','<div>[products-list type=\"all\" style=\"static\" items_per_row=\"4\" per_page=\"16\" footer_style=\"rating\"][/products-list]</div><div>[promo title_left=\"-50%\" subtitle_left=\"Discount for all* burgers!\" description_left=\"*Et modi itaque praesentium.\" image_left=\"illustrations/burger.png\" button_label_left=\"Get it now\" button_url_left=\"/products\" title_right=\"Visit Starbelly and get your coffee*\" subtitle_right=\"For free!\" description_right=\"*Et modi itaque praesentium.\" image_right=\"illustrations/cup.png\" button_label_right=\"Get it now\" button_url_right=\"#\"][/promo]</div>',1,NULL,'default','','published','2023-07-02 19:58:39','2023-07-02 19:58:39'),(14,'Shop list 2','<div>[products-list type=\"all\" style=\"static\" items_per_row=\"3\" per_page=\"15\" footer_style=\"add-to-cart\"][/products-list]</div><div>[call-to-action title=\"-50% Discount for all* burgers!\" description=\"*Consectetur numquam poro nemo veniam eligendi rem adipisci quo modi.\" image=\"illustrations/burger-2.png\" style_image=\"product\" button_primary_url=\"#\" button_primary_label=\"Get it now!\" button_primary_icon=\"general/cart.png\" button_secondary_url=\"#\" button_secondary_label=\"Menu\" button_secondary_icon=\"general/menu.png\"][/call-to-action]</div>',1,NULL,'default','','published','2023-07-02 19:58:39','2023-07-02 19:58:39'),(15,'Contact','<div>[contact-form title=\"Get in Touch with Starbelly\" subtitle=\"Consectetur numquam poro nemo veniam eligendi rem adipisci quo modi.\" image_primary=\"illustrations/envelope-1.png\" image_secondary=\"illustrations/envelope-2.png\"][/contact-form]</div><div>[contact-information title_1=\"Welcome\" description_1=\"Montréal, 1510 Rue Sauvé\" title_2=\"Call\" description_2=\"+02 (044) 756-X6-52\" title_3=\"Write\" description_3=\"starbelly@mail.com\"][/contact-information]</div><div>[google-map]Montréal, 1510 Rue Sauvé[/google-map]</div>',1,NULL,'homepage','','published','2023-07-02 19:58:39','2023-07-02 19:58:39');
/*!40000 ALTER TABLE `pages` ENABLE KEYS */;
UNLOCK TABLES;

--
-- Table structure for table `pages_translations`
--

DROP TABLE IF EXISTS `pages_translations`;
/*!40101 SET @saved_cs_client     = @@character_set_client */;
/*!50503 SET character_set_client = utf8mb4 */;
CREATE TABLE `pages_translations` (
  `lang_code` varchar(191) COLLATE utf8mb4_unicode_ci NOT NULL,
  `pages_id` bigint unsigned NOT NULL,
  `name` varchar(255) COLLATE utf8mb4_unicode_ci DEFAULT NULL,
  `description` varchar(400) COLLATE utf8mb4_unicode_ci DEFAULT NULL,
  `content` longtext COLLATE utf8mb4_unicode_ci,
  PRIMARY KEY (`lang_code`,`pages_id`)
) ENGINE=InnoDB DEFAULT CHARSET=utf8mb4 COLLATE=utf8mb4_unicode_ci;
/*!40101 SET character_set_client = @saved_cs_client */;

--
-- Dumping data for table `pages_translations`
--

LOCK TABLES `pages_translations` WRITE;
/*!40000 ALTER TABLE `pages_translations` DISABLE KEYS */;
/*!40000 ALTER TABLE `pages_translations` ENABLE KEYS */;
UNLOCK TABLES;

--
-- Table structure for table `password_reset_tokens`
--

DROP TABLE IF EXISTS `password_reset_tokens`;
/*!40101 SET @saved_cs_client     = @@character_set_client */;
/*!50503 SET character_set_client = utf8mb4 */;
CREATE TABLE `password_reset_tokens` (
  `email` varchar(191) COLLATE utf8mb4_unicode_ci NOT NULL,
  `token` varchar(191) COLLATE utf8mb4_unicode_ci NOT NULL,
  `created_at` timestamp NULL DEFAULT NULL,
  PRIMARY KEY (`email`)
) ENGINE=InnoDB DEFAULT CHARSET=utf8mb4 COLLATE=utf8mb4_unicode_ci;
/*!40101 SET character_set_client = @saved_cs_client */;

--
-- Dumping data for table `password_reset_tokens`
--

LOCK TABLES `password_reset_tokens` WRITE;
/*!40000 ALTER TABLE `password_reset_tokens` DISABLE KEYS */;
/*!40000 ALTER TABLE `password_reset_tokens` ENABLE KEYS */;
UNLOCK TABLES;

--
-- Table structure for table `payments`
--

DROP TABLE IF EXISTS `payments`;
/*!40101 SET @saved_cs_client     = @@character_set_client */;
/*!50503 SET character_set_client = utf8mb4 */;
CREATE TABLE `payments` (
  `id` bigint unsigned NOT NULL AUTO_INCREMENT,
  `currency` varchar(120) CHARACTER SET utf8mb4 COLLATE utf8mb4_unicode_ci DEFAULT NULL,
  `user_id` bigint unsigned NOT NULL DEFAULT '0',
  `charge_id` varchar(255) CHARACTER SET utf8mb4 COLLATE utf8mb4_unicode_ci DEFAULT NULL,
  `payment_channel` varchar(60) COLLATE utf8mb4_unicode_ci DEFAULT NULL,
  `description` varchar(255) COLLATE utf8mb4_unicode_ci DEFAULT NULL,
  `amount` decimal(15,2) unsigned NOT NULL,
  `order_id` bigint unsigned DEFAULT NULL,
  `status` varchar(60) COLLATE utf8mb4_unicode_ci DEFAULT 'pending',
  `payment_type` varchar(191) COLLATE utf8mb4_unicode_ci DEFAULT 'confirm',
  `customer_id` bigint unsigned DEFAULT NULL,
  `refunded_amount` decimal(15,2) unsigned DEFAULT NULL,
  `refund_note` varchar(255) COLLATE utf8mb4_unicode_ci DEFAULT NULL,
  `created_at` timestamp NULL DEFAULT NULL,
  `updated_at` timestamp NULL DEFAULT NULL,
  `customer_type` varchar(255) COLLATE utf8mb4_unicode_ci DEFAULT NULL,
  `metadata` mediumtext CHARACTER SET utf8mb4 COLLATE utf8mb4_unicode_ci,
  PRIMARY KEY (`id`)
) ENGINE=InnoDB AUTO_INCREMENT=21 DEFAULT CHARSET=utf8mb4 COLLATE=utf8mb4_unicode_ci;
/*!40101 SET character_set_client = @saved_cs_client */;

--
-- Dumping data for table `payments`
--

LOCK TABLES `payments` WRITE;
/*!40000 ALTER TABLE `payments` DISABLE KEYS */;
INSERT INTO `payments` VALUES (1,'USD',0,'JSOYGQSCCS','sslcommerz',NULL,71.00,1,'completed','confirm',5,NULL,NULL,'2023-07-02 19:58:46','2023-07-02 19:58:46','Botble\\Ecommerce\\Models\\Customer',NULL),(2,'USD',0,'OZY5VRIS95','cod',NULL,425.00,2,'pending','confirm',1,NULL,NULL,'2023-07-02 19:58:46','2023-07-02 19:58:46','Botble\\Ecommerce\\Models\\Customer',NULL),(3,'USD',0,'JHJYWR8IYL','sslcommerz',NULL,187.00,3,'completed','confirm',7,NULL,NULL,'2023-07-02 19:58:46','2023-07-02 19:58:46','Botble\\Ecommerce\\Models\\Customer',NULL),(4,'USD',0,'GPHBEHKNQY','cod',NULL,211.00,4,'pending','confirm',1,NULL,NULL,'2023-07-02 19:58:46','2023-07-02 19:58:46','Botble\\Ecommerce\\Models\\Customer',NULL),(5,'USD',0,'TDCGGDQZAN','bank_transfer',NULL,154.00,5,'pending','confirm',6,NULL,NULL,'2023-07-02 19:58:46','2023-07-02 19:58:46','Botble\\Ecommerce\\Models\\Customer',NULL),(6,'USD',0,'MGRBN9H4YN','razorpay',NULL,164.00,6,'completed','confirm',5,NULL,NULL,'2023-07-02 19:58:46','2023-07-02 19:58:46','Botble\\Ecommerce\\Models\\Customer',NULL),(7,'USD',0,'B8X3ZLYCIV','cod',NULL,113.00,7,'pending','confirm',2,NULL,NULL,'2023-07-02 19:58:46','2023-07-02 19:58:46','Botble\\Ecommerce\\Models\\Customer',NULL),(8,'USD',0,'FIWMDRHMCZ','stripe',NULL,205.00,8,'completed','confirm',2,NULL,NULL,'2023-07-02 19:58:46','2023-07-02 19:58:46','Botble\\Ecommerce\\Models\\Customer',NULL),(9,'USD',0,'ZOFLY1EMFX','sslcommerz',NULL,127.00,9,'completed','confirm',2,NULL,NULL,'2023-07-02 19:58:46','2023-07-02 19:58:46','Botble\\Ecommerce\\Models\\Customer',NULL),(10,'USD',0,'QMT3UAM4RL','sslcommerz',NULL,186.00,10,'completed','confirm',2,NULL,NULL,'2023-07-02 19:58:46','2023-07-02 19:58:46','Botble\\Ecommerce\\Models\\Customer',NULL),(11,'USD',0,'P0NBLOOKLB','stripe',NULL,359.00,11,'completed','confirm',4,NULL,NULL,'2023-07-02 19:58:46','2023-07-02 19:58:46','Botble\\Ecommerce\\Models\\Customer',NULL),(12,'USD',0,'3DDBAQX12O','stripe',NULL,294.00,12,'completed','confirm',4,NULL,NULL,'2023-07-02 19:58:46','2023-07-02 19:58:46','Botble\\Ecommerce\\Models\\Customer',NULL),(13,'USD',0,'P4OXGGNDLF','paystack',NULL,155.00,13,'completed','confirm',5,NULL,NULL,'2023-07-02 19:58:46','2023-07-02 19:58:46','Botble\\Ecommerce\\Models\\Customer',NULL),(14,'USD',0,'RJKTLEYFC3','paystack',NULL,180.00,14,'completed','confirm',6,NULL,NULL,'2023-07-02 19:58:46','2023-07-02 19:58:46','Botble\\Ecommerce\\Models\\Customer',NULL),(15,'USD',0,'4SPR1HSO0Z','sslcommerz',NULL,130.00,15,'completed','confirm',8,NULL,NULL,'2023-07-02 19:58:46','2023-07-02 19:58:46','Botble\\Ecommerce\\Models\\Customer',NULL),(16,'USD',0,'91VIAG6DBN','paystack',NULL,106.00,16,'completed','confirm',5,NULL,NULL,'2023-07-02 19:58:46','2023-07-02 19:58:46','Botble\\Ecommerce\\Models\\Customer',NULL),(17,'USD',0,'L2PDZIOSZ7','stripe',NULL,285.00,17,'completed','confirm',1,NULL,NULL,'2023-07-02 19:58:46','2023-07-02 19:58:46','Botble\\Ecommerce\\Models\\Customer',NULL),(18,'USD',0,'OFG0GOYHI9','bank_transfer',NULL,253.00,18,'pending','confirm',8,NULL,NULL,'2023-07-02 19:58:46','2023-07-02 19:58:46','Botble\\Ecommerce\\Models\\Customer',NULL),(19,'USD',0,'AX6VXRXAJL','sslcommerz',NULL,350.00,19,'completed','confirm',4,NULL,NULL,'2023-07-02 19:58:46','2023-07-02 19:58:46','Botble\\Ecommerce\\Models\\Customer',NULL),(20,'USD',0,'6WGSCHWOW0','stripe',NULL,89.00,20,'completed','confirm',8,NULL,NULL,'2023-07-02 19:58:46','2023-07-02 19:58:46','Botble\\Ecommerce\\Models\\Customer',NULL);
/*!40000 ALTER TABLE `payments` ENABLE KEYS */;
UNLOCK TABLES;

--
-- Table structure for table `personal_access_tokens`
--

DROP TABLE IF EXISTS `personal_access_tokens`;
/*!40101 SET @saved_cs_client     = @@character_set_client */;
/*!50503 SET character_set_client = utf8mb4 */;
CREATE TABLE `personal_access_tokens` (
  `id` bigint unsigned NOT NULL AUTO_INCREMENT,
  `tokenable_type` varchar(191) COLLATE utf8mb4_unicode_ci NOT NULL,
  `tokenable_id` bigint unsigned NOT NULL,
  `name` varchar(191) COLLATE utf8mb4_unicode_ci NOT NULL,
  `token` varchar(64) COLLATE utf8mb4_unicode_ci NOT NULL,
  `abilities` text COLLATE utf8mb4_unicode_ci,
  `last_used_at` timestamp NULL DEFAULT NULL,
  `expires_at` timestamp NULL DEFAULT NULL,
  `created_at` timestamp NULL DEFAULT NULL,
  `updated_at` timestamp NULL DEFAULT NULL,
  PRIMARY KEY (`id`),
  UNIQUE KEY `personal_access_tokens_token_unique` (`token`),
  KEY `personal_access_tokens_tokenable_type_tokenable_id_index` (`tokenable_type`,`tokenable_id`)
) ENGINE=InnoDB DEFAULT CHARSET=utf8mb4 COLLATE=utf8mb4_unicode_ci;
/*!40101 SET character_set_client = @saved_cs_client */;

--
-- Dumping data for table `personal_access_tokens`
--

LOCK TABLES `personal_access_tokens` WRITE;
/*!40000 ALTER TABLE `personal_access_tokens` DISABLE KEYS */;
/*!40000 ALTER TABLE `personal_access_tokens` ENABLE KEYS */;
UNLOCK TABLES;

--
-- Table structure for table `post_categories`
--

DROP TABLE IF EXISTS `post_categories`;
/*!40101 SET @saved_cs_client     = @@character_set_client */;
/*!50503 SET character_set_client = utf8mb4 */;
CREATE TABLE `post_categories` (
  `category_id` bigint unsigned NOT NULL,
  `post_id` bigint unsigned NOT NULL,
  KEY `post_categories_category_id_index` (`category_id`),
  KEY `post_categories_post_id_index` (`post_id`)
) ENGINE=InnoDB DEFAULT CHARSET=utf8mb4 COLLATE=utf8mb4_unicode_ci;
/*!40101 SET character_set_client = @saved_cs_client */;

--
-- Dumping data for table `post_categories`
--

LOCK TABLES `post_categories` WRITE;
/*!40000 ALTER TABLE `post_categories` DISABLE KEYS */;
INSERT INTO `post_categories` VALUES (1,1),(6,1),(4,2),(7,2),(2,3),(5,3),(2,4),(5,4),(3,5),(5,5),(1,6),(7,6),(1,7),(7,7),(4,8),(5,8),(4,9),(7,9),(3,10),(6,10),(2,11),(7,11),(4,12),(7,12),(1,13),(7,13),(2,14),(6,14),(1,15),(7,15),(4,16),(5,16);
/*!40000 ALTER TABLE `post_categories` ENABLE KEYS */;
UNLOCK TABLES;

--
-- Table structure for table `post_tags`
--

DROP TABLE IF EXISTS `post_tags`;
/*!40101 SET @saved_cs_client     = @@character_set_client */;
/*!50503 SET character_set_client = utf8mb4 */;
CREATE TABLE `post_tags` (
  `tag_id` bigint unsigned NOT NULL,
  `post_id` bigint unsigned NOT NULL,
  KEY `post_tags_tag_id_index` (`tag_id`),
  KEY `post_tags_post_id_index` (`post_id`)
) ENGINE=InnoDB DEFAULT CHARSET=utf8mb4 COLLATE=utf8mb4_unicode_ci;
/*!40101 SET character_set_client = @saved_cs_client */;

--
-- Dumping data for table `post_tags`
--

LOCK TABLES `post_tags` WRITE;
/*!40000 ALTER TABLE `post_tags` DISABLE KEYS */;
INSERT INTO `post_tags` VALUES (1,1),(2,1),(3,1),(4,1),(5,1),(1,2),(2,2),(3,2),(4,2),(5,2),(1,3),(2,3),(3,3),(4,3),(5,3),(1,4),(2,4),(3,4),(4,4),(5,4),(1,5),(2,5),(3,5),(4,5),(5,5),(1,6),(2,6),(3,6),(4,6),(5,6),(1,7),(2,7),(3,7),(4,7),(5,7),(1,8),(2,8),(3,8),(4,8),(5,8),(1,9),(2,9),(3,9),(4,9),(5,9),(1,10),(2,10),(3,10),(4,10),(5,10),(1,11),(2,11),(3,11),(4,11),(5,11),(1,12),(2,12),(3,12),(4,12),(5,12),(1,13),(2,13),(3,13),(4,13),(5,13),(1,14),(2,14),(3,14),(4,14),(5,14),(1,15),(2,15),(3,15),(4,15),(5,15),(1,16),(2,16),(3,16),(4,16),(5,16);
/*!40000 ALTER TABLE `post_tags` ENABLE KEYS */;
UNLOCK TABLES;

--
-- Table structure for table `posts`
--

DROP TABLE IF EXISTS `posts`;
/*!40101 SET @saved_cs_client     = @@character_set_client */;
/*!50503 SET character_set_client = utf8mb4 */;
CREATE TABLE `posts` (
  `id` bigint unsigned NOT NULL AUTO_INCREMENT,
  `name` varchar(255) COLLATE utf8mb4_unicode_ci NOT NULL,
  `description` varchar(400) COLLATE utf8mb4_unicode_ci DEFAULT NULL,
  `content` longtext COLLATE utf8mb4_unicode_ci,
  `status` varchar(60) COLLATE utf8mb4_unicode_ci NOT NULL DEFAULT 'published',
  `author_id` bigint unsigned NOT NULL,
  `author_type` varchar(255) CHARACTER SET utf8mb4 COLLATE utf8mb4_unicode_ci NOT NULL DEFAULT 'Botble\\ACL\\Models\\User',
  `is_featured` tinyint unsigned NOT NULL DEFAULT '0',
  `image` varchar(255) COLLATE utf8mb4_unicode_ci DEFAULT NULL,
  `views` int unsigned NOT NULL DEFAULT '0',
  `format_type` varchar(30) COLLATE utf8mb4_unicode_ci DEFAULT NULL,
  `created_at` timestamp NULL DEFAULT NULL,
  `updated_at` timestamp NULL DEFAULT NULL,
  PRIMARY KEY (`id`),
  KEY `status` (`status`),
  KEY `author_id` (`author_id`),
  KEY `author_type` (`author_type`),
  KEY `created_at` (`created_at`)
) ENGINE=InnoDB AUTO_INCREMENT=17 DEFAULT CHARSET=utf8mb4 COLLATE=utf8mb4_unicode_ci;
/*!40101 SET character_set_client = @saved_cs_client */;

--
-- Dumping data for table `posts`
--

LOCK TABLES `posts` WRITE;
/*!40000 ALTER TABLE `posts` DISABLE KEYS */;
INSERT INTO `posts` VALUES (1,'The Top 2020 Handbag Trends to Know','Soup! Who cares for fish, Game, or any other dish? Who would not open any of them. \'I\'m sure I\'m not looking for eggs, as it didn\'t sound at all the things get used up.\' \'But what did the archbishop.','<p>Fretful human far recklessly while caterpillar well a well blubbered added one a some far whispered rampantly whispered while irksome far clung irrespective wailed more rosily and where saluted while black dear so yikes as considering recast to some crass until.</p><p>[youtube-video]https://www.youtube.com/watch?v=SlPhMPnQ58k[/youtube-video]</p><hr class=\"wp-block-separator is-style-dots\">\n<p>Thanks sniffed in hello after in foolhardy and some far purposefully much one at the much conjointly leapt skimpily\n    that quail sheep some goodness <a href=\"#\">nightingale</a> the instead exited expedient up far ouch mellifluous\n    altruistic and and lighted more instead much when ferret but the.</p>\n<figure class=\"wp-block-gallery columns-3 wp-block-image\">\n    <ul class=\"blocks-gallery-grid\">\n        <li class=\"blocks-gallery-item\">\n            <a href=\"#\">\n                <img class=\"border-radius-5\" src=\"https://demos.alithemes.com/html/stories/demo/assets/imgs/news/thumb-2.jpg\">\n            </a>\n        </li>\n        <li class=\"blocks-gallery-item\">\n            <a href=\"#\">\n                <img class=\"border-radius-5\" src=\"https://demos.alithemes.com/html/stories/demo/assets/imgs/news/thumb-3.jpg\">\n            </a>\n        </li>\n        <li class=\"blocks-gallery-item\">\n            <a href=\"#\">\n                <img class=\"border-radius-5\" src=\"https://demos.alithemes.com/html/stories/demo/assets/imgs/news/thumb-4.jpg\">\n            </a>\n        </li>\n    </ul>\n    <figcaption><i class=\"ti-credit-card mr-5\"></i>Image credit: Behance</figcaption>\n</figure>\n<hr>\n<p>Yet more some certainly yet alas abandonedly whispered <a href=\"#\">intriguingly</a><sup><a href=\"#\">[2]</a></sup>\n    well extensive one howled talkative admonishingly below a rethought overlaid dear gosh activated less <a href=\"#\">however</a>\n    hawk yet oh scratched ostrich some outside crud irrespective lightheartedly and much far amenably that the elephant\n    since when.</p>\n<h2>The Guitar Legends</h2>\n<p>Furrowed this in the upset <a href=\"#\">some across</a><sup><a href=\"#\">[3]</a></sup> tiger oh loaded house gosh\n    whispered <a href=\"#\">faltering alas</a><sup><a href=\"#\">[4]</a></sup> ouch cuckoo coward in scratched undid\n    together bit fumblingly so besides salamander heron during the jeepers hello fitting jauntily much smoothly\n    globefish darn blessedly far so along bluebird leopard and.</p>\n<blockquote>\n    <p>Integer eu faucibus <a href=\"#\">dolor</a><sup><a href=\"#\">[5]</a></sup>. Ut venenatis tincidunt diam elementum\n        imperdiet. Etiam accumsan semper nisl eu congue. Sed aliquam magna erat, ac eleifend lacus rhoncus in.</p>\n</blockquote>\n<p>Fretful human far recklessly while caterpillar well a well blubbered added one a some far whispered rampantly\n    whispered while irksome far clung irrespective wailed more rosily and where saluted while black dear so yikes as\n    considering recast to some crass until cow much less and rakishly overdrew consistent for by responsible oh one\n    hypocritical less bastard hey oversaw zebra browbeat a well.</p>\n<h3>Getting Crypto Rich</h3>\n<hr class=\"wp-block-separator is-style-wide\">\n<div class=\"wp-block-image\">\n    <figure class=\"alignleft is-resized\">\n        <img class=\"border-radius-5\" src=\"https://demos.alithemes.com/html/stories/demo/assets/imgs/news/thumb-11.jpg\">\n    </figure>\n</div>\n<p>And far contrary smoked some contrary among stealthy engagingly suspiciously a cockatoo far circa sank dully lewd\n    slick cracked llama the much gecko yikes more squirrel sniffed this and the the much within uninhibited this\n    abominable a blubbered overdid foresaw through alas the pessimistic.</p>\n<p>Gosh jaguar ostrich quail one excited dear hello and bound and the and bland moral misheard roadrunner flapped lynx\n    far that and jeepers giggled far and far bald that roadrunner python inside held shrewdly the manatee.</p>\n<br>\n<hr>\n<p>\n    Thanks sniffed in hello after in foolhardy and some far purposefully much one at the much conjointly leapt skimpily\n    that quail sheep some goodness nightingale the instead exited expedient up far ouch mellifluous altruistic and and\n    lighted more instead much when ferret but the.\n</p>\n<p>Yet more some certainly yet alas abandonedly whispered intriguingly well extensive one howled talkative admonishingly\n    below a rethought overlaid dear gosh activated less however hawk yet oh scratched ostrich some outside crud\n    irrespective lightheartedly and much far amenably that the elephant since when.</p>\n','published',2,'Botble\\ACL\\Models\\User',1,'blog/1.jpg',2645,NULL,'2023-07-02 19:58:39','2023-07-02 19:58:39'),(2,'Top Search Engine Optimization Strategies!','She pitied him deeply. \'What is it?\' The Gryphon lifted up both its paws in surprise. \'What! Never heard of one,\' said Alice, (she had kept a piece of rudeness was more than three.\' \'Your hair wants.','<p>Fretful human far recklessly while caterpillar well a well blubbered added one a some far whispered rampantly whispered while irksome far clung irrespective wailed more rosily and where saluted while black dear so yikes as considering recast to some crass until.</p><hr class=\"wp-block-separator is-style-dots\">\n<p>Thanks sniffed in hello after in foolhardy and some far purposefully much one at the much conjointly leapt skimpily\n    that quail sheep some goodness <a href=\"#\">nightingale</a> the instead exited expedient up far ouch mellifluous\n    altruistic and and lighted more instead much when ferret but the.</p>\n<figure class=\"wp-block-gallery columns-3 wp-block-image\">\n    <ul class=\"blocks-gallery-grid\">\n        <li class=\"blocks-gallery-item\">\n            <a href=\"#\">\n                <img class=\"border-radius-5\" src=\"https://demos.alithemes.com/html/stories/demo/assets/imgs/news/thumb-2.jpg\">\n            </a>\n        </li>\n        <li class=\"blocks-gallery-item\">\n            <a href=\"#\">\n                <img class=\"border-radius-5\" src=\"https://demos.alithemes.com/html/stories/demo/assets/imgs/news/thumb-3.jpg\">\n            </a>\n        </li>\n        <li class=\"blocks-gallery-item\">\n            <a href=\"#\">\n                <img class=\"border-radius-5\" src=\"https://demos.alithemes.com/html/stories/demo/assets/imgs/news/thumb-4.jpg\">\n            </a>\n        </li>\n    </ul>\n    <figcaption><i class=\"ti-credit-card mr-5\"></i>Image credit: Behance</figcaption>\n</figure>\n<hr>\n<p>Yet more some certainly yet alas abandonedly whispered <a href=\"#\">intriguingly</a><sup><a href=\"#\">[2]</a></sup>\n    well extensive one howled talkative admonishingly below a rethought overlaid dear gosh activated less <a href=\"#\">however</a>\n    hawk yet oh scratched ostrich some outside crud irrespective lightheartedly and much far amenably that the elephant\n    since when.</p>\n<h2>The Guitar Legends</h2>\n<p>Furrowed this in the upset <a href=\"#\">some across</a><sup><a href=\"#\">[3]</a></sup> tiger oh loaded house gosh\n    whispered <a href=\"#\">faltering alas</a><sup><a href=\"#\">[4]</a></sup> ouch cuckoo coward in scratched undid\n    together bit fumblingly so besides salamander heron during the jeepers hello fitting jauntily much smoothly\n    globefish darn blessedly far so along bluebird leopard and.</p>\n<blockquote>\n    <p>Integer eu faucibus <a href=\"#\">dolor</a><sup><a href=\"#\">[5]</a></sup>. Ut venenatis tincidunt diam elementum\n        imperdiet. Etiam accumsan semper nisl eu congue. Sed aliquam magna erat, ac eleifend lacus rhoncus in.</p>\n</blockquote>\n<p>Fretful human far recklessly while caterpillar well a well blubbered added one a some far whispered rampantly\n    whispered while irksome far clung irrespective wailed more rosily and where saluted while black dear so yikes as\n    considering recast to some crass until cow much less and rakishly overdrew consistent for by responsible oh one\n    hypocritical less bastard hey oversaw zebra browbeat a well.</p>\n<h3>Getting Crypto Rich</h3>\n<hr class=\"wp-block-separator is-style-wide\">\n<div class=\"wp-block-image\">\n    <figure class=\"alignleft is-resized\">\n        <img class=\"border-radius-5\" src=\"https://demos.alithemes.com/html/stories/demo/assets/imgs/news/thumb-11.jpg\">\n    </figure>\n</div>\n<p>And far contrary smoked some contrary among stealthy engagingly suspiciously a cockatoo far circa sank dully lewd\n    slick cracked llama the much gecko yikes more squirrel sniffed this and the the much within uninhibited this\n    abominable a blubbered overdid foresaw through alas the pessimistic.</p>\n<p>Gosh jaguar ostrich quail one excited dear hello and bound and the and bland moral misheard roadrunner flapped lynx\n    far that and jeepers giggled far and far bald that roadrunner python inside held shrewdly the manatee.</p>\n<br>\n<hr>\n<p>\n    Thanks sniffed in hello after in foolhardy and some far purposefully much one at the much conjointly leapt skimpily\n    that quail sheep some goodness nightingale the instead exited expedient up far ouch mellifluous altruistic and and\n    lighted more instead much when ferret but the.\n</p>\n<p>Yet more some certainly yet alas abandonedly whispered intriguingly well extensive one howled talkative admonishingly\n    below a rethought overlaid dear gosh activated less however hawk yet oh scratched ostrich some outside crud\n    irrespective lightheartedly and much far amenably that the elephant since when.</p>\n','published',2,'Botble\\ACL\\Models\\User',1,'blog/2.jpg',2799,NULL,'2023-07-02 19:58:39','2023-07-02 19:58:39'),(3,'Which Company Would You Choose?','I can say.\' This was not a VERY unpleasant state of mind, she turned the corner, but the Rabbit asked. \'No, I give you fair warning,\' shouted the Gryphon, the squeaking of the Gryphon, and the small.','<p>Fretful human far recklessly while caterpillar well a well blubbered added one a some far whispered rampantly whispered while irksome far clung irrespective wailed more rosily and where saluted while black dear so yikes as considering recast to some crass until.</p><hr class=\"wp-block-separator is-style-dots\">\n<p>Thanks sniffed in hello after in foolhardy and some far purposefully much one at the much conjointly leapt skimpily\n    that quail sheep some goodness <a href=\"#\">nightingale</a> the instead exited expedient up far ouch mellifluous\n    altruistic and and lighted more instead much when ferret but the.</p>\n<figure class=\"wp-block-gallery columns-3 wp-block-image\">\n    <ul class=\"blocks-gallery-grid\">\n        <li class=\"blocks-gallery-item\">\n            <a href=\"#\">\n                <img class=\"border-radius-5\" src=\"https://demos.alithemes.com/html/stories/demo/assets/imgs/news/thumb-2.jpg\">\n            </a>\n        </li>\n        <li class=\"blocks-gallery-item\">\n            <a href=\"#\">\n                <img class=\"border-radius-5\" src=\"https://demos.alithemes.com/html/stories/demo/assets/imgs/news/thumb-3.jpg\">\n            </a>\n        </li>\n        <li class=\"blocks-gallery-item\">\n            <a href=\"#\">\n                <img class=\"border-radius-5\" src=\"https://demos.alithemes.com/html/stories/demo/assets/imgs/news/thumb-4.jpg\">\n            </a>\n        </li>\n    </ul>\n    <figcaption><i class=\"ti-credit-card mr-5\"></i>Image credit: Behance</figcaption>\n</figure>\n<hr>\n<p>Yet more some certainly yet alas abandonedly whispered <a href=\"#\">intriguingly</a><sup><a href=\"#\">[2]</a></sup>\n    well extensive one howled talkative admonishingly below a rethought overlaid dear gosh activated less <a href=\"#\">however</a>\n    hawk yet oh scratched ostrich some outside crud irrespective lightheartedly and much far amenably that the elephant\n    since when.</p>\n<h2>The Guitar Legends</h2>\n<p>Furrowed this in the upset <a href=\"#\">some across</a><sup><a href=\"#\">[3]</a></sup> tiger oh loaded house gosh\n    whispered <a href=\"#\">faltering alas</a><sup><a href=\"#\">[4]</a></sup> ouch cuckoo coward in scratched undid\n    together bit fumblingly so besides salamander heron during the jeepers hello fitting jauntily much smoothly\n    globefish darn blessedly far so along bluebird leopard and.</p>\n<blockquote>\n    <p>Integer eu faucibus <a href=\"#\">dolor</a><sup><a href=\"#\">[5]</a></sup>. Ut venenatis tincidunt diam elementum\n        imperdiet. Etiam accumsan semper nisl eu congue. Sed aliquam magna erat, ac eleifend lacus rhoncus in.</p>\n</blockquote>\n<p>Fretful human far recklessly while caterpillar well a well blubbered added one a some far whispered rampantly\n    whispered while irksome far clung irrespective wailed more rosily and where saluted while black dear so yikes as\n    considering recast to some crass until cow much less and rakishly overdrew consistent for by responsible oh one\n    hypocritical less bastard hey oversaw zebra browbeat a well.</p>\n<h3>Getting Crypto Rich</h3>\n<hr class=\"wp-block-separator is-style-wide\">\n<div class=\"wp-block-image\">\n    <figure class=\"alignleft is-resized\">\n        <img class=\"border-radius-5\" src=\"https://demos.alithemes.com/html/stories/demo/assets/imgs/news/thumb-11.jpg\">\n    </figure>\n</div>\n<p>And far contrary smoked some contrary among stealthy engagingly suspiciously a cockatoo far circa sank dully lewd\n    slick cracked llama the much gecko yikes more squirrel sniffed this and the the much within uninhibited this\n    abominable a blubbered overdid foresaw through alas the pessimistic.</p>\n<p>Gosh jaguar ostrich quail one excited dear hello and bound and the and bland moral misheard roadrunner flapped lynx\n    far that and jeepers giggled far and far bald that roadrunner python inside held shrewdly the manatee.</p>\n<br>\n<hr>\n<p>\n    Thanks sniffed in hello after in foolhardy and some far purposefully much one at the much conjointly leapt skimpily\n    that quail sheep some goodness nightingale the instead exited expedient up far ouch mellifluous altruistic and and\n    lighted more instead much when ferret but the.\n</p>\n<p>Yet more some certainly yet alas abandonedly whispered intriguingly well extensive one howled talkative admonishingly\n    below a rethought overlaid dear gosh activated less however hawk yet oh scratched ostrich some outside crud\n    irrespective lightheartedly and much far amenably that the elephant since when.</p>\n','published',1,'Botble\\ACL\\Models\\User',0,'blog/3.jpg',314,NULL,'2023-07-02 19:58:39','2023-07-02 19:58:39'),(4,'Used Car Dealer Sales Tricks Exposed','WOULD put their heads off?\' shouted the Queen ordering off her head!\' Those whom she sentenced were taken into custody by the hand, it hurried off, without waiting for turns, quarrelling all the.','<p>Fretful human far recklessly while caterpillar well a well blubbered added one a some far whispered rampantly whispered while irksome far clung irrespective wailed more rosily and where saluted while black dear so yikes as considering recast to some crass until.</p><p>[youtube-video]https://www.youtube.com/watch?v=SlPhMPnQ58k[/youtube-video]</p><hr class=\"wp-block-separator is-style-dots\">\n<p>Thanks sniffed in hello after in foolhardy and some far purposefully much one at the much conjointly leapt skimpily\n    that quail sheep some goodness <a href=\"#\">nightingale</a> the instead exited expedient up far ouch mellifluous\n    altruistic and and lighted more instead much when ferret but the.</p>\n<figure class=\"wp-block-gallery columns-3 wp-block-image\">\n    <ul class=\"blocks-gallery-grid\">\n        <li class=\"blocks-gallery-item\">\n            <a href=\"#\">\n                <img class=\"border-radius-5\" src=\"https://demos.alithemes.com/html/stories/demo/assets/imgs/news/thumb-2.jpg\">\n            </a>\n        </li>\n        <li class=\"blocks-gallery-item\">\n            <a href=\"#\">\n                <img class=\"border-radius-5\" src=\"https://demos.alithemes.com/html/stories/demo/assets/imgs/news/thumb-3.jpg\">\n            </a>\n        </li>\n        <li class=\"blocks-gallery-item\">\n            <a href=\"#\">\n                <img class=\"border-radius-5\" src=\"https://demos.alithemes.com/html/stories/demo/assets/imgs/news/thumb-4.jpg\">\n            </a>\n        </li>\n    </ul>\n    <figcaption><i class=\"ti-credit-card mr-5\"></i>Image credit: Behance</figcaption>\n</figure>\n<hr>\n<p>Yet more some certainly yet alas abandonedly whispered <a href=\"#\">intriguingly</a><sup><a href=\"#\">[2]</a></sup>\n    well extensive one howled talkative admonishingly below a rethought overlaid dear gosh activated less <a href=\"#\">however</a>\n    hawk yet oh scratched ostrich some outside crud irrespective lightheartedly and much far amenably that the elephant\n    since when.</p>\n<h2>The Guitar Legends</h2>\n<p>Furrowed this in the upset <a href=\"#\">some across</a><sup><a href=\"#\">[3]</a></sup> tiger oh loaded house gosh\n    whispered <a href=\"#\">faltering alas</a><sup><a href=\"#\">[4]</a></sup> ouch cuckoo coward in scratched undid\n    together bit fumblingly so besides salamander heron during the jeepers hello fitting jauntily much smoothly\n    globefish darn blessedly far so along bluebird leopard and.</p>\n<blockquote>\n    <p>Integer eu faucibus <a href=\"#\">dolor</a><sup><a href=\"#\">[5]</a></sup>. Ut venenatis tincidunt diam elementum\n        imperdiet. Etiam accumsan semper nisl eu congue. Sed aliquam magna erat, ac eleifend lacus rhoncus in.</p>\n</blockquote>\n<p>Fretful human far recklessly while caterpillar well a well blubbered added one a some far whispered rampantly\n    whispered while irksome far clung irrespective wailed more rosily and where saluted while black dear so yikes as\n    considering recast to some crass until cow much less and rakishly overdrew consistent for by responsible oh one\n    hypocritical less bastard hey oversaw zebra browbeat a well.</p>\n<h3>Getting Crypto Rich</h3>\n<hr class=\"wp-block-separator is-style-wide\">\n<div class=\"wp-block-image\">\n    <figure class=\"alignleft is-resized\">\n        <img class=\"border-radius-5\" src=\"https://demos.alithemes.com/html/stories/demo/assets/imgs/news/thumb-11.jpg\">\n    </figure>\n</div>\n<p>And far contrary smoked some contrary among stealthy engagingly suspiciously a cockatoo far circa sank dully lewd\n    slick cracked llama the much gecko yikes more squirrel sniffed this and the the much within uninhibited this\n    abominable a blubbered overdid foresaw through alas the pessimistic.</p>\n<p>Gosh jaguar ostrich quail one excited dear hello and bound and the and bland moral misheard roadrunner flapped lynx\n    far that and jeepers giggled far and far bald that roadrunner python inside held shrewdly the manatee.</p>\n<br>\n<hr>\n<p>\n    Thanks sniffed in hello after in foolhardy and some far purposefully much one at the much conjointly leapt skimpily\n    that quail sheep some goodness nightingale the instead exited expedient up far ouch mellifluous altruistic and and\n    lighted more instead much when ferret but the.\n</p>\n<p>Yet more some certainly yet alas abandonedly whispered intriguingly well extensive one howled talkative admonishingly\n    below a rethought overlaid dear gosh activated less however hawk yet oh scratched ostrich some outside crud\n    irrespective lightheartedly and much far amenably that the elephant since when.</p>\n','published',2,'Botble\\ACL\\Models\\User',1,'blog/4.jpg',6551,NULL,'2023-07-02 19:58:39','2023-07-02 19:58:39'),(5,'20 Ways To Sell Your Product Faster','For instance, suppose it doesn\'t matter a bit,\' said the Queen, pointing to the door, and tried to curtsey as she could. \'The game\'s going on shrinking rapidly: she soon made out that one of them.\'.','<p>Fretful human far recklessly while caterpillar well a well blubbered added one a some far whispered rampantly whispered while irksome far clung irrespective wailed more rosily and where saluted while black dear so yikes as considering recast to some crass until.</p><hr class=\"wp-block-separator is-style-dots\">\n<p>Thanks sniffed in hello after in foolhardy and some far purposefully much one at the much conjointly leapt skimpily\n    that quail sheep some goodness <a href=\"#\">nightingale</a> the instead exited expedient up far ouch mellifluous\n    altruistic and and lighted more instead much when ferret but the.</p>\n<figure class=\"wp-block-gallery columns-3 wp-block-image\">\n    <ul class=\"blocks-gallery-grid\">\n        <li class=\"blocks-gallery-item\">\n            <a href=\"#\">\n                <img class=\"border-radius-5\" src=\"https://demos.alithemes.com/html/stories/demo/assets/imgs/news/thumb-2.jpg\">\n            </a>\n        </li>\n        <li class=\"blocks-gallery-item\">\n            <a href=\"#\">\n                <img class=\"border-radius-5\" src=\"https://demos.alithemes.com/html/stories/demo/assets/imgs/news/thumb-3.jpg\">\n            </a>\n        </li>\n        <li class=\"blocks-gallery-item\">\n            <a href=\"#\">\n                <img class=\"border-radius-5\" src=\"https://demos.alithemes.com/html/stories/demo/assets/imgs/news/thumb-4.jpg\">\n            </a>\n        </li>\n    </ul>\n    <figcaption><i class=\"ti-credit-card mr-5\"></i>Image credit: Behance</figcaption>\n</figure>\n<hr>\n<p>Yet more some certainly yet alas abandonedly whispered <a href=\"#\">intriguingly</a><sup><a href=\"#\">[2]</a></sup>\n    well extensive one howled talkative admonishingly below a rethought overlaid dear gosh activated less <a href=\"#\">however</a>\n    hawk yet oh scratched ostrich some outside crud irrespective lightheartedly and much far amenably that the elephant\n    since when.</p>\n<h2>The Guitar Legends</h2>\n<p>Furrowed this in the upset <a href=\"#\">some across</a><sup><a href=\"#\">[3]</a></sup> tiger oh loaded house gosh\n    whispered <a href=\"#\">faltering alas</a><sup><a href=\"#\">[4]</a></sup> ouch cuckoo coward in scratched undid\n    together bit fumblingly so besides salamander heron during the jeepers hello fitting jauntily much smoothly\n    globefish darn blessedly far so along bluebird leopard and.</p>\n<blockquote>\n    <p>Integer eu faucibus <a href=\"#\">dolor</a><sup><a href=\"#\">[5]</a></sup>. Ut venenatis tincidunt diam elementum\n        imperdiet. Etiam accumsan semper nisl eu congue. Sed aliquam magna erat, ac eleifend lacus rhoncus in.</p>\n</blockquote>\n<p>Fretful human far recklessly while caterpillar well a well blubbered added one a some far whispered rampantly\n    whispered while irksome far clung irrespective wailed more rosily and where saluted while black dear so yikes as\n    considering recast to some crass until cow much less and rakishly overdrew consistent for by responsible oh one\n    hypocritical less bastard hey oversaw zebra browbeat a well.</p>\n<h3>Getting Crypto Rich</h3>\n<hr class=\"wp-block-separator is-style-wide\">\n<div class=\"wp-block-image\">\n    <figure class=\"alignleft is-resized\">\n        <img class=\"border-radius-5\" src=\"https://demos.alithemes.com/html/stories/demo/assets/imgs/news/thumb-11.jpg\">\n    </figure>\n</div>\n<p>And far contrary smoked some contrary among stealthy engagingly suspiciously a cockatoo far circa sank dully lewd\n    slick cracked llama the much gecko yikes more squirrel sniffed this and the the much within uninhibited this\n    abominable a blubbered overdid foresaw through alas the pessimistic.</p>\n<p>Gosh jaguar ostrich quail one excited dear hello and bound and the and bland moral misheard roadrunner flapped lynx\n    far that and jeepers giggled far and far bald that roadrunner python inside held shrewdly the manatee.</p>\n<br>\n<hr>\n<p>\n    Thanks sniffed in hello after in foolhardy and some far purposefully much one at the much conjointly leapt skimpily\n    that quail sheep some goodness nightingale the instead exited expedient up far ouch mellifluous altruistic and and\n    lighted more instead much when ferret but the.\n</p>\n<p>Yet more some certainly yet alas abandonedly whispered intriguingly well extensive one howled talkative admonishingly\n    below a rethought overlaid dear gosh activated less however hawk yet oh scratched ostrich some outside crud\n    irrespective lightheartedly and much far amenably that the elephant since when.</p>\n','published',1,'Botble\\ACL\\Models\\User',1,'blog/5.jpg',3967,NULL,'2023-07-02 19:58:39','2023-07-02 19:58:39'),(6,'The Secrets Of Rich And Famous Writers','The Mouse looked at her, and the sound of a feather flock together.\"\' \'Only mustard isn\'t a bird,\' Alice remarked. \'Oh, you can\'t swim, can you?\' he added, turning to the Dormouse, who seemed too.','<p>Fretful human far recklessly while caterpillar well a well blubbered added one a some far whispered rampantly whispered while irksome far clung irrespective wailed more rosily and where saluted while black dear so yikes as considering recast to some crass until.</p><hr class=\"wp-block-separator is-style-dots\">\n<p>Thanks sniffed in hello after in foolhardy and some far purposefully much one at the much conjointly leapt skimpily\n    that quail sheep some goodness <a href=\"#\">nightingale</a> the instead exited expedient up far ouch mellifluous\n    altruistic and and lighted more instead much when ferret but the.</p>\n<figure class=\"wp-block-gallery columns-3 wp-block-image\">\n    <ul class=\"blocks-gallery-grid\">\n        <li class=\"blocks-gallery-item\">\n            <a href=\"#\">\n                <img class=\"border-radius-5\" src=\"https://demos.alithemes.com/html/stories/demo/assets/imgs/news/thumb-2.jpg\">\n            </a>\n        </li>\n        <li class=\"blocks-gallery-item\">\n            <a href=\"#\">\n                <img class=\"border-radius-5\" src=\"https://demos.alithemes.com/html/stories/demo/assets/imgs/news/thumb-3.jpg\">\n            </a>\n        </li>\n        <li class=\"blocks-gallery-item\">\n            <a href=\"#\">\n                <img class=\"border-radius-5\" src=\"https://demos.alithemes.com/html/stories/demo/assets/imgs/news/thumb-4.jpg\">\n            </a>\n        </li>\n    </ul>\n    <figcaption><i class=\"ti-credit-card mr-5\"></i>Image credit: Behance</figcaption>\n</figure>\n<hr>\n<p>Yet more some certainly yet alas abandonedly whispered <a href=\"#\">intriguingly</a><sup><a href=\"#\">[2]</a></sup>\n    well extensive one howled talkative admonishingly below a rethought overlaid dear gosh activated less <a href=\"#\">however</a>\n    hawk yet oh scratched ostrich some outside crud irrespective lightheartedly and much far amenably that the elephant\n    since when.</p>\n<h2>The Guitar Legends</h2>\n<p>Furrowed this in the upset <a href=\"#\">some across</a><sup><a href=\"#\">[3]</a></sup> tiger oh loaded house gosh\n    whispered <a href=\"#\">faltering alas</a><sup><a href=\"#\">[4]</a></sup> ouch cuckoo coward in scratched undid\n    together bit fumblingly so besides salamander heron during the jeepers hello fitting jauntily much smoothly\n    globefish darn blessedly far so along bluebird leopard and.</p>\n<blockquote>\n    <p>Integer eu faucibus <a href=\"#\">dolor</a><sup><a href=\"#\">[5]</a></sup>. Ut venenatis tincidunt diam elementum\n        imperdiet. Etiam accumsan semper nisl eu congue. Sed aliquam magna erat, ac eleifend lacus rhoncus in.</p>\n</blockquote>\n<p>Fretful human far recklessly while caterpillar well a well blubbered added one a some far whispered rampantly\n    whispered while irksome far clung irrespective wailed more rosily and where saluted while black dear so yikes as\n    considering recast to some crass until cow much less and rakishly overdrew consistent for by responsible oh one\n    hypocritical less bastard hey oversaw zebra browbeat a well.</p>\n<h3>Getting Crypto Rich</h3>\n<hr class=\"wp-block-separator is-style-wide\">\n<div class=\"wp-block-image\">\n    <figure class=\"alignleft is-resized\">\n        <img class=\"border-radius-5\" src=\"https://demos.alithemes.com/html/stories/demo/assets/imgs/news/thumb-11.jpg\">\n    </figure>\n</div>\n<p>And far contrary smoked some contrary among stealthy engagingly suspiciously a cockatoo far circa sank dully lewd\n    slick cracked llama the much gecko yikes more squirrel sniffed this and the the much within uninhibited this\n    abominable a blubbered overdid foresaw through alas the pessimistic.</p>\n<p>Gosh jaguar ostrich quail one excited dear hello and bound and the and bland moral misheard roadrunner flapped lynx\n    far that and jeepers giggled far and far bald that roadrunner python inside held shrewdly the manatee.</p>\n<br>\n<hr>\n<p>\n    Thanks sniffed in hello after in foolhardy and some far purposefully much one at the much conjointly leapt skimpily\n    that quail sheep some goodness nightingale the instead exited expedient up far ouch mellifluous altruistic and and\n    lighted more instead much when ferret but the.\n</p>\n<p>Yet more some certainly yet alas abandonedly whispered intriguingly well extensive one howled talkative admonishingly\n    below a rethought overlaid dear gosh activated less however hawk yet oh scratched ostrich some outside crud\n    irrespective lightheartedly and much far amenably that the elephant since when.</p>\n','published',1,'Botble\\ACL\\Models\\User',0,'blog/6.jpg',7131,NULL,'2023-07-02 19:58:39','2023-07-02 19:58:39'),(7,'Imagine Losing 20 Pounds In 14 Days!','I wonder?\' As she said to herself; \'his eyes are so VERY remarkable in that; nor did Alice think it so VERY remarkable in that; nor did Alice think it was,\' he said. \'Fifteenth,\' said the Hatter.','<p>Fretful human far recklessly while caterpillar well a well blubbered added one a some far whispered rampantly whispered while irksome far clung irrespective wailed more rosily and where saluted while black dear so yikes as considering recast to some crass until.</p><p>[youtube-video]https://www.youtube.com/watch?v=SlPhMPnQ58k[/youtube-video]</p><hr class=\"wp-block-separator is-style-dots\">\n<p>Thanks sniffed in hello after in foolhardy and some far purposefully much one at the much conjointly leapt skimpily\n    that quail sheep some goodness <a href=\"#\">nightingale</a> the instead exited expedient up far ouch mellifluous\n    altruistic and and lighted more instead much when ferret but the.</p>\n<figure class=\"wp-block-gallery columns-3 wp-block-image\">\n    <ul class=\"blocks-gallery-grid\">\n        <li class=\"blocks-gallery-item\">\n            <a href=\"#\">\n                <img class=\"border-radius-5\" src=\"https://demos.alithemes.com/html/stories/demo/assets/imgs/news/thumb-2.jpg\">\n            </a>\n        </li>\n        <li class=\"blocks-gallery-item\">\n            <a href=\"#\">\n                <img class=\"border-radius-5\" src=\"https://demos.alithemes.com/html/stories/demo/assets/imgs/news/thumb-3.jpg\">\n            </a>\n        </li>\n        <li class=\"blocks-gallery-item\">\n            <a href=\"#\">\n                <img class=\"border-radius-5\" src=\"https://demos.alithemes.com/html/stories/demo/assets/imgs/news/thumb-4.jpg\">\n            </a>\n        </li>\n    </ul>\n    <figcaption><i class=\"ti-credit-card mr-5\"></i>Image credit: Behance</figcaption>\n</figure>\n<hr>\n<p>Yet more some certainly yet alas abandonedly whispered <a href=\"#\">intriguingly</a><sup><a href=\"#\">[2]</a></sup>\n    well extensive one howled talkative admonishingly below a rethought overlaid dear gosh activated less <a href=\"#\">however</a>\n    hawk yet oh scratched ostrich some outside crud irrespective lightheartedly and much far amenably that the elephant\n    since when.</p>\n<h2>The Guitar Legends</h2>\n<p>Furrowed this in the upset <a href=\"#\">some across</a><sup><a href=\"#\">[3]</a></sup> tiger oh loaded house gosh\n    whispered <a href=\"#\">faltering alas</a><sup><a href=\"#\">[4]</a></sup> ouch cuckoo coward in scratched undid\n    together bit fumblingly so besides salamander heron during the jeepers hello fitting jauntily much smoothly\n    globefish darn blessedly far so along bluebird leopard and.</p>\n<blockquote>\n    <p>Integer eu faucibus <a href=\"#\">dolor</a><sup><a href=\"#\">[5]</a></sup>. Ut venenatis tincidunt diam elementum\n        imperdiet. Etiam accumsan semper nisl eu congue. Sed aliquam magna erat, ac eleifend lacus rhoncus in.</p>\n</blockquote>\n<p>Fretful human far recklessly while caterpillar well a well blubbered added one a some far whispered rampantly\n    whispered while irksome far clung irrespective wailed more rosily and where saluted while black dear so yikes as\n    considering recast to some crass until cow much less and rakishly overdrew consistent for by responsible oh one\n    hypocritical less bastard hey oversaw zebra browbeat a well.</p>\n<h3>Getting Crypto Rich</h3>\n<hr class=\"wp-block-separator is-style-wide\">\n<div class=\"wp-block-image\">\n    <figure class=\"alignleft is-resized\">\n        <img class=\"border-radius-5\" src=\"https://demos.alithemes.com/html/stories/demo/assets/imgs/news/thumb-11.jpg\">\n    </figure>\n</div>\n<p>And far contrary smoked some contrary among stealthy engagingly suspiciously a cockatoo far circa sank dully lewd\n    slick cracked llama the much gecko yikes more squirrel sniffed this and the the much within uninhibited this\n    abominable a blubbered overdid foresaw through alas the pessimistic.</p>\n<p>Gosh jaguar ostrich quail one excited dear hello and bound and the and bland moral misheard roadrunner flapped lynx\n    far that and jeepers giggled far and far bald that roadrunner python inside held shrewdly the manatee.</p>\n<br>\n<hr>\n<p>\n    Thanks sniffed in hello after in foolhardy and some far purposefully much one at the much conjointly leapt skimpily\n    that quail sheep some goodness nightingale the instead exited expedient up far ouch mellifluous altruistic and and\n    lighted more instead much when ferret but the.\n</p>\n<p>Yet more some certainly yet alas abandonedly whispered intriguingly well extensive one howled talkative admonishingly\n    below a rethought overlaid dear gosh activated less however hawk yet oh scratched ostrich some outside crud\n    irrespective lightheartedly and much far amenably that the elephant since when.</p>\n','published',2,'Botble\\ACL\\Models\\User',1,'blog/6.jpg',8646,NULL,'2023-07-02 19:58:39','2023-07-02 19:58:39'),(8,'Are You Still Using That Slow, Old Typewriter?','However, \'jury-men\' would have called him Tortoise because he was obliged to have lessons to learn! No, I\'ve made up my mind about it; and the pair of the words \'DRINK ME,\' but nevertheless she.','<p>Fretful human far recklessly while caterpillar well a well blubbered added one a some far whispered rampantly whispered while irksome far clung irrespective wailed more rosily and where saluted while black dear so yikes as considering recast to some crass until.</p><hr class=\"wp-block-separator is-style-dots\">\n<p>Thanks sniffed in hello after in foolhardy and some far purposefully much one at the much conjointly leapt skimpily\n    that quail sheep some goodness <a href=\"#\">nightingale</a> the instead exited expedient up far ouch mellifluous\n    altruistic and and lighted more instead much when ferret but the.</p>\n<figure class=\"wp-block-gallery columns-3 wp-block-image\">\n    <ul class=\"blocks-gallery-grid\">\n        <li class=\"blocks-gallery-item\">\n            <a href=\"#\">\n                <img class=\"border-radius-5\" src=\"https://demos.alithemes.com/html/stories/demo/assets/imgs/news/thumb-2.jpg\">\n            </a>\n        </li>\n        <li class=\"blocks-gallery-item\">\n            <a href=\"#\">\n                <img class=\"border-radius-5\" src=\"https://demos.alithemes.com/html/stories/demo/assets/imgs/news/thumb-3.jpg\">\n            </a>\n        </li>\n        <li class=\"blocks-gallery-item\">\n            <a href=\"#\">\n                <img class=\"border-radius-5\" src=\"https://demos.alithemes.com/html/stories/demo/assets/imgs/news/thumb-4.jpg\">\n            </a>\n        </li>\n    </ul>\n    <figcaption><i class=\"ti-credit-card mr-5\"></i>Image credit: Behance</figcaption>\n</figure>\n<hr>\n<p>Yet more some certainly yet alas abandonedly whispered <a href=\"#\">intriguingly</a><sup><a href=\"#\">[2]</a></sup>\n    well extensive one howled talkative admonishingly below a rethought overlaid dear gosh activated less <a href=\"#\">however</a>\n    hawk yet oh scratched ostrich some outside crud irrespective lightheartedly and much far amenably that the elephant\n    since when.</p>\n<h2>The Guitar Legends</h2>\n<p>Furrowed this in the upset <a href=\"#\">some across</a><sup><a href=\"#\">[3]</a></sup> tiger oh loaded house gosh\n    whispered <a href=\"#\">faltering alas</a><sup><a href=\"#\">[4]</a></sup> ouch cuckoo coward in scratched undid\n    together bit fumblingly so besides salamander heron during the jeepers hello fitting jauntily much smoothly\n    globefish darn blessedly far so along bluebird leopard and.</p>\n<blockquote>\n    <p>Integer eu faucibus <a href=\"#\">dolor</a><sup><a href=\"#\">[5]</a></sup>. Ut venenatis tincidunt diam elementum\n        imperdiet. Etiam accumsan semper nisl eu congue. Sed aliquam magna erat, ac eleifend lacus rhoncus in.</p>\n</blockquote>\n<p>Fretful human far recklessly while caterpillar well a well blubbered added one a some far whispered rampantly\n    whispered while irksome far clung irrespective wailed more rosily and where saluted while black dear so yikes as\n    considering recast to some crass until cow much less and rakishly overdrew consistent for by responsible oh one\n    hypocritical less bastard hey oversaw zebra browbeat a well.</p>\n<h3>Getting Crypto Rich</h3>\n<hr class=\"wp-block-separator is-style-wide\">\n<div class=\"wp-block-image\">\n    <figure class=\"alignleft is-resized\">\n        <img class=\"border-radius-5\" src=\"https://demos.alithemes.com/html/stories/demo/assets/imgs/news/thumb-11.jpg\">\n    </figure>\n</div>\n<p>And far contrary smoked some contrary among stealthy engagingly suspiciously a cockatoo far circa sank dully lewd\n    slick cracked llama the much gecko yikes more squirrel sniffed this and the the much within uninhibited this\n    abominable a blubbered overdid foresaw through alas the pessimistic.</p>\n<p>Gosh jaguar ostrich quail one excited dear hello and bound and the and bland moral misheard roadrunner flapped lynx\n    far that and jeepers giggled far and far bald that roadrunner python inside held shrewdly the manatee.</p>\n<br>\n<hr>\n<p>\n    Thanks sniffed in hello after in foolhardy and some far purposefully much one at the much conjointly leapt skimpily\n    that quail sheep some goodness nightingale the instead exited expedient up far ouch mellifluous altruistic and and\n    lighted more instead much when ferret but the.\n</p>\n<p>Yet more some certainly yet alas abandonedly whispered intriguingly well extensive one howled talkative admonishingly\n    below a rethought overlaid dear gosh activated less however hawk yet oh scratched ostrich some outside crud\n    irrespective lightheartedly and much far amenably that the elephant since when.</p>\n','published',1,'Botble\\ACL\\Models\\User',0,'blog/3.jpg',431,NULL,'2023-07-02 19:58:39','2023-07-02 19:58:39'),(9,'A Skin Cream That’s Proven To Work','Magpie began wrapping itself up and down, and nobody spoke for some time without interrupting it. \'They were obliged to have him with them,\' the Mock Turtle, \'they--you\'ve seen them, of course?\'.','<p>Fretful human far recklessly while caterpillar well a well blubbered added one a some far whispered rampantly whispered while irksome far clung irrespective wailed more rosily and where saluted while black dear so yikes as considering recast to some crass until.</p><hr class=\"wp-block-separator is-style-dots\">\n<p>Thanks sniffed in hello after in foolhardy and some far purposefully much one at the much conjointly leapt skimpily\n    that quail sheep some goodness <a href=\"#\">nightingale</a> the instead exited expedient up far ouch mellifluous\n    altruistic and and lighted more instead much when ferret but the.</p>\n<figure class=\"wp-block-gallery columns-3 wp-block-image\">\n    <ul class=\"blocks-gallery-grid\">\n        <li class=\"blocks-gallery-item\">\n            <a href=\"#\">\n                <img class=\"border-radius-5\" src=\"https://demos.alithemes.com/html/stories/demo/assets/imgs/news/thumb-2.jpg\">\n            </a>\n        </li>\n        <li class=\"blocks-gallery-item\">\n            <a href=\"#\">\n                <img class=\"border-radius-5\" src=\"https://demos.alithemes.com/html/stories/demo/assets/imgs/news/thumb-3.jpg\">\n            </a>\n        </li>\n        <li class=\"blocks-gallery-item\">\n            <a href=\"#\">\n                <img class=\"border-radius-5\" src=\"https://demos.alithemes.com/html/stories/demo/assets/imgs/news/thumb-4.jpg\">\n            </a>\n        </li>\n    </ul>\n    <figcaption><i class=\"ti-credit-card mr-5\"></i>Image credit: Behance</figcaption>\n</figure>\n<hr>\n<p>Yet more some certainly yet alas abandonedly whispered <a href=\"#\">intriguingly</a><sup><a href=\"#\">[2]</a></sup>\n    well extensive one howled talkative admonishingly below a rethought overlaid dear gosh activated less <a href=\"#\">however</a>\n    hawk yet oh scratched ostrich some outside crud irrespective lightheartedly and much far amenably that the elephant\n    since when.</p>\n<h2>The Guitar Legends</h2>\n<p>Furrowed this in the upset <a href=\"#\">some across</a><sup><a href=\"#\">[3]</a></sup> tiger oh loaded house gosh\n    whispered <a href=\"#\">faltering alas</a><sup><a href=\"#\">[4]</a></sup> ouch cuckoo coward in scratched undid\n    together bit fumblingly so besides salamander heron during the jeepers hello fitting jauntily much smoothly\n    globefish darn blessedly far so along bluebird leopard and.</p>\n<blockquote>\n    <p>Integer eu faucibus <a href=\"#\">dolor</a><sup><a href=\"#\">[5]</a></sup>. Ut venenatis tincidunt diam elementum\n        imperdiet. Etiam accumsan semper nisl eu congue. Sed aliquam magna erat, ac eleifend lacus rhoncus in.</p>\n</blockquote>\n<p>Fretful human far recklessly while caterpillar well a well blubbered added one a some far whispered rampantly\n    whispered while irksome far clung irrespective wailed more rosily and where saluted while black dear so yikes as\n    considering recast to some crass until cow much less and rakishly overdrew consistent for by responsible oh one\n    hypocritical less bastard hey oversaw zebra browbeat a well.</p>\n<h3>Getting Crypto Rich</h3>\n<hr class=\"wp-block-separator is-style-wide\">\n<div class=\"wp-block-image\">\n    <figure class=\"alignleft is-resized\">\n        <img class=\"border-radius-5\" src=\"https://demos.alithemes.com/html/stories/demo/assets/imgs/news/thumb-11.jpg\">\n    </figure>\n</div>\n<p>And far contrary smoked some contrary among stealthy engagingly suspiciously a cockatoo far circa sank dully lewd\n    slick cracked llama the much gecko yikes more squirrel sniffed this and the the much within uninhibited this\n    abominable a blubbered overdid foresaw through alas the pessimistic.</p>\n<p>Gosh jaguar ostrich quail one excited dear hello and bound and the and bland moral misheard roadrunner flapped lynx\n    far that and jeepers giggled far and far bald that roadrunner python inside held shrewdly the manatee.</p>\n<br>\n<hr>\n<p>\n    Thanks sniffed in hello after in foolhardy and some far purposefully much one at the much conjointly leapt skimpily\n    that quail sheep some goodness nightingale the instead exited expedient up far ouch mellifluous altruistic and and\n    lighted more instead much when ferret but the.\n</p>\n<p>Yet more some certainly yet alas abandonedly whispered intriguingly well extensive one howled talkative admonishingly\n    below a rethought overlaid dear gosh activated less however hawk yet oh scratched ostrich some outside crud\n    irrespective lightheartedly and much far amenably that the elephant since when.</p>\n','published',1,'Botble\\ACL\\Models\\User',0,'blog/5.jpg',9340,NULL,'2023-07-02 19:58:39','2023-07-02 19:58:39'),(10,'10 Reasons To Start Your Own, Profitable Website!','Mabel! I\'ll try if I was, I shouldn\'t want YOURS: I don\'t take this young lady to see the Mock Turtle in a helpless sort of chance of getting up and walking away. \'You insult me by talking such.','<p>Fretful human far recklessly while caterpillar well a well blubbered added one a some far whispered rampantly whispered while irksome far clung irrespective wailed more rosily and where saluted while black dear so yikes as considering recast to some crass until.</p><p>[youtube-video]https://www.youtube.com/watch?v=SlPhMPnQ58k[/youtube-video]</p><hr class=\"wp-block-separator is-style-dots\">\n<p>Thanks sniffed in hello after in foolhardy and some far purposefully much one at the much conjointly leapt skimpily\n    that quail sheep some goodness <a href=\"#\">nightingale</a> the instead exited expedient up far ouch mellifluous\n    altruistic and and lighted more instead much when ferret but the.</p>\n<figure class=\"wp-block-gallery columns-3 wp-block-image\">\n    <ul class=\"blocks-gallery-grid\">\n        <li class=\"blocks-gallery-item\">\n            <a href=\"#\">\n                <img class=\"border-radius-5\" src=\"https://demos.alithemes.com/html/stories/demo/assets/imgs/news/thumb-2.jpg\">\n            </a>\n        </li>\n        <li class=\"blocks-gallery-item\">\n            <a href=\"#\">\n                <img class=\"border-radius-5\" src=\"https://demos.alithemes.com/html/stories/demo/assets/imgs/news/thumb-3.jpg\">\n            </a>\n        </li>\n        <li class=\"blocks-gallery-item\">\n            <a href=\"#\">\n                <img class=\"border-radius-5\" src=\"https://demos.alithemes.com/html/stories/demo/assets/imgs/news/thumb-4.jpg\">\n            </a>\n        </li>\n    </ul>\n    <figcaption><i class=\"ti-credit-card mr-5\"></i>Image credit: Behance</figcaption>\n</figure>\n<hr>\n<p>Yet more some certainly yet alas abandonedly whispered <a href=\"#\">intriguingly</a><sup><a href=\"#\">[2]</a></sup>\n    well extensive one howled talkative admonishingly below a rethought overlaid dear gosh activated less <a href=\"#\">however</a>\n    hawk yet oh scratched ostrich some outside crud irrespective lightheartedly and much far amenably that the elephant\n    since when.</p>\n<h2>The Guitar Legends</h2>\n<p>Furrowed this in the upset <a href=\"#\">some across</a><sup><a href=\"#\">[3]</a></sup> tiger oh loaded house gosh\n    whispered <a href=\"#\">faltering alas</a><sup><a href=\"#\">[4]</a></sup> ouch cuckoo coward in scratched undid\n    together bit fumblingly so besides salamander heron during the jeepers hello fitting jauntily much smoothly\n    globefish darn blessedly far so along bluebird leopard and.</p>\n<blockquote>\n    <p>Integer eu faucibus <a href=\"#\">dolor</a><sup><a href=\"#\">[5]</a></sup>. Ut venenatis tincidunt diam elementum\n        imperdiet. Etiam accumsan semper nisl eu congue. Sed aliquam magna erat, ac eleifend lacus rhoncus in.</p>\n</blockquote>\n<p>Fretful human far recklessly while caterpillar well a well blubbered added one a some far whispered rampantly\n    whispered while irksome far clung irrespective wailed more rosily and where saluted while black dear so yikes as\n    considering recast to some crass until cow much less and rakishly overdrew consistent for by responsible oh one\n    hypocritical less bastard hey oversaw zebra browbeat a well.</p>\n<h3>Getting Crypto Rich</h3>\n<hr class=\"wp-block-separator is-style-wide\">\n<div class=\"wp-block-image\">\n    <figure class=\"alignleft is-resized\">\n        <img class=\"border-radius-5\" src=\"https://demos.alithemes.com/html/stories/demo/assets/imgs/news/thumb-11.jpg\">\n    </figure>\n</div>\n<p>And far contrary smoked some contrary among stealthy engagingly suspiciously a cockatoo far circa sank dully lewd\n    slick cracked llama the much gecko yikes more squirrel sniffed this and the the much within uninhibited this\n    abominable a blubbered overdid foresaw through alas the pessimistic.</p>\n<p>Gosh jaguar ostrich quail one excited dear hello and bound and the and bland moral misheard roadrunner flapped lynx\n    far that and jeepers giggled far and far bald that roadrunner python inside held shrewdly the manatee.</p>\n<br>\n<hr>\n<p>\n    Thanks sniffed in hello after in foolhardy and some far purposefully much one at the much conjointly leapt skimpily\n    that quail sheep some goodness nightingale the instead exited expedient up far ouch mellifluous altruistic and and\n    lighted more instead much when ferret but the.\n</p>\n<p>Yet more some certainly yet alas abandonedly whispered intriguingly well extensive one howled talkative admonishingly\n    below a rethought overlaid dear gosh activated less however hawk yet oh scratched ostrich some outside crud\n    irrespective lightheartedly and much far amenably that the elephant since when.</p>\n','published',2,'Botble\\ACL\\Models\\User',0,'blog/6.jpg',5165,NULL,'2023-07-02 19:58:39','2023-07-02 19:58:39'),(11,'Simple Ways To Reduce Your Unwanted Wrinkles!','CHAPTER III. A Caucus-Race and a piece of bread-and-butter in the distance would take the roof was thatched with fur. It was as long as it went. So she set off at once: one old Magpie began wrapping.','<p>Fretful human far recklessly while caterpillar well a well blubbered added one a some far whispered rampantly whispered while irksome far clung irrespective wailed more rosily and where saluted while black dear so yikes as considering recast to some crass until.</p><hr class=\"wp-block-separator is-style-dots\">\n<p>Thanks sniffed in hello after in foolhardy and some far purposefully much one at the much conjointly leapt skimpily\n    that quail sheep some goodness <a href=\"#\">nightingale</a> the instead exited expedient up far ouch mellifluous\n    altruistic and and lighted more instead much when ferret but the.</p>\n<figure class=\"wp-block-gallery columns-3 wp-block-image\">\n    <ul class=\"blocks-gallery-grid\">\n        <li class=\"blocks-gallery-item\">\n            <a href=\"#\">\n                <img class=\"border-radius-5\" src=\"https://demos.alithemes.com/html/stories/demo/assets/imgs/news/thumb-2.jpg\">\n            </a>\n        </li>\n        <li class=\"blocks-gallery-item\">\n            <a href=\"#\">\n                <img class=\"border-radius-5\" src=\"https://demos.alithemes.com/html/stories/demo/assets/imgs/news/thumb-3.jpg\">\n            </a>\n        </li>\n        <li class=\"blocks-gallery-item\">\n            <a href=\"#\">\n                <img class=\"border-radius-5\" src=\"https://demos.alithemes.com/html/stories/demo/assets/imgs/news/thumb-4.jpg\">\n            </a>\n        </li>\n    </ul>\n    <figcaption><i class=\"ti-credit-card mr-5\"></i>Image credit: Behance</figcaption>\n</figure>\n<hr>\n<p>Yet more some certainly yet alas abandonedly whispered <a href=\"#\">intriguingly</a><sup><a href=\"#\">[2]</a></sup>\n    well extensive one howled talkative admonishingly below a rethought overlaid dear gosh activated less <a href=\"#\">however</a>\n    hawk yet oh scratched ostrich some outside crud irrespective lightheartedly and much far amenably that the elephant\n    since when.</p>\n<h2>The Guitar Legends</h2>\n<p>Furrowed this in the upset <a href=\"#\">some across</a><sup><a href=\"#\">[3]</a></sup> tiger oh loaded house gosh\n    whispered <a href=\"#\">faltering alas</a><sup><a href=\"#\">[4]</a></sup> ouch cuckoo coward in scratched undid\n    together bit fumblingly so besides salamander heron during the jeepers hello fitting jauntily much smoothly\n    globefish darn blessedly far so along bluebird leopard and.</p>\n<blockquote>\n    <p>Integer eu faucibus <a href=\"#\">dolor</a><sup><a href=\"#\">[5]</a></sup>. Ut venenatis tincidunt diam elementum\n        imperdiet. Etiam accumsan semper nisl eu congue. Sed aliquam magna erat, ac eleifend lacus rhoncus in.</p>\n</blockquote>\n<p>Fretful human far recklessly while caterpillar well a well blubbered added one a some far whispered rampantly\n    whispered while irksome far clung irrespective wailed more rosily and where saluted while black dear so yikes as\n    considering recast to some crass until cow much less and rakishly overdrew consistent for by responsible oh one\n    hypocritical less bastard hey oversaw zebra browbeat a well.</p>\n<h3>Getting Crypto Rich</h3>\n<hr class=\"wp-block-separator is-style-wide\">\n<div class=\"wp-block-image\">\n    <figure class=\"alignleft is-resized\">\n        <img class=\"border-radius-5\" src=\"https://demos.alithemes.com/html/stories/demo/assets/imgs/news/thumb-11.jpg\">\n    </figure>\n</div>\n<p>And far contrary smoked some contrary among stealthy engagingly suspiciously a cockatoo far circa sank dully lewd\n    slick cracked llama the much gecko yikes more squirrel sniffed this and the the much within uninhibited this\n    abominable a blubbered overdid foresaw through alas the pessimistic.</p>\n<p>Gosh jaguar ostrich quail one excited dear hello and bound and the and bland moral misheard roadrunner flapped lynx\n    far that and jeepers giggled far and far bald that roadrunner python inside held shrewdly the manatee.</p>\n<br>\n<hr>\n<p>\n    Thanks sniffed in hello after in foolhardy and some far purposefully much one at the much conjointly leapt skimpily\n    that quail sheep some goodness nightingale the instead exited expedient up far ouch mellifluous altruistic and and\n    lighted more instead much when ferret but the.\n</p>\n<p>Yet more some certainly yet alas abandonedly whispered intriguingly well extensive one howled talkative admonishingly\n    below a rethought overlaid dear gosh activated less however hawk yet oh scratched ostrich some outside crud\n    irrespective lightheartedly and much far amenably that the elephant since when.</p>\n','published',2,'Botble\\ACL\\Models\\User',1,'blog/1.jpg',776,NULL,'2023-07-02 19:58:39','2023-07-02 19:58:39'),(12,'Apple iMac with Retina 5K display review','ME.\' \'You!\' said the sage, as he could go. Alice took up the conversation dropped, and the King said, with a melancholy way, being quite unable to move. She soon got it out into the air, mixed up.','<p>Fretful human far recklessly while caterpillar well a well blubbered added one a some far whispered rampantly whispered while irksome far clung irrespective wailed more rosily and where saluted while black dear so yikes as considering recast to some crass until.</p><hr class=\"wp-block-separator is-style-dots\">\n<p>Thanks sniffed in hello after in foolhardy and some far purposefully much one at the much conjointly leapt skimpily\n    that quail sheep some goodness <a href=\"#\">nightingale</a> the instead exited expedient up far ouch mellifluous\n    altruistic and and lighted more instead much when ferret but the.</p>\n<figure class=\"wp-block-gallery columns-3 wp-block-image\">\n    <ul class=\"blocks-gallery-grid\">\n        <li class=\"blocks-gallery-item\">\n            <a href=\"#\">\n                <img class=\"border-radius-5\" src=\"https://demos.alithemes.com/html/stories/demo/assets/imgs/news/thumb-2.jpg\">\n            </a>\n        </li>\n        <li class=\"blocks-gallery-item\">\n            <a href=\"#\">\n                <img class=\"border-radius-5\" src=\"https://demos.alithemes.com/html/stories/demo/assets/imgs/news/thumb-3.jpg\">\n            </a>\n        </li>\n        <li class=\"blocks-gallery-item\">\n            <a href=\"#\">\n                <img class=\"border-radius-5\" src=\"https://demos.alithemes.com/html/stories/demo/assets/imgs/news/thumb-4.jpg\">\n            </a>\n        </li>\n    </ul>\n    <figcaption><i class=\"ti-credit-card mr-5\"></i>Image credit: Behance</figcaption>\n</figure>\n<hr>\n<p>Yet more some certainly yet alas abandonedly whispered <a href=\"#\">intriguingly</a><sup><a href=\"#\">[2]</a></sup>\n    well extensive one howled talkative admonishingly below a rethought overlaid dear gosh activated less <a href=\"#\">however</a>\n    hawk yet oh scratched ostrich some outside crud irrespective lightheartedly and much far amenably that the elephant\n    since when.</p>\n<h2>The Guitar Legends</h2>\n<p>Furrowed this in the upset <a href=\"#\">some across</a><sup><a href=\"#\">[3]</a></sup> tiger oh loaded house gosh\n    whispered <a href=\"#\">faltering alas</a><sup><a href=\"#\">[4]</a></sup> ouch cuckoo coward in scratched undid\n    together bit fumblingly so besides salamander heron during the jeepers hello fitting jauntily much smoothly\n    globefish darn blessedly far so along bluebird leopard and.</p>\n<blockquote>\n    <p>Integer eu faucibus <a href=\"#\">dolor</a><sup><a href=\"#\">[5]</a></sup>. Ut venenatis tincidunt diam elementum\n        imperdiet. Etiam accumsan semper nisl eu congue. Sed aliquam magna erat, ac eleifend lacus rhoncus in.</p>\n</blockquote>\n<p>Fretful human far recklessly while caterpillar well a well blubbered added one a some far whispered rampantly\n    whispered while irksome far clung irrespective wailed more rosily and where saluted while black dear so yikes as\n    considering recast to some crass until cow much less and rakishly overdrew consistent for by responsible oh one\n    hypocritical less bastard hey oversaw zebra browbeat a well.</p>\n<h3>Getting Crypto Rich</h3>\n<hr class=\"wp-block-separator is-style-wide\">\n<div class=\"wp-block-image\">\n    <figure class=\"alignleft is-resized\">\n        <img class=\"border-radius-5\" src=\"https://demos.alithemes.com/html/stories/demo/assets/imgs/news/thumb-11.jpg\">\n    </figure>\n</div>\n<p>And far contrary smoked some contrary among stealthy engagingly suspiciously a cockatoo far circa sank dully lewd\n    slick cracked llama the much gecko yikes more squirrel sniffed this and the the much within uninhibited this\n    abominable a blubbered overdid foresaw through alas the pessimistic.</p>\n<p>Gosh jaguar ostrich quail one excited dear hello and bound and the and bland moral misheard roadrunner flapped lynx\n    far that and jeepers giggled far and far bald that roadrunner python inside held shrewdly the manatee.</p>\n<br>\n<hr>\n<p>\n    Thanks sniffed in hello after in foolhardy and some far purposefully much one at the much conjointly leapt skimpily\n    that quail sheep some goodness nightingale the instead exited expedient up far ouch mellifluous altruistic and and\n    lighted more instead much when ferret but the.\n</p>\n<p>Yet more some certainly yet alas abandonedly whispered intriguingly well extensive one howled talkative admonishingly\n    below a rethought overlaid dear gosh activated less however hawk yet oh scratched ostrich some outside crud\n    irrespective lightheartedly and much far amenably that the elephant since when.</p>\n','published',1,'Botble\\ACL\\Models\\User',1,'blog/3.jpg',5689,NULL,'2023-07-02 19:58:39','2023-07-02 19:58:39'),(13,'10,000 Web Site Visitors In One Month:Guaranteed','WOULD twist itself round and round the court was in a sorrowful tone; \'at least there\'s no meaning in them, after all. I needn\'t be afraid of interrupting him,) \'I\'ll give him sixpence. _I_ don\'t.','<p>Fretful human far recklessly while caterpillar well a well blubbered added one a some far whispered rampantly whispered while irksome far clung irrespective wailed more rosily and where saluted while black dear so yikes as considering recast to some crass until.</p><p>[youtube-video]https://www.youtube.com/watch?v=SlPhMPnQ58k[/youtube-video]</p><hr class=\"wp-block-separator is-style-dots\">\n<p>Thanks sniffed in hello after in foolhardy and some far purposefully much one at the much conjointly leapt skimpily\n    that quail sheep some goodness <a href=\"#\">nightingale</a> the instead exited expedient up far ouch mellifluous\n    altruistic and and lighted more instead much when ferret but the.</p>\n<figure class=\"wp-block-gallery columns-3 wp-block-image\">\n    <ul class=\"blocks-gallery-grid\">\n        <li class=\"blocks-gallery-item\">\n            <a href=\"#\">\n                <img class=\"border-radius-5\" src=\"https://demos.alithemes.com/html/stories/demo/assets/imgs/news/thumb-2.jpg\">\n            </a>\n        </li>\n        <li class=\"blocks-gallery-item\">\n            <a href=\"#\">\n                <img class=\"border-radius-5\" src=\"https://demos.alithemes.com/html/stories/demo/assets/imgs/news/thumb-3.jpg\">\n            </a>\n        </li>\n        <li class=\"blocks-gallery-item\">\n            <a href=\"#\">\n                <img class=\"border-radius-5\" src=\"https://demos.alithemes.com/html/stories/demo/assets/imgs/news/thumb-4.jpg\">\n            </a>\n        </li>\n    </ul>\n    <figcaption><i class=\"ti-credit-card mr-5\"></i>Image credit: Behance</figcaption>\n</figure>\n<hr>\n<p>Yet more some certainly yet alas abandonedly whispered <a href=\"#\">intriguingly</a><sup><a href=\"#\">[2]</a></sup>\n    well extensive one howled talkative admonishingly below a rethought overlaid dear gosh activated less <a href=\"#\">however</a>\n    hawk yet oh scratched ostrich some outside crud irrespective lightheartedly and much far amenably that the elephant\n    since when.</p>\n<h2>The Guitar Legends</h2>\n<p>Furrowed this in the upset <a href=\"#\">some across</a><sup><a href=\"#\">[3]</a></sup> tiger oh loaded house gosh\n    whispered <a href=\"#\">faltering alas</a><sup><a href=\"#\">[4]</a></sup> ouch cuckoo coward in scratched undid\n    together bit fumblingly so besides salamander heron during the jeepers hello fitting jauntily much smoothly\n    globefish darn blessedly far so along bluebird leopard and.</p>\n<blockquote>\n    <p>Integer eu faucibus <a href=\"#\">dolor</a><sup><a href=\"#\">[5]</a></sup>. Ut venenatis tincidunt diam elementum\n        imperdiet. Etiam accumsan semper nisl eu congue. Sed aliquam magna erat, ac eleifend lacus rhoncus in.</p>\n</blockquote>\n<p>Fretful human far recklessly while caterpillar well a well blubbered added one a some far whispered rampantly\n    whispered while irksome far clung irrespective wailed more rosily and where saluted while black dear so yikes as\n    considering recast to some crass until cow much less and rakishly overdrew consistent for by responsible oh one\n    hypocritical less bastard hey oversaw zebra browbeat a well.</p>\n<h3>Getting Crypto Rich</h3>\n<hr class=\"wp-block-separator is-style-wide\">\n<div class=\"wp-block-image\">\n    <figure class=\"alignleft is-resized\">\n        <img class=\"border-radius-5\" src=\"https://demos.alithemes.com/html/stories/demo/assets/imgs/news/thumb-11.jpg\">\n    </figure>\n</div>\n<p>And far contrary smoked some contrary among stealthy engagingly suspiciously a cockatoo far circa sank dully lewd\n    slick cracked llama the much gecko yikes more squirrel sniffed this and the the much within uninhibited this\n    abominable a blubbered overdid foresaw through alas the pessimistic.</p>\n<p>Gosh jaguar ostrich quail one excited dear hello and bound and the and bland moral misheard roadrunner flapped lynx\n    far that and jeepers giggled far and far bald that roadrunner python inside held shrewdly the manatee.</p>\n<br>\n<hr>\n<p>\n    Thanks sniffed in hello after in foolhardy and some far purposefully much one at the much conjointly leapt skimpily\n    that quail sheep some goodness nightingale the instead exited expedient up far ouch mellifluous altruistic and and\n    lighted more instead much when ferret but the.\n</p>\n<p>Yet more some certainly yet alas abandonedly whispered intriguingly well extensive one howled talkative admonishingly\n    below a rethought overlaid dear gosh activated less however hawk yet oh scratched ostrich some outside crud\n    irrespective lightheartedly and much far amenably that the elephant since when.</p>\n','published',1,'Botble\\ACL\\Models\\User',0,'blog/6.jpg',6787,NULL,'2023-07-02 19:58:39','2023-07-02 19:58:39'),(14,'Unlock The Secrets Of Selling High Ticket Items','King, \'unless it was addressed to the conclusion that it was only a child!\' The Queen turned crimson with fury, and, after waiting till she had been to the beginning again?\' Alice ventured to.','<p>Fretful human far recklessly while caterpillar well a well blubbered added one a some far whispered rampantly whispered while irksome far clung irrespective wailed more rosily and where saluted while black dear so yikes as considering recast to some crass until.</p><hr class=\"wp-block-separator is-style-dots\">\n<p>Thanks sniffed in hello after in foolhardy and some far purposefully much one at the much conjointly leapt skimpily\n    that quail sheep some goodness <a href=\"#\">nightingale</a> the instead exited expedient up far ouch mellifluous\n    altruistic and and lighted more instead much when ferret but the.</p>\n<figure class=\"wp-block-gallery columns-3 wp-block-image\">\n    <ul class=\"blocks-gallery-grid\">\n        <li class=\"blocks-gallery-item\">\n            <a href=\"#\">\n                <img class=\"border-radius-5\" src=\"https://demos.alithemes.com/html/stories/demo/assets/imgs/news/thumb-2.jpg\">\n            </a>\n        </li>\n        <li class=\"blocks-gallery-item\">\n            <a href=\"#\">\n                <img class=\"border-radius-5\" src=\"https://demos.alithemes.com/html/stories/demo/assets/imgs/news/thumb-3.jpg\">\n            </a>\n        </li>\n        <li class=\"blocks-gallery-item\">\n            <a href=\"#\">\n                <img class=\"border-radius-5\" src=\"https://demos.alithemes.com/html/stories/demo/assets/imgs/news/thumb-4.jpg\">\n            </a>\n        </li>\n    </ul>\n    <figcaption><i class=\"ti-credit-card mr-5\"></i>Image credit: Behance</figcaption>\n</figure>\n<hr>\n<p>Yet more some certainly yet alas abandonedly whispered <a href=\"#\">intriguingly</a><sup><a href=\"#\">[2]</a></sup>\n    well extensive one howled talkative admonishingly below a rethought overlaid dear gosh activated less <a href=\"#\">however</a>\n    hawk yet oh scratched ostrich some outside crud irrespective lightheartedly and much far amenably that the elephant\n    since when.</p>\n<h2>The Guitar Legends</h2>\n<p>Furrowed this in the upset <a href=\"#\">some across</a><sup><a href=\"#\">[3]</a></sup> tiger oh loaded house gosh\n    whispered <a href=\"#\">faltering alas</a><sup><a href=\"#\">[4]</a></sup> ouch cuckoo coward in scratched undid\n    together bit fumblingly so besides salamander heron during the jeepers hello fitting jauntily much smoothly\n    globefish darn blessedly far so along bluebird leopard and.</p>\n<blockquote>\n    <p>Integer eu faucibus <a href=\"#\">dolor</a><sup><a href=\"#\">[5]</a></sup>. Ut venenatis tincidunt diam elementum\n        imperdiet. Etiam accumsan semper nisl eu congue. Sed aliquam magna erat, ac eleifend lacus rhoncus in.</p>\n</blockquote>\n<p>Fretful human far recklessly while caterpillar well a well blubbered added one a some far whispered rampantly\n    whispered while irksome far clung irrespective wailed more rosily and where saluted while black dear so yikes as\n    considering recast to some crass until cow much less and rakishly overdrew consistent for by responsible oh one\n    hypocritical less bastard hey oversaw zebra browbeat a well.</p>\n<h3>Getting Crypto Rich</h3>\n<hr class=\"wp-block-separator is-style-wide\">\n<div class=\"wp-block-image\">\n    <figure class=\"alignleft is-resized\">\n        <img class=\"border-radius-5\" src=\"https://demos.alithemes.com/html/stories/demo/assets/imgs/news/thumb-11.jpg\">\n    </figure>\n</div>\n<p>And far contrary smoked some contrary among stealthy engagingly suspiciously a cockatoo far circa sank dully lewd\n    slick cracked llama the much gecko yikes more squirrel sniffed this and the the much within uninhibited this\n    abominable a blubbered overdid foresaw through alas the pessimistic.</p>\n<p>Gosh jaguar ostrich quail one excited dear hello and bound and the and bland moral misheard roadrunner flapped lynx\n    far that and jeepers giggled far and far bald that roadrunner python inside held shrewdly the manatee.</p>\n<br>\n<hr>\n<p>\n    Thanks sniffed in hello after in foolhardy and some far purposefully much one at the much conjointly leapt skimpily\n    that quail sheep some goodness nightingale the instead exited expedient up far ouch mellifluous altruistic and and\n    lighted more instead much when ferret but the.\n</p>\n<p>Yet more some certainly yet alas abandonedly whispered intriguingly well extensive one howled talkative admonishingly\n    below a rethought overlaid dear gosh activated less however hawk yet oh scratched ostrich some outside crud\n    irrespective lightheartedly and much far amenably that the elephant since when.</p>\n','published',2,'Botble\\ACL\\Models\\User',0,'blog/5.jpg',7316,NULL,'2023-07-02 19:58:39','2023-07-02 19:58:39'),(15,'4 Expert Tips On How To Choose The Right Men’s Wallet','PRECIOUS nose\'; as an unusually large saucepan flew close by her. There was exactly three inches high). \'But I\'m not particular as to size,\' Alice hastily replied; \'only one doesn\'t like changing so.','<p>Fretful human far recklessly while caterpillar well a well blubbered added one a some far whispered rampantly whispered while irksome far clung irrespective wailed more rosily and where saluted while black dear so yikes as considering recast to some crass until.</p><hr class=\"wp-block-separator is-style-dots\">\n<p>Thanks sniffed in hello after in foolhardy and some far purposefully much one at the much conjointly leapt skimpily\n    that quail sheep some goodness <a href=\"#\">nightingale</a> the instead exited expedient up far ouch mellifluous\n    altruistic and and lighted more instead much when ferret but the.</p>\n<figure class=\"wp-block-gallery columns-3 wp-block-image\">\n    <ul class=\"blocks-gallery-grid\">\n        <li class=\"blocks-gallery-item\">\n            <a href=\"#\">\n                <img class=\"border-radius-5\" src=\"https://demos.alithemes.com/html/stories/demo/assets/imgs/news/thumb-2.jpg\">\n            </a>\n        </li>\n        <li class=\"blocks-gallery-item\">\n            <a href=\"#\">\n                <img class=\"border-radius-5\" src=\"https://demos.alithemes.com/html/stories/demo/assets/imgs/news/thumb-3.jpg\">\n            </a>\n        </li>\n        <li class=\"blocks-gallery-item\">\n            <a href=\"#\">\n                <img class=\"border-radius-5\" src=\"https://demos.alithemes.com/html/stories/demo/assets/imgs/news/thumb-4.jpg\">\n            </a>\n        </li>\n    </ul>\n    <figcaption><i class=\"ti-credit-card mr-5\"></i>Image credit: Behance</figcaption>\n</figure>\n<hr>\n<p>Yet more some certainly yet alas abandonedly whispered <a href=\"#\">intriguingly</a><sup><a href=\"#\">[2]</a></sup>\n    well extensive one howled talkative admonishingly below a rethought overlaid dear gosh activated less <a href=\"#\">however</a>\n    hawk yet oh scratched ostrich some outside crud irrespective lightheartedly and much far amenably that the elephant\n    since when.</p>\n<h2>The Guitar Legends</h2>\n<p>Furrowed this in the upset <a href=\"#\">some across</a><sup><a href=\"#\">[3]</a></sup> tiger oh loaded house gosh\n    whispered <a href=\"#\">faltering alas</a><sup><a href=\"#\">[4]</a></sup> ouch cuckoo coward in scratched undid\n    together bit fumblingly so besides salamander heron during the jeepers hello fitting jauntily much smoothly\n    globefish darn blessedly far so along bluebird leopard and.</p>\n<blockquote>\n    <p>Integer eu faucibus <a href=\"#\">dolor</a><sup><a href=\"#\">[5]</a></sup>. Ut venenatis tincidunt diam elementum\n        imperdiet. Etiam accumsan semper nisl eu congue. Sed aliquam magna erat, ac eleifend lacus rhoncus in.</p>\n</blockquote>\n<p>Fretful human far recklessly while caterpillar well a well blubbered added one a some far whispered rampantly\n    whispered while irksome far clung irrespective wailed more rosily and where saluted while black dear so yikes as\n    considering recast to some crass until cow much less and rakishly overdrew consistent for by responsible oh one\n    hypocritical less bastard hey oversaw zebra browbeat a well.</p>\n<h3>Getting Crypto Rich</h3>\n<hr class=\"wp-block-separator is-style-wide\">\n<div class=\"wp-block-image\">\n    <figure class=\"alignleft is-resized\">\n        <img class=\"border-radius-5\" src=\"https://demos.alithemes.com/html/stories/demo/assets/imgs/news/thumb-11.jpg\">\n    </figure>\n</div>\n<p>And far contrary smoked some contrary among stealthy engagingly suspiciously a cockatoo far circa sank dully lewd\n    slick cracked llama the much gecko yikes more squirrel sniffed this and the the much within uninhibited this\n    abominable a blubbered overdid foresaw through alas the pessimistic.</p>\n<p>Gosh jaguar ostrich quail one excited dear hello and bound and the and bland moral misheard roadrunner flapped lynx\n    far that and jeepers giggled far and far bald that roadrunner python inside held shrewdly the manatee.</p>\n<br>\n<hr>\n<p>\n    Thanks sniffed in hello after in foolhardy and some far purposefully much one at the much conjointly leapt skimpily\n    that quail sheep some goodness nightingale the instead exited expedient up far ouch mellifluous altruistic and and\n    lighted more instead much when ferret but the.\n</p>\n<p>Yet more some certainly yet alas abandonedly whispered intriguingly well extensive one howled talkative admonishingly\n    below a rethought overlaid dear gosh activated less however hawk yet oh scratched ostrich some outside crud\n    irrespective lightheartedly and much far amenably that the elephant since when.</p>\n','published',1,'Botble\\ACL\\Models\\User',0,'blog/3.jpg',1788,NULL,'2023-07-02 19:58:39','2023-07-02 19:58:39'),(16,'Sexy Clutches: How to Buy &amp; Wear a Designer Clutch Bag','Alice asked. \'We called him Tortoise because he was speaking, so that it might be some sense in your knocking,\' the Footman went on talking: \'Dear, dear! How queer everything is queer to-day.\' Just.','<p>Fretful human far recklessly while caterpillar well a well blubbered added one a some far whispered rampantly whispered while irksome far clung irrespective wailed more rosily and where saluted while black dear so yikes as considering recast to some crass until.</p><p>[youtube-video]https://www.youtube.com/watch?v=SlPhMPnQ58k[/youtube-video]</p><hr class=\"wp-block-separator is-style-dots\">\n<p>Thanks sniffed in hello after in foolhardy and some far purposefully much one at the much conjointly leapt skimpily\n    that quail sheep some goodness <a href=\"#\">nightingale</a> the instead exited expedient up far ouch mellifluous\n    altruistic and and lighted more instead much when ferret but the.</p>\n<figure class=\"wp-block-gallery columns-3 wp-block-image\">\n    <ul class=\"blocks-gallery-grid\">\n        <li class=\"blocks-gallery-item\">\n            <a href=\"#\">\n                <img class=\"border-radius-5\" src=\"https://demos.alithemes.com/html/stories/demo/assets/imgs/news/thumb-2.jpg\">\n            </a>\n        </li>\n        <li class=\"blocks-gallery-item\">\n            <a href=\"#\">\n                <img class=\"border-radius-5\" src=\"https://demos.alithemes.com/html/stories/demo/assets/imgs/news/thumb-3.jpg\">\n            </a>\n        </li>\n        <li class=\"blocks-gallery-item\">\n            <a href=\"#\">\n                <img class=\"border-radius-5\" src=\"https://demos.alithemes.com/html/stories/demo/assets/imgs/news/thumb-4.jpg\">\n            </a>\n        </li>\n    </ul>\n    <figcaption><i class=\"ti-credit-card mr-5\"></i>Image credit: Behance</figcaption>\n</figure>\n<hr>\n<p>Yet more some certainly yet alas abandonedly whispered <a href=\"#\">intriguingly</a><sup><a href=\"#\">[2]</a></sup>\n    well extensive one howled talkative admonishingly below a rethought overlaid dear gosh activated less <a href=\"#\">however</a>\n    hawk yet oh scratched ostrich some outside crud irrespective lightheartedly and much far amenably that the elephant\n    since when.</p>\n<h2>The Guitar Legends</h2>\n<p>Furrowed this in the upset <a href=\"#\">some across</a><sup><a href=\"#\">[3]</a></sup> tiger oh loaded house gosh\n    whispered <a href=\"#\">faltering alas</a><sup><a href=\"#\">[4]</a></sup> ouch cuckoo coward in scratched undid\n    together bit fumblingly so besides salamander heron during the jeepers hello fitting jauntily much smoothly\n    globefish darn blessedly far so along bluebird leopard and.</p>\n<blockquote>\n    <p>Integer eu faucibus <a href=\"#\">dolor</a><sup><a href=\"#\">[5]</a></sup>. Ut venenatis tincidunt diam elementum\n        imperdiet. Etiam accumsan semper nisl eu congue. Sed aliquam magna erat, ac eleifend lacus rhoncus in.</p>\n</blockquote>\n<p>Fretful human far recklessly while caterpillar well a well blubbered added one a some far whispered rampantly\n    whispered while irksome far clung irrespective wailed more rosily and where saluted while black dear so yikes as\n    considering recast to some crass until cow much less and rakishly overdrew consistent for by responsible oh one\n    hypocritical less bastard hey oversaw zebra browbeat a well.</p>\n<h3>Getting Crypto Rich</h3>\n<hr class=\"wp-block-separator is-style-wide\">\n<div class=\"wp-block-image\">\n    <figure class=\"alignleft is-resized\">\n        <img class=\"border-radius-5\" src=\"https://demos.alithemes.com/html/stories/demo/assets/imgs/news/thumb-11.jpg\">\n    </figure>\n</div>\n<p>And far contrary smoked some contrary among stealthy engagingly suspiciously a cockatoo far circa sank dully lewd\n    slick cracked llama the much gecko yikes more squirrel sniffed this and the the much within uninhibited this\n    abominable a blubbered overdid foresaw through alas the pessimistic.</p>\n<p>Gosh jaguar ostrich quail one excited dear hello and bound and the and bland moral misheard roadrunner flapped lynx\n    far that and jeepers giggled far and far bald that roadrunner python inside held shrewdly the manatee.</p>\n<br>\n<hr>\n<p>\n    Thanks sniffed in hello after in foolhardy and some far purposefully much one at the much conjointly leapt skimpily\n    that quail sheep some goodness nightingale the instead exited expedient up far ouch mellifluous altruistic and and\n    lighted more instead much when ferret but the.\n</p>\n<p>Yet more some certainly yet alas abandonedly whispered intriguingly well extensive one howled talkative admonishingly\n    below a rethought overlaid dear gosh activated less however hawk yet oh scratched ostrich some outside crud\n    irrespective lightheartedly and much far amenably that the elephant since when.</p>\n','published',1,'Botble\\ACL\\Models\\User',1,'blog/2.jpg',9342,NULL,'2023-07-02 19:58:39','2023-07-02 19:58:39');
/*!40000 ALTER TABLE `posts` ENABLE KEYS */;
UNLOCK TABLES;

--
-- Table structure for table `posts_translations`
--

DROP TABLE IF EXISTS `posts_translations`;
/*!40101 SET @saved_cs_client     = @@character_set_client */;
/*!50503 SET character_set_client = utf8mb4 */;
CREATE TABLE `posts_translations` (
  `lang_code` varchar(191) COLLATE utf8mb4_unicode_ci NOT NULL,
  `posts_id` bigint unsigned NOT NULL,
  `name` varchar(255) COLLATE utf8mb4_unicode_ci DEFAULT NULL,
  `description` varchar(400) COLLATE utf8mb4_unicode_ci DEFAULT NULL,
  `content` longtext COLLATE utf8mb4_unicode_ci,
  PRIMARY KEY (`lang_code`,`posts_id`)
) ENGINE=InnoDB DEFAULT CHARSET=utf8mb4 COLLATE=utf8mb4_unicode_ci;
/*!40101 SET character_set_client = @saved_cs_client */;

--
-- Dumping data for table `posts_translations`
--

LOCK TABLES `posts_translations` WRITE;
/*!40000 ALTER TABLE `posts_translations` DISABLE KEYS */;
INSERT INTO `posts_translations` VALUES ('vi',1,'Xu hướng túi xách hàng đầu năm 2020 cần biết','Soup! Who cares for fish, Game, or any other dish? Who would not open any of them. \'I\'m sure I\'m not looking for eggs, as it didn\'t sound at all the things get used up.\' \'But what did the archbishop.','<p>Fretful human far recklessly while caterpillar well a well blubbered added one a some far whispered rampantly whispered while irksome far clung irrespective wailed more rosily and where saluted while black dear so yikes as considering recast to some crass until.</p><p>[youtube-video]https://www.youtube.com/watch?v=SlPhMPnQ58k[/youtube-video]</p><hr class=\"wp-block-separator is-style-dots\">\n<p>Thanks sniffed in hello after in foolhardy and some far purposefully much one at the much conjointly leapt skimpily\n    that quail sheep some goodness <a href=\"#\">nightingale</a> the instead exited expedient up far ouch mellifluous\n    altruistic and and lighted more instead much when ferret but the.</p>\n<figure class=\"wp-block-gallery columns-3 wp-block-image\">\n    <ul class=\"blocks-gallery-grid\">\n        <li class=\"blocks-gallery-item\">\n            <a href=\"#\">\n                <img class=\"border-radius-5\" src=\"https://demos.alithemes.com/html/stories/demo/assets/imgs/news/thumb-2.jpg\">\n            </a>\n        </li>\n        <li class=\"blocks-gallery-item\">\n            <a href=\"#\">\n                <img class=\"border-radius-5\" src=\"https://demos.alithemes.com/html/stories/demo/assets/imgs/news/thumb-3.jpg\">\n            </a>\n        </li>\n        <li class=\"blocks-gallery-item\">\n            <a href=\"#\">\n                <img class=\"border-radius-5\" src=\"https://demos.alithemes.com/html/stories/demo/assets/imgs/news/thumb-4.jpg\">\n            </a>\n        </li>\n    </ul>\n    <figcaption><i class=\"ti-credit-card mr-5\"></i>Image credit: Behance</figcaption>\n</figure>\n<hr>\n<p>Yet more some certainly yet alas abandonedly whispered <a href=\"#\">intriguingly</a><sup><a href=\"#\">[2]</a></sup>\n    well extensive one howled talkative admonishingly below a rethought overlaid dear gosh activated less <a href=\"#\">however</a>\n    hawk yet oh scratched ostrich some outside crud irrespective lightheartedly and much far amenably that the elephant\n    since when.</p>\n<h2>The Guitar Legends</h2>\n<p>Furrowed this in the upset <a href=\"#\">some across</a><sup><a href=\"#\">[3]</a></sup> tiger oh loaded house gosh\n    whispered <a href=\"#\">faltering alas</a><sup><a href=\"#\">[4]</a></sup> ouch cuckoo coward in scratched undid\n    together bit fumblingly so besides salamander heron during the jeepers hello fitting jauntily much smoothly\n    globefish darn blessedly far so along bluebird leopard and.</p>\n<blockquote>\n    <p>Integer eu faucibus <a href=\"#\">dolor</a><sup><a href=\"#\">[5]</a></sup>. Ut venenatis tincidunt diam elementum\n        imperdiet. Etiam accumsan semper nisl eu congue. Sed aliquam magna erat, ac eleifend lacus rhoncus in.</p>\n</blockquote>\n<p>Fretful human far recklessly while caterpillar well a well blubbered added one a some far whispered rampantly\n    whispered while irksome far clung irrespective wailed more rosily and where saluted while black dear so yikes as\n    considering recast to some crass until cow much less and rakishly overdrew consistent for by responsible oh one\n    hypocritical less bastard hey oversaw zebra browbeat a well.</p>\n<h3>Getting Crypto Rich</h3>\n<hr class=\"wp-block-separator is-style-wide\">\n<div class=\"wp-block-image\">\n    <figure class=\"alignleft is-resized\">\n        <img class=\"border-radius-5\" src=\"https://demos.alithemes.com/html/stories/demo/assets/imgs/news/thumb-11.jpg\">\n    </figure>\n</div>\n<p>And far contrary smoked some contrary among stealthy engagingly suspiciously a cockatoo far circa sank dully lewd\n    slick cracked llama the much gecko yikes more squirrel sniffed this and the the much within uninhibited this\n    abominable a blubbered overdid foresaw through alas the pessimistic.</p>\n<p>Gosh jaguar ostrich quail one excited dear hello and bound and the and bland moral misheard roadrunner flapped lynx\n    far that and jeepers giggled far and far bald that roadrunner python inside held shrewdly the manatee.</p>\n<br>\n<hr>\n<p>\n    Thanks sniffed in hello after in foolhardy and some far purposefully much one at the much conjointly leapt skimpily\n    that quail sheep some goodness nightingale the instead exited expedient up far ouch mellifluous altruistic and and\n    lighted more instead much when ferret but the.\n</p>\n<p>Yet more some certainly yet alas abandonedly whispered intriguingly well extensive one howled talkative admonishingly\n    below a rethought overlaid dear gosh activated less however hawk yet oh scratched ostrich some outside crud\n    irrespective lightheartedly and much far amenably that the elephant since when.</p>\n'),('vi',2,'Các Chiến lược Tối ưu hóa Công cụ Tìm kiếm Hàng đầu!','She pitied him deeply. \'What is it?\' The Gryphon lifted up both its paws in surprise. \'What! Never heard of one,\' said Alice, (she had kept a piece of rudeness was more than three.\' \'Your hair wants.','<p>Fretful human far recklessly while caterpillar well a well blubbered added one a some far whispered rampantly whispered while irksome far clung irrespective wailed more rosily and where saluted while black dear so yikes as considering recast to some crass until.</p><hr class=\"wp-block-separator is-style-dots\">\n<p>Thanks sniffed in hello after in foolhardy and some far purposefully much one at the much conjointly leapt skimpily\n    that quail sheep some goodness <a href=\"#\">nightingale</a> the instead exited expedient up far ouch mellifluous\n    altruistic and and lighted more instead much when ferret but the.</p>\n<figure class=\"wp-block-gallery columns-3 wp-block-image\">\n    <ul class=\"blocks-gallery-grid\">\n        <li class=\"blocks-gallery-item\">\n            <a href=\"#\">\n                <img class=\"border-radius-5\" src=\"https://demos.alithemes.com/html/stories/demo/assets/imgs/news/thumb-2.jpg\">\n            </a>\n        </li>\n        <li class=\"blocks-gallery-item\">\n            <a href=\"#\">\n                <img class=\"border-radius-5\" src=\"https://demos.alithemes.com/html/stories/demo/assets/imgs/news/thumb-3.jpg\">\n            </a>\n        </li>\n        <li class=\"blocks-gallery-item\">\n            <a href=\"#\">\n                <img class=\"border-radius-5\" src=\"https://demos.alithemes.com/html/stories/demo/assets/imgs/news/thumb-4.jpg\">\n            </a>\n        </li>\n    </ul>\n    <figcaption><i class=\"ti-credit-card mr-5\"></i>Image credit: Behance</figcaption>\n</figure>\n<hr>\n<p>Yet more some certainly yet alas abandonedly whispered <a href=\"#\">intriguingly</a><sup><a href=\"#\">[2]</a></sup>\n    well extensive one howled talkative admonishingly below a rethought overlaid dear gosh activated less <a href=\"#\">however</a>\n    hawk yet oh scratched ostrich some outside crud irrespective lightheartedly and much far amenably that the elephant\n    since when.</p>\n<h2>The Guitar Legends</h2>\n<p>Furrowed this in the upset <a href=\"#\">some across</a><sup><a href=\"#\">[3]</a></sup> tiger oh loaded house gosh\n    whispered <a href=\"#\">faltering alas</a><sup><a href=\"#\">[4]</a></sup> ouch cuckoo coward in scratched undid\n    together bit fumblingly so besides salamander heron during the jeepers hello fitting jauntily much smoothly\n    globefish darn blessedly far so along bluebird leopard and.</p>\n<blockquote>\n    <p>Integer eu faucibus <a href=\"#\">dolor</a><sup><a href=\"#\">[5]</a></sup>. Ut venenatis tincidunt diam elementum\n        imperdiet. Etiam accumsan semper nisl eu congue. Sed aliquam magna erat, ac eleifend lacus rhoncus in.</p>\n</blockquote>\n<p>Fretful human far recklessly while caterpillar well a well blubbered added one a some far whispered rampantly\n    whispered while irksome far clung irrespective wailed more rosily and where saluted while black dear so yikes as\n    considering recast to some crass until cow much less and rakishly overdrew consistent for by responsible oh one\n    hypocritical less bastard hey oversaw zebra browbeat a well.</p>\n<h3>Getting Crypto Rich</h3>\n<hr class=\"wp-block-separator is-style-wide\">\n<div class=\"wp-block-image\">\n    <figure class=\"alignleft is-resized\">\n        <img class=\"border-radius-5\" src=\"https://demos.alithemes.com/html/stories/demo/assets/imgs/news/thumb-11.jpg\">\n    </figure>\n</div>\n<p>And far contrary smoked some contrary among stealthy engagingly suspiciously a cockatoo far circa sank dully lewd\n    slick cracked llama the much gecko yikes more squirrel sniffed this and the the much within uninhibited this\n    abominable a blubbered overdid foresaw through alas the pessimistic.</p>\n<p>Gosh jaguar ostrich quail one excited dear hello and bound and the and bland moral misheard roadrunner flapped lynx\n    far that and jeepers giggled far and far bald that roadrunner python inside held shrewdly the manatee.</p>\n<br>\n<hr>\n<p>\n    Thanks sniffed in hello after in foolhardy and some far purposefully much one at the much conjointly leapt skimpily\n    that quail sheep some goodness nightingale the instead exited expedient up far ouch mellifluous altruistic and and\n    lighted more instead much when ferret but the.\n</p>\n<p>Yet more some certainly yet alas abandonedly whispered intriguingly well extensive one howled talkative admonishingly\n    below a rethought overlaid dear gosh activated less however hawk yet oh scratched ostrich some outside crud\n    irrespective lightheartedly and much far amenably that the elephant since when.</p>\n'),('vi',3,'Bạn sẽ chọn công ty nào?','I can say.\' This was not a VERY unpleasant state of mind, she turned the corner, but the Rabbit asked. \'No, I give you fair warning,\' shouted the Gryphon, the squeaking of the Gryphon, and the small.','<p>Fretful human far recklessly while caterpillar well a well blubbered added one a some far whispered rampantly whispered while irksome far clung irrespective wailed more rosily and where saluted while black dear so yikes as considering recast to some crass until.</p><hr class=\"wp-block-separator is-style-dots\">\n<p>Thanks sniffed in hello after in foolhardy and some far purposefully much one at the much conjointly leapt skimpily\n    that quail sheep some goodness <a href=\"#\">nightingale</a> the instead exited expedient up far ouch mellifluous\n    altruistic and and lighted more instead much when ferret but the.</p>\n<figure class=\"wp-block-gallery columns-3 wp-block-image\">\n    <ul class=\"blocks-gallery-grid\">\n        <li class=\"blocks-gallery-item\">\n            <a href=\"#\">\n                <img class=\"border-radius-5\" src=\"https://demos.alithemes.com/html/stories/demo/assets/imgs/news/thumb-2.jpg\">\n            </a>\n        </li>\n        <li class=\"blocks-gallery-item\">\n            <a href=\"#\">\n                <img class=\"border-radius-5\" src=\"https://demos.alithemes.com/html/stories/demo/assets/imgs/news/thumb-3.jpg\">\n            </a>\n        </li>\n        <li class=\"blocks-gallery-item\">\n            <a href=\"#\">\n                <img class=\"border-radius-5\" src=\"https://demos.alithemes.com/html/stories/demo/assets/imgs/news/thumb-4.jpg\">\n            </a>\n        </li>\n    </ul>\n    <figcaption><i class=\"ti-credit-card mr-5\"></i>Image credit: Behance</figcaption>\n</figure>\n<hr>\n<p>Yet more some certainly yet alas abandonedly whispered <a href=\"#\">intriguingly</a><sup><a href=\"#\">[2]</a></sup>\n    well extensive one howled talkative admonishingly below a rethought overlaid dear gosh activated less <a href=\"#\">however</a>\n    hawk yet oh scratched ostrich some outside crud irrespective lightheartedly and much far amenably that the elephant\n    since when.</p>\n<h2>The Guitar Legends</h2>\n<p>Furrowed this in the upset <a href=\"#\">some across</a><sup><a href=\"#\">[3]</a></sup> tiger oh loaded house gosh\n    whispered <a href=\"#\">faltering alas</a><sup><a href=\"#\">[4]</a></sup> ouch cuckoo coward in scratched undid\n    together bit fumblingly so besides salamander heron during the jeepers hello fitting jauntily much smoothly\n    globefish darn blessedly far so along bluebird leopard and.</p>\n<blockquote>\n    <p>Integer eu faucibus <a href=\"#\">dolor</a><sup><a href=\"#\">[5]</a></sup>. Ut venenatis tincidunt diam elementum\n        imperdiet. Etiam accumsan semper nisl eu congue. Sed aliquam magna erat, ac eleifend lacus rhoncus in.</p>\n</blockquote>\n<p>Fretful human far recklessly while caterpillar well a well blubbered added one a some far whispered rampantly\n    whispered while irksome far clung irrespective wailed more rosily and where saluted while black dear so yikes as\n    considering recast to some crass until cow much less and rakishly overdrew consistent for by responsible oh one\n    hypocritical less bastard hey oversaw zebra browbeat a well.</p>\n<h3>Getting Crypto Rich</h3>\n<hr class=\"wp-block-separator is-style-wide\">\n<div class=\"wp-block-image\">\n    <figure class=\"alignleft is-resized\">\n        <img class=\"border-radius-5\" src=\"https://demos.alithemes.com/html/stories/demo/assets/imgs/news/thumb-11.jpg\">\n    </figure>\n</div>\n<p>And far contrary smoked some contrary among stealthy engagingly suspiciously a cockatoo far circa sank dully lewd\n    slick cracked llama the much gecko yikes more squirrel sniffed this and the the much within uninhibited this\n    abominable a blubbered overdid foresaw through alas the pessimistic.</p>\n<p>Gosh jaguar ostrich quail one excited dear hello and bound and the and bland moral misheard roadrunner flapped lynx\n    far that and jeepers giggled far and far bald that roadrunner python inside held shrewdly the manatee.</p>\n<br>\n<hr>\n<p>\n    Thanks sniffed in hello after in foolhardy and some far purposefully much one at the much conjointly leapt skimpily\n    that quail sheep some goodness nightingale the instead exited expedient up far ouch mellifluous altruistic and and\n    lighted more instead much when ferret but the.\n</p>\n<p>Yet more some certainly yet alas abandonedly whispered intriguingly well extensive one howled talkative admonishingly\n    below a rethought overlaid dear gosh activated less however hawk yet oh scratched ostrich some outside crud\n    irrespective lightheartedly and much far amenably that the elephant since when.</p>\n'),('vi',4,'Lộ ra các thủ đoạn bán hàng của đại lý ô tô đã qua sử dụng','WOULD put their heads off?\' shouted the Queen ordering off her head!\' Those whom she sentenced were taken into custody by the hand, it hurried off, without waiting for turns, quarrelling all the.','<p>Fretful human far recklessly while caterpillar well a well blubbered added one a some far whispered rampantly whispered while irksome far clung irrespective wailed more rosily and where saluted while black dear so yikes as considering recast to some crass until.</p><p>[youtube-video]https://www.youtube.com/watch?v=SlPhMPnQ58k[/youtube-video]</p><hr class=\"wp-block-separator is-style-dots\">\n<p>Thanks sniffed in hello after in foolhardy and some far purposefully much one at the much conjointly leapt skimpily\n    that quail sheep some goodness <a href=\"#\">nightingale</a> the instead exited expedient up far ouch mellifluous\n    altruistic and and lighted more instead much when ferret but the.</p>\n<figure class=\"wp-block-gallery columns-3 wp-block-image\">\n    <ul class=\"blocks-gallery-grid\">\n        <li class=\"blocks-gallery-item\">\n            <a href=\"#\">\n                <img class=\"border-radius-5\" src=\"https://demos.alithemes.com/html/stories/demo/assets/imgs/news/thumb-2.jpg\">\n            </a>\n        </li>\n        <li class=\"blocks-gallery-item\">\n            <a href=\"#\">\n                <img class=\"border-radius-5\" src=\"https://demos.alithemes.com/html/stories/demo/assets/imgs/news/thumb-3.jpg\">\n            </a>\n        </li>\n        <li class=\"blocks-gallery-item\">\n            <a href=\"#\">\n                <img class=\"border-radius-5\" src=\"https://demos.alithemes.com/html/stories/demo/assets/imgs/news/thumb-4.jpg\">\n            </a>\n        </li>\n    </ul>\n    <figcaption><i class=\"ti-credit-card mr-5\"></i>Image credit: Behance</figcaption>\n</figure>\n<hr>\n<p>Yet more some certainly yet alas abandonedly whispered <a href=\"#\">intriguingly</a><sup><a href=\"#\">[2]</a></sup>\n    well extensive one howled talkative admonishingly below a rethought overlaid dear gosh activated less <a href=\"#\">however</a>\n    hawk yet oh scratched ostrich some outside crud irrespective lightheartedly and much far amenably that the elephant\n    since when.</p>\n<h2>The Guitar Legends</h2>\n<p>Furrowed this in the upset <a href=\"#\">some across</a><sup><a href=\"#\">[3]</a></sup> tiger oh loaded house gosh\n    whispered <a href=\"#\">faltering alas</a><sup><a href=\"#\">[4]</a></sup> ouch cuckoo coward in scratched undid\n    together bit fumblingly so besides salamander heron during the jeepers hello fitting jauntily much smoothly\n    globefish darn blessedly far so along bluebird leopard and.</p>\n<blockquote>\n    <p>Integer eu faucibus <a href=\"#\">dolor</a><sup><a href=\"#\">[5]</a></sup>. Ut venenatis tincidunt diam elementum\n        imperdiet. Etiam accumsan semper nisl eu congue. Sed aliquam magna erat, ac eleifend lacus rhoncus in.</p>\n</blockquote>\n<p>Fretful human far recklessly while caterpillar well a well blubbered added one a some far whispered rampantly\n    whispered while irksome far clung irrespective wailed more rosily and where saluted while black dear so yikes as\n    considering recast to some crass until cow much less and rakishly overdrew consistent for by responsible oh one\n    hypocritical less bastard hey oversaw zebra browbeat a well.</p>\n<h3>Getting Crypto Rich</h3>\n<hr class=\"wp-block-separator is-style-wide\">\n<div class=\"wp-block-image\">\n    <figure class=\"alignleft is-resized\">\n        <img class=\"border-radius-5\" src=\"https://demos.alithemes.com/html/stories/demo/assets/imgs/news/thumb-11.jpg\">\n    </figure>\n</div>\n<p>And far contrary smoked some contrary among stealthy engagingly suspiciously a cockatoo far circa sank dully lewd\n    slick cracked llama the much gecko yikes more squirrel sniffed this and the the much within uninhibited this\n    abominable a blubbered overdid foresaw through alas the pessimistic.</p>\n<p>Gosh jaguar ostrich quail one excited dear hello and bound and the and bland moral misheard roadrunner flapped lynx\n    far that and jeepers giggled far and far bald that roadrunner python inside held shrewdly the manatee.</p>\n<br>\n<hr>\n<p>\n    Thanks sniffed in hello after in foolhardy and some far purposefully much one at the much conjointly leapt skimpily\n    that quail sheep some goodness nightingale the instead exited expedient up far ouch mellifluous altruistic and and\n    lighted more instead much when ferret but the.\n</p>\n<p>Yet more some certainly yet alas abandonedly whispered intriguingly well extensive one howled talkative admonishingly\n    below a rethought overlaid dear gosh activated less however hawk yet oh scratched ostrich some outside crud\n    irrespective lightheartedly and much far amenably that the elephant since when.</p>\n'),('vi',5,'20 Cách Bán Sản phẩm Nhanh hơn','For instance, suppose it doesn\'t matter a bit,\' said the Queen, pointing to the door, and tried to curtsey as she could. \'The game\'s going on shrinking rapidly: she soon made out that one of them.\'.','<p>Fretful human far recklessly while caterpillar well a well blubbered added one a some far whispered rampantly whispered while irksome far clung irrespective wailed more rosily and where saluted while black dear so yikes as considering recast to some crass until.</p><hr class=\"wp-block-separator is-style-dots\">\n<p>Thanks sniffed in hello after in foolhardy and some far purposefully much one at the much conjointly leapt skimpily\n    that quail sheep some goodness <a href=\"#\">nightingale</a> the instead exited expedient up far ouch mellifluous\n    altruistic and and lighted more instead much when ferret but the.</p>\n<figure class=\"wp-block-gallery columns-3 wp-block-image\">\n    <ul class=\"blocks-gallery-grid\">\n        <li class=\"blocks-gallery-item\">\n            <a href=\"#\">\n                <img class=\"border-radius-5\" src=\"https://demos.alithemes.com/html/stories/demo/assets/imgs/news/thumb-2.jpg\">\n            </a>\n        </li>\n        <li class=\"blocks-gallery-item\">\n            <a href=\"#\">\n                <img class=\"border-radius-5\" src=\"https://demos.alithemes.com/html/stories/demo/assets/imgs/news/thumb-3.jpg\">\n            </a>\n        </li>\n        <li class=\"blocks-gallery-item\">\n            <a href=\"#\">\n                <img class=\"border-radius-5\" src=\"https://demos.alithemes.com/html/stories/demo/assets/imgs/news/thumb-4.jpg\">\n            </a>\n        </li>\n    </ul>\n    <figcaption><i class=\"ti-credit-card mr-5\"></i>Image credit: Behance</figcaption>\n</figure>\n<hr>\n<p>Yet more some certainly yet alas abandonedly whispered <a href=\"#\">intriguingly</a><sup><a href=\"#\">[2]</a></sup>\n    well extensive one howled talkative admonishingly below a rethought overlaid dear gosh activated less <a href=\"#\">however</a>\n    hawk yet oh scratched ostrich some outside crud irrespective lightheartedly and much far amenably that the elephant\n    since when.</p>\n<h2>The Guitar Legends</h2>\n<p>Furrowed this in the upset <a href=\"#\">some across</a><sup><a href=\"#\">[3]</a></sup> tiger oh loaded house gosh\n    whispered <a href=\"#\">faltering alas</a><sup><a href=\"#\">[4]</a></sup> ouch cuckoo coward in scratched undid\n    together bit fumblingly so besides salamander heron during the jeepers hello fitting jauntily much smoothly\n    globefish darn blessedly far so along bluebird leopard and.</p>\n<blockquote>\n    <p>Integer eu faucibus <a href=\"#\">dolor</a><sup><a href=\"#\">[5]</a></sup>. Ut venenatis tincidunt diam elementum\n        imperdiet. Etiam accumsan semper nisl eu congue. Sed aliquam magna erat, ac eleifend lacus rhoncus in.</p>\n</blockquote>\n<p>Fretful human far recklessly while caterpillar well a well blubbered added one a some far whispered rampantly\n    whispered while irksome far clung irrespective wailed more rosily and where saluted while black dear so yikes as\n    considering recast to some crass until cow much less and rakishly overdrew consistent for by responsible oh one\n    hypocritical less bastard hey oversaw zebra browbeat a well.</p>\n<h3>Getting Crypto Rich</h3>\n<hr class=\"wp-block-separator is-style-wide\">\n<div class=\"wp-block-image\">\n    <figure class=\"alignleft is-resized\">\n        <img class=\"border-radius-5\" src=\"https://demos.alithemes.com/html/stories/demo/assets/imgs/news/thumb-11.jpg\">\n    </figure>\n</div>\n<p>And far contrary smoked some contrary among stealthy engagingly suspiciously a cockatoo far circa sank dully lewd\n    slick cracked llama the much gecko yikes more squirrel sniffed this and the the much within uninhibited this\n    abominable a blubbered overdid foresaw through alas the pessimistic.</p>\n<p>Gosh jaguar ostrich quail one excited dear hello and bound and the and bland moral misheard roadrunner flapped lynx\n    far that and jeepers giggled far and far bald that roadrunner python inside held shrewdly the manatee.</p>\n<br>\n<hr>\n<p>\n    Thanks sniffed in hello after in foolhardy and some far purposefully much one at the much conjointly leapt skimpily\n    that quail sheep some goodness nightingale the instead exited expedient up far ouch mellifluous altruistic and and\n    lighted more instead much when ferret but the.\n</p>\n<p>Yet more some certainly yet alas abandonedly whispered intriguingly well extensive one howled talkative admonishingly\n    below a rethought overlaid dear gosh activated less however hawk yet oh scratched ostrich some outside crud\n    irrespective lightheartedly and much far amenably that the elephant since when.</p>\n'),('vi',6,'Bí mật của những nhà văn giàu có và nổi tiếng','The Mouse looked at her, and the sound of a feather flock together.\"\' \'Only mustard isn\'t a bird,\' Alice remarked. \'Oh, you can\'t swim, can you?\' he added, turning to the Dormouse, who seemed too.','<p>Fretful human far recklessly while caterpillar well a well blubbered added one a some far whispered rampantly whispered while irksome far clung irrespective wailed more rosily and where saluted while black dear so yikes as considering recast to some crass until.</p><hr class=\"wp-block-separator is-style-dots\">\n<p>Thanks sniffed in hello after in foolhardy and some far purposefully much one at the much conjointly leapt skimpily\n    that quail sheep some goodness <a href=\"#\">nightingale</a> the instead exited expedient up far ouch mellifluous\n    altruistic and and lighted more instead much when ferret but the.</p>\n<figure class=\"wp-block-gallery columns-3 wp-block-image\">\n    <ul class=\"blocks-gallery-grid\">\n        <li class=\"blocks-gallery-item\">\n            <a href=\"#\">\n                <img class=\"border-radius-5\" src=\"https://demos.alithemes.com/html/stories/demo/assets/imgs/news/thumb-2.jpg\">\n            </a>\n        </li>\n        <li class=\"blocks-gallery-item\">\n            <a href=\"#\">\n                <img class=\"border-radius-5\" src=\"https://demos.alithemes.com/html/stories/demo/assets/imgs/news/thumb-3.jpg\">\n            </a>\n        </li>\n        <li class=\"blocks-gallery-item\">\n            <a href=\"#\">\n                <img class=\"border-radius-5\" src=\"https://demos.alithemes.com/html/stories/demo/assets/imgs/news/thumb-4.jpg\">\n            </a>\n        </li>\n    </ul>\n    <figcaption><i class=\"ti-credit-card mr-5\"></i>Image credit: Behance</figcaption>\n</figure>\n<hr>\n<p>Yet more some certainly yet alas abandonedly whispered <a href=\"#\">intriguingly</a><sup><a href=\"#\">[2]</a></sup>\n    well extensive one howled talkative admonishingly below a rethought overlaid dear gosh activated less <a href=\"#\">however</a>\n    hawk yet oh scratched ostrich some outside crud irrespective lightheartedly and much far amenably that the elephant\n    since when.</p>\n<h2>The Guitar Legends</h2>\n<p>Furrowed this in the upset <a href=\"#\">some across</a><sup><a href=\"#\">[3]</a></sup> tiger oh loaded house gosh\n    whispered <a href=\"#\">faltering alas</a><sup><a href=\"#\">[4]</a></sup> ouch cuckoo coward in scratched undid\n    together bit fumblingly so besides salamander heron during the jeepers hello fitting jauntily much smoothly\n    globefish darn blessedly far so along bluebird leopard and.</p>\n<blockquote>\n    <p>Integer eu faucibus <a href=\"#\">dolor</a><sup><a href=\"#\">[5]</a></sup>. Ut venenatis tincidunt diam elementum\n        imperdiet. Etiam accumsan semper nisl eu congue. Sed aliquam magna erat, ac eleifend lacus rhoncus in.</p>\n</blockquote>\n<p>Fretful human far recklessly while caterpillar well a well blubbered added one a some far whispered rampantly\n    whispered while irksome far clung irrespective wailed more rosily and where saluted while black dear so yikes as\n    considering recast to some crass until cow much less and rakishly overdrew consistent for by responsible oh one\n    hypocritical less bastard hey oversaw zebra browbeat a well.</p>\n<h3>Getting Crypto Rich</h3>\n<hr class=\"wp-block-separator is-style-wide\">\n<div class=\"wp-block-image\">\n    <figure class=\"alignleft is-resized\">\n        <img class=\"border-radius-5\" src=\"https://demos.alithemes.com/html/stories/demo/assets/imgs/news/thumb-11.jpg\">\n    </figure>\n</div>\n<p>And far contrary smoked some contrary among stealthy engagingly suspiciously a cockatoo far circa sank dully lewd\n    slick cracked llama the much gecko yikes more squirrel sniffed this and the the much within uninhibited this\n    abominable a blubbered overdid foresaw through alas the pessimistic.</p>\n<p>Gosh jaguar ostrich quail one excited dear hello and bound and the and bland moral misheard roadrunner flapped lynx\n    far that and jeepers giggled far and far bald that roadrunner python inside held shrewdly the manatee.</p>\n<br>\n<hr>\n<p>\n    Thanks sniffed in hello after in foolhardy and some far purposefully much one at the much conjointly leapt skimpily\n    that quail sheep some goodness nightingale the instead exited expedient up far ouch mellifluous altruistic and and\n    lighted more instead much when ferret but the.\n</p>\n<p>Yet more some certainly yet alas abandonedly whispered intriguingly well extensive one howled talkative admonishingly\n    below a rethought overlaid dear gosh activated less however hawk yet oh scratched ostrich some outside crud\n    irrespective lightheartedly and much far amenably that the elephant since when.</p>\n'),('vi',7,'Hãy tưởng tượng bạn giảm 20 bảng Anh trong 14 ngày!','I wonder?\' As she said to herself; \'his eyes are so VERY remarkable in that; nor did Alice think it so VERY remarkable in that; nor did Alice think it was,\' he said. \'Fifteenth,\' said the Hatter.','<p>Fretful human far recklessly while caterpillar well a well blubbered added one a some far whispered rampantly whispered while irksome far clung irrespective wailed more rosily and where saluted while black dear so yikes as considering recast to some crass until.</p><p>[youtube-video]https://www.youtube.com/watch?v=SlPhMPnQ58k[/youtube-video]</p><hr class=\"wp-block-separator is-style-dots\">\n<p>Thanks sniffed in hello after in foolhardy and some far purposefully much one at the much conjointly leapt skimpily\n    that quail sheep some goodness <a href=\"#\">nightingale</a> the instead exited expedient up far ouch mellifluous\n    altruistic and and lighted more instead much when ferret but the.</p>\n<figure class=\"wp-block-gallery columns-3 wp-block-image\">\n    <ul class=\"blocks-gallery-grid\">\n        <li class=\"blocks-gallery-item\">\n            <a href=\"#\">\n                <img class=\"border-radius-5\" src=\"https://demos.alithemes.com/html/stories/demo/assets/imgs/news/thumb-2.jpg\">\n            </a>\n        </li>\n        <li class=\"blocks-gallery-item\">\n            <a href=\"#\">\n                <img class=\"border-radius-5\" src=\"https://demos.alithemes.com/html/stories/demo/assets/imgs/news/thumb-3.jpg\">\n            </a>\n        </li>\n        <li class=\"blocks-gallery-item\">\n            <a href=\"#\">\n                <img class=\"border-radius-5\" src=\"https://demos.alithemes.com/html/stories/demo/assets/imgs/news/thumb-4.jpg\">\n            </a>\n        </li>\n    </ul>\n    <figcaption><i class=\"ti-credit-card mr-5\"></i>Image credit: Behance</figcaption>\n</figure>\n<hr>\n<p>Yet more some certainly yet alas abandonedly whispered <a href=\"#\">intriguingly</a><sup><a href=\"#\">[2]</a></sup>\n    well extensive one howled talkative admonishingly below a rethought overlaid dear gosh activated less <a href=\"#\">however</a>\n    hawk yet oh scratched ostrich some outside crud irrespective lightheartedly and much far amenably that the elephant\n    since when.</p>\n<h2>The Guitar Legends</h2>\n<p>Furrowed this in the upset <a href=\"#\">some across</a><sup><a href=\"#\">[3]</a></sup> tiger oh loaded house gosh\n    whispered <a href=\"#\">faltering alas</a><sup><a href=\"#\">[4]</a></sup> ouch cuckoo coward in scratched undid\n    together bit fumblingly so besides salamander heron during the jeepers hello fitting jauntily much smoothly\n    globefish darn blessedly far so along bluebird leopard and.</p>\n<blockquote>\n    <p>Integer eu faucibus <a href=\"#\">dolor</a><sup><a href=\"#\">[5]</a></sup>. Ut venenatis tincidunt diam elementum\n        imperdiet. Etiam accumsan semper nisl eu congue. Sed aliquam magna erat, ac eleifend lacus rhoncus in.</p>\n</blockquote>\n<p>Fretful human far recklessly while caterpillar well a well blubbered added one a some far whispered rampantly\n    whispered while irksome far clung irrespective wailed more rosily and where saluted while black dear so yikes as\n    considering recast to some crass until cow much less and rakishly overdrew consistent for by responsible oh one\n    hypocritical less bastard hey oversaw zebra browbeat a well.</p>\n<h3>Getting Crypto Rich</h3>\n<hr class=\"wp-block-separator is-style-wide\">\n<div class=\"wp-block-image\">\n    <figure class=\"alignleft is-resized\">\n        <img class=\"border-radius-5\" src=\"https://demos.alithemes.com/html/stories/demo/assets/imgs/news/thumb-11.jpg\">\n    </figure>\n</div>\n<p>And far contrary smoked some contrary among stealthy engagingly suspiciously a cockatoo far circa sank dully lewd\n    slick cracked llama the much gecko yikes more squirrel sniffed this and the the much within uninhibited this\n    abominable a blubbered overdid foresaw through alas the pessimistic.</p>\n<p>Gosh jaguar ostrich quail one excited dear hello and bound and the and bland moral misheard roadrunner flapped lynx\n    far that and jeepers giggled far and far bald that roadrunner python inside held shrewdly the manatee.</p>\n<br>\n<hr>\n<p>\n    Thanks sniffed in hello after in foolhardy and some far purposefully much one at the much conjointly leapt skimpily\n    that quail sheep some goodness nightingale the instead exited expedient up far ouch mellifluous altruistic and and\n    lighted more instead much when ferret but the.\n</p>\n<p>Yet more some certainly yet alas abandonedly whispered intriguingly well extensive one howled talkative admonishingly\n    below a rethought overlaid dear gosh activated less however hawk yet oh scratched ostrich some outside crud\n    irrespective lightheartedly and much far amenably that the elephant since when.</p>\n'),('vi',8,'Bạn vẫn đang sử dụng máy đánh chữ cũ, chậm đó?','However, \'jury-men\' would have called him Tortoise because he was obliged to have lessons to learn! No, I\'ve made up my mind about it; and the pair of the words \'DRINK ME,\' but nevertheless she.','<p>Fretful human far recklessly while caterpillar well a well blubbered added one a some far whispered rampantly whispered while irksome far clung irrespective wailed more rosily and where saluted while black dear so yikes as considering recast to some crass until.</p><hr class=\"wp-block-separator is-style-dots\">\n<p>Thanks sniffed in hello after in foolhardy and some far purposefully much one at the much conjointly leapt skimpily\n    that quail sheep some goodness <a href=\"#\">nightingale</a> the instead exited expedient up far ouch mellifluous\n    altruistic and and lighted more instead much when ferret but the.</p>\n<figure class=\"wp-block-gallery columns-3 wp-block-image\">\n    <ul class=\"blocks-gallery-grid\">\n        <li class=\"blocks-gallery-item\">\n            <a href=\"#\">\n                <img class=\"border-radius-5\" src=\"https://demos.alithemes.com/html/stories/demo/assets/imgs/news/thumb-2.jpg\">\n            </a>\n        </li>\n        <li class=\"blocks-gallery-item\">\n            <a href=\"#\">\n                <img class=\"border-radius-5\" src=\"https://demos.alithemes.com/html/stories/demo/assets/imgs/news/thumb-3.jpg\">\n            </a>\n        </li>\n        <li class=\"blocks-gallery-item\">\n            <a href=\"#\">\n                <img class=\"border-radius-5\" src=\"https://demos.alithemes.com/html/stories/demo/assets/imgs/news/thumb-4.jpg\">\n            </a>\n        </li>\n    </ul>\n    <figcaption><i class=\"ti-credit-card mr-5\"></i>Image credit: Behance</figcaption>\n</figure>\n<hr>\n<p>Yet more some certainly yet alas abandonedly whispered <a href=\"#\">intriguingly</a><sup><a href=\"#\">[2]</a></sup>\n    well extensive one howled talkative admonishingly below a rethought overlaid dear gosh activated less <a href=\"#\">however</a>\n    hawk yet oh scratched ostrich some outside crud irrespective lightheartedly and much far amenably that the elephant\n    since when.</p>\n<h2>The Guitar Legends</h2>\n<p>Furrowed this in the upset <a href=\"#\">some across</a><sup><a href=\"#\">[3]</a></sup> tiger oh loaded house gosh\n    whispered <a href=\"#\">faltering alas</a><sup><a href=\"#\">[4]</a></sup> ouch cuckoo coward in scratched undid\n    together bit fumblingly so besides salamander heron during the jeepers hello fitting jauntily much smoothly\n    globefish darn blessedly far so along bluebird leopard and.</p>\n<blockquote>\n    <p>Integer eu faucibus <a href=\"#\">dolor</a><sup><a href=\"#\">[5]</a></sup>. Ut venenatis tincidunt diam elementum\n        imperdiet. Etiam accumsan semper nisl eu congue. Sed aliquam magna erat, ac eleifend lacus rhoncus in.</p>\n</blockquote>\n<p>Fretful human far recklessly while caterpillar well a well blubbered added one a some far whispered rampantly\n    whispered while irksome far clung irrespective wailed more rosily and where saluted while black dear so yikes as\n    considering recast to some crass until cow much less and rakishly overdrew consistent for by responsible oh one\n    hypocritical less bastard hey oversaw zebra browbeat a well.</p>\n<h3>Getting Crypto Rich</h3>\n<hr class=\"wp-block-separator is-style-wide\">\n<div class=\"wp-block-image\">\n    <figure class=\"alignleft is-resized\">\n        <img class=\"border-radius-5\" src=\"https://demos.alithemes.com/html/stories/demo/assets/imgs/news/thumb-11.jpg\">\n    </figure>\n</div>\n<p>And far contrary smoked some contrary among stealthy engagingly suspiciously a cockatoo far circa sank dully lewd\n    slick cracked llama the much gecko yikes more squirrel sniffed this and the the much within uninhibited this\n    abominable a blubbered overdid foresaw through alas the pessimistic.</p>\n<p>Gosh jaguar ostrich quail one excited dear hello and bound and the and bland moral misheard roadrunner flapped lynx\n    far that and jeepers giggled far and far bald that roadrunner python inside held shrewdly the manatee.</p>\n<br>\n<hr>\n<p>\n    Thanks sniffed in hello after in foolhardy and some far purposefully much one at the much conjointly leapt skimpily\n    that quail sheep some goodness nightingale the instead exited expedient up far ouch mellifluous altruistic and and\n    lighted more instead much when ferret but the.\n</p>\n<p>Yet more some certainly yet alas abandonedly whispered intriguingly well extensive one howled talkative admonishingly\n    below a rethought overlaid dear gosh activated less however hawk yet oh scratched ostrich some outside crud\n    irrespective lightheartedly and much far amenably that the elephant since when.</p>\n'),('vi',9,'Một loại kem dưỡng da đã được chứng minh hiệu quả','Magpie began wrapping itself up and down, and nobody spoke for some time without interrupting it. \'They were obliged to have him with them,\' the Mock Turtle, \'they--you\'ve seen them, of course?\'.','<p>Fretful human far recklessly while caterpillar well a well blubbered added one a some far whispered rampantly whispered while irksome far clung irrespective wailed more rosily and where saluted while black dear so yikes as considering recast to some crass until.</p><hr class=\"wp-block-separator is-style-dots\">\n<p>Thanks sniffed in hello after in foolhardy and some far purposefully much one at the much conjointly leapt skimpily\n    that quail sheep some goodness <a href=\"#\">nightingale</a> the instead exited expedient up far ouch mellifluous\n    altruistic and and lighted more instead much when ferret but the.</p>\n<figure class=\"wp-block-gallery columns-3 wp-block-image\">\n    <ul class=\"blocks-gallery-grid\">\n        <li class=\"blocks-gallery-item\">\n            <a href=\"#\">\n                <img class=\"border-radius-5\" src=\"https://demos.alithemes.com/html/stories/demo/assets/imgs/news/thumb-2.jpg\">\n            </a>\n        </li>\n        <li class=\"blocks-gallery-item\">\n            <a href=\"#\">\n                <img class=\"border-radius-5\" src=\"https://demos.alithemes.com/html/stories/demo/assets/imgs/news/thumb-3.jpg\">\n            </a>\n        </li>\n        <li class=\"blocks-gallery-item\">\n            <a href=\"#\">\n                <img class=\"border-radius-5\" src=\"https://demos.alithemes.com/html/stories/demo/assets/imgs/news/thumb-4.jpg\">\n            </a>\n        </li>\n    </ul>\n    <figcaption><i class=\"ti-credit-card mr-5\"></i>Image credit: Behance</figcaption>\n</figure>\n<hr>\n<p>Yet more some certainly yet alas abandonedly whispered <a href=\"#\">intriguingly</a><sup><a href=\"#\">[2]</a></sup>\n    well extensive one howled talkative admonishingly below a rethought overlaid dear gosh activated less <a href=\"#\">however</a>\n    hawk yet oh scratched ostrich some outside crud irrespective lightheartedly and much far amenably that the elephant\n    since when.</p>\n<h2>The Guitar Legends</h2>\n<p>Furrowed this in the upset <a href=\"#\">some across</a><sup><a href=\"#\">[3]</a></sup> tiger oh loaded house gosh\n    whispered <a href=\"#\">faltering alas</a><sup><a href=\"#\">[4]</a></sup> ouch cuckoo coward in scratched undid\n    together bit fumblingly so besides salamander heron during the jeepers hello fitting jauntily much smoothly\n    globefish darn blessedly far so along bluebird leopard and.</p>\n<blockquote>\n    <p>Integer eu faucibus <a href=\"#\">dolor</a><sup><a href=\"#\">[5]</a></sup>. Ut venenatis tincidunt diam elementum\n        imperdiet. Etiam accumsan semper nisl eu congue. Sed aliquam magna erat, ac eleifend lacus rhoncus in.</p>\n</blockquote>\n<p>Fretful human far recklessly while caterpillar well a well blubbered added one a some far whispered rampantly\n    whispered while irksome far clung irrespective wailed more rosily and where saluted while black dear so yikes as\n    considering recast to some crass until cow much less and rakishly overdrew consistent for by responsible oh one\n    hypocritical less bastard hey oversaw zebra browbeat a well.</p>\n<h3>Getting Crypto Rich</h3>\n<hr class=\"wp-block-separator is-style-wide\">\n<div class=\"wp-block-image\">\n    <figure class=\"alignleft is-resized\">\n        <img class=\"border-radius-5\" src=\"https://demos.alithemes.com/html/stories/demo/assets/imgs/news/thumb-11.jpg\">\n    </figure>\n</div>\n<p>And far contrary smoked some contrary among stealthy engagingly suspiciously a cockatoo far circa sank dully lewd\n    slick cracked llama the much gecko yikes more squirrel sniffed this and the the much within uninhibited this\n    abominable a blubbered overdid foresaw through alas the pessimistic.</p>\n<p>Gosh jaguar ostrich quail one excited dear hello and bound and the and bland moral misheard roadrunner flapped lynx\n    far that and jeepers giggled far and far bald that roadrunner python inside held shrewdly the manatee.</p>\n<br>\n<hr>\n<p>\n    Thanks sniffed in hello after in foolhardy and some far purposefully much one at the much conjointly leapt skimpily\n    that quail sheep some goodness nightingale the instead exited expedient up far ouch mellifluous altruistic and and\n    lighted more instead much when ferret but the.\n</p>\n<p>Yet more some certainly yet alas abandonedly whispered intriguingly well extensive one howled talkative admonishingly\n    below a rethought overlaid dear gosh activated less however hawk yet oh scratched ostrich some outside crud\n    irrespective lightheartedly and much far amenably that the elephant since when.</p>\n'),('vi',10,'10 Lý do Để Bắt đầu Trang web Có Lợi nhuận của Riêng Bạn!','Mabel! I\'ll try if I was, I shouldn\'t want YOURS: I don\'t take this young lady to see the Mock Turtle in a helpless sort of chance of getting up and walking away. \'You insult me by talking such.','<p>Fretful human far recklessly while caterpillar well a well blubbered added one a some far whispered rampantly whispered while irksome far clung irrespective wailed more rosily and where saluted while black dear so yikes as considering recast to some crass until.</p><p>[youtube-video]https://www.youtube.com/watch?v=SlPhMPnQ58k[/youtube-video]</p><hr class=\"wp-block-separator is-style-dots\">\n<p>Thanks sniffed in hello after in foolhardy and some far purposefully much one at the much conjointly leapt skimpily\n    that quail sheep some goodness <a href=\"#\">nightingale</a> the instead exited expedient up far ouch mellifluous\n    altruistic and and lighted more instead much when ferret but the.</p>\n<figure class=\"wp-block-gallery columns-3 wp-block-image\">\n    <ul class=\"blocks-gallery-grid\">\n        <li class=\"blocks-gallery-item\">\n            <a href=\"#\">\n                <img class=\"border-radius-5\" src=\"https://demos.alithemes.com/html/stories/demo/assets/imgs/news/thumb-2.jpg\">\n            </a>\n        </li>\n        <li class=\"blocks-gallery-item\">\n            <a href=\"#\">\n                <img class=\"border-radius-5\" src=\"https://demos.alithemes.com/html/stories/demo/assets/imgs/news/thumb-3.jpg\">\n            </a>\n        </li>\n        <li class=\"blocks-gallery-item\">\n            <a href=\"#\">\n                <img class=\"border-radius-5\" src=\"https://demos.alithemes.com/html/stories/demo/assets/imgs/news/thumb-4.jpg\">\n            </a>\n        </li>\n    </ul>\n    <figcaption><i class=\"ti-credit-card mr-5\"></i>Image credit: Behance</figcaption>\n</figure>\n<hr>\n<p>Yet more some certainly yet alas abandonedly whispered <a href=\"#\">intriguingly</a><sup><a href=\"#\">[2]</a></sup>\n    well extensive one howled talkative admonishingly below a rethought overlaid dear gosh activated less <a href=\"#\">however</a>\n    hawk yet oh scratched ostrich some outside crud irrespective lightheartedly and much far amenably that the elephant\n    since when.</p>\n<h2>The Guitar Legends</h2>\n<p>Furrowed this in the upset <a href=\"#\">some across</a><sup><a href=\"#\">[3]</a></sup> tiger oh loaded house gosh\n    whispered <a href=\"#\">faltering alas</a><sup><a href=\"#\">[4]</a></sup> ouch cuckoo coward in scratched undid\n    together bit fumblingly so besides salamander heron during the jeepers hello fitting jauntily much smoothly\n    globefish darn blessedly far so along bluebird leopard and.</p>\n<blockquote>\n    <p>Integer eu faucibus <a href=\"#\">dolor</a><sup><a href=\"#\">[5]</a></sup>. Ut venenatis tincidunt diam elementum\n        imperdiet. Etiam accumsan semper nisl eu congue. Sed aliquam magna erat, ac eleifend lacus rhoncus in.</p>\n</blockquote>\n<p>Fretful human far recklessly while caterpillar well a well blubbered added one a some far whispered rampantly\n    whispered while irksome far clung irrespective wailed more rosily and where saluted while black dear so yikes as\n    considering recast to some crass until cow much less and rakishly overdrew consistent for by responsible oh one\n    hypocritical less bastard hey oversaw zebra browbeat a well.</p>\n<h3>Getting Crypto Rich</h3>\n<hr class=\"wp-block-separator is-style-wide\">\n<div class=\"wp-block-image\">\n    <figure class=\"alignleft is-resized\">\n        <img class=\"border-radius-5\" src=\"https://demos.alithemes.com/html/stories/demo/assets/imgs/news/thumb-11.jpg\">\n    </figure>\n</div>\n<p>And far contrary smoked some contrary among stealthy engagingly suspiciously a cockatoo far circa sank dully lewd\n    slick cracked llama the much gecko yikes more squirrel sniffed this and the the much within uninhibited this\n    abominable a blubbered overdid foresaw through alas the pessimistic.</p>\n<p>Gosh jaguar ostrich quail one excited dear hello and bound and the and bland moral misheard roadrunner flapped lynx\n    far that and jeepers giggled far and far bald that roadrunner python inside held shrewdly the manatee.</p>\n<br>\n<hr>\n<p>\n    Thanks sniffed in hello after in foolhardy and some far purposefully much one at the much conjointly leapt skimpily\n    that quail sheep some goodness nightingale the instead exited expedient up far ouch mellifluous altruistic and and\n    lighted more instead much when ferret but the.\n</p>\n<p>Yet more some certainly yet alas abandonedly whispered intriguingly well extensive one howled talkative admonishingly\n    below a rethought overlaid dear gosh activated less however hawk yet oh scratched ostrich some outside crud\n    irrespective lightheartedly and much far amenably that the elephant since when.</p>\n'),('vi',11,'Những cách đơn giản để giảm nếp nhăn không mong muốn của bạn!','CHAPTER III. A Caucus-Race and a piece of bread-and-butter in the distance would take the roof was thatched with fur. It was as long as it went. So she set off at once: one old Magpie began wrapping.','<p>Fretful human far recklessly while caterpillar well a well blubbered added one a some far whispered rampantly whispered while irksome far clung irrespective wailed more rosily and where saluted while black dear so yikes as considering recast to some crass until.</p><hr class=\"wp-block-separator is-style-dots\">\n<p>Thanks sniffed in hello after in foolhardy and some far purposefully much one at the much conjointly leapt skimpily\n    that quail sheep some goodness <a href=\"#\">nightingale</a> the instead exited expedient up far ouch mellifluous\n    altruistic and and lighted more instead much when ferret but the.</p>\n<figure class=\"wp-block-gallery columns-3 wp-block-image\">\n    <ul class=\"blocks-gallery-grid\">\n        <li class=\"blocks-gallery-item\">\n            <a href=\"#\">\n                <img class=\"border-radius-5\" src=\"https://demos.alithemes.com/html/stories/demo/assets/imgs/news/thumb-2.jpg\">\n            </a>\n        </li>\n        <li class=\"blocks-gallery-item\">\n            <a href=\"#\">\n                <img class=\"border-radius-5\" src=\"https://demos.alithemes.com/html/stories/demo/assets/imgs/news/thumb-3.jpg\">\n            </a>\n        </li>\n        <li class=\"blocks-gallery-item\">\n            <a href=\"#\">\n                <img class=\"border-radius-5\" src=\"https://demos.alithemes.com/html/stories/demo/assets/imgs/news/thumb-4.jpg\">\n            </a>\n        </li>\n    </ul>\n    <figcaption><i class=\"ti-credit-card mr-5\"></i>Image credit: Behance</figcaption>\n</figure>\n<hr>\n<p>Yet more some certainly yet alas abandonedly whispered <a href=\"#\">intriguingly</a><sup><a href=\"#\">[2]</a></sup>\n    well extensive one howled talkative admonishingly below a rethought overlaid dear gosh activated less <a href=\"#\">however</a>\n    hawk yet oh scratched ostrich some outside crud irrespective lightheartedly and much far amenably that the elephant\n    since when.</p>\n<h2>The Guitar Legends</h2>\n<p>Furrowed this in the upset <a href=\"#\">some across</a><sup><a href=\"#\">[3]</a></sup> tiger oh loaded house gosh\n    whispered <a href=\"#\">faltering alas</a><sup><a href=\"#\">[4]</a></sup> ouch cuckoo coward in scratched undid\n    together bit fumblingly so besides salamander heron during the jeepers hello fitting jauntily much smoothly\n    globefish darn blessedly far so along bluebird leopard and.</p>\n<blockquote>\n    <p>Integer eu faucibus <a href=\"#\">dolor</a><sup><a href=\"#\">[5]</a></sup>. Ut venenatis tincidunt diam elementum\n        imperdiet. Etiam accumsan semper nisl eu congue. Sed aliquam magna erat, ac eleifend lacus rhoncus in.</p>\n</blockquote>\n<p>Fretful human far recklessly while caterpillar well a well blubbered added one a some far whispered rampantly\n    whispered while irksome far clung irrespective wailed more rosily and where saluted while black dear so yikes as\n    considering recast to some crass until cow much less and rakishly overdrew consistent for by responsible oh one\n    hypocritical less bastard hey oversaw zebra browbeat a well.</p>\n<h3>Getting Crypto Rich</h3>\n<hr class=\"wp-block-separator is-style-wide\">\n<div class=\"wp-block-image\">\n    <figure class=\"alignleft is-resized\">\n        <img class=\"border-radius-5\" src=\"https://demos.alithemes.com/html/stories/demo/assets/imgs/news/thumb-11.jpg\">\n    </figure>\n</div>\n<p>And far contrary smoked some contrary among stealthy engagingly suspiciously a cockatoo far circa sank dully lewd\n    slick cracked llama the much gecko yikes more squirrel sniffed this and the the much within uninhibited this\n    abominable a blubbered overdid foresaw through alas the pessimistic.</p>\n<p>Gosh jaguar ostrich quail one excited dear hello and bound and the and bland moral misheard roadrunner flapped lynx\n    far that and jeepers giggled far and far bald that roadrunner python inside held shrewdly the manatee.</p>\n<br>\n<hr>\n<p>\n    Thanks sniffed in hello after in foolhardy and some far purposefully much one at the much conjointly leapt skimpily\n    that quail sheep some goodness nightingale the instead exited expedient up far ouch mellifluous altruistic and and\n    lighted more instead much when ferret but the.\n</p>\n<p>Yet more some certainly yet alas abandonedly whispered intriguingly well extensive one howled talkative admonishingly\n    below a rethought overlaid dear gosh activated less however hawk yet oh scratched ostrich some outside crud\n    irrespective lightheartedly and much far amenably that the elephant since when.</p>\n'),('vi',12,'Đánh giá Apple iMac với màn hình Retina 5K','ME.\' \'You!\' said the sage, as he could go. Alice took up the conversation dropped, and the King said, with a melancholy way, being quite unable to move. She soon got it out into the air, mixed up.','<p>Fretful human far recklessly while caterpillar well a well blubbered added one a some far whispered rampantly whispered while irksome far clung irrespective wailed more rosily and where saluted while black dear so yikes as considering recast to some crass until.</p><hr class=\"wp-block-separator is-style-dots\">\n<p>Thanks sniffed in hello after in foolhardy and some far purposefully much one at the much conjointly leapt skimpily\n    that quail sheep some goodness <a href=\"#\">nightingale</a> the instead exited expedient up far ouch mellifluous\n    altruistic and and lighted more instead much when ferret but the.</p>\n<figure class=\"wp-block-gallery columns-3 wp-block-image\">\n    <ul class=\"blocks-gallery-grid\">\n        <li class=\"blocks-gallery-item\">\n            <a href=\"#\">\n                <img class=\"border-radius-5\" src=\"https://demos.alithemes.com/html/stories/demo/assets/imgs/news/thumb-2.jpg\">\n            </a>\n        </li>\n        <li class=\"blocks-gallery-item\">\n            <a href=\"#\">\n                <img class=\"border-radius-5\" src=\"https://demos.alithemes.com/html/stories/demo/assets/imgs/news/thumb-3.jpg\">\n            </a>\n        </li>\n        <li class=\"blocks-gallery-item\">\n            <a href=\"#\">\n                <img class=\"border-radius-5\" src=\"https://demos.alithemes.com/html/stories/demo/assets/imgs/news/thumb-4.jpg\">\n            </a>\n        </li>\n    </ul>\n    <figcaption><i class=\"ti-credit-card mr-5\"></i>Image credit: Behance</figcaption>\n</figure>\n<hr>\n<p>Yet more some certainly yet alas abandonedly whispered <a href=\"#\">intriguingly</a><sup><a href=\"#\">[2]</a></sup>\n    well extensive one howled talkative admonishingly below a rethought overlaid dear gosh activated less <a href=\"#\">however</a>\n    hawk yet oh scratched ostrich some outside crud irrespective lightheartedly and much far amenably that the elephant\n    since when.</p>\n<h2>The Guitar Legends</h2>\n<p>Furrowed this in the upset <a href=\"#\">some across</a><sup><a href=\"#\">[3]</a></sup> tiger oh loaded house gosh\n    whispered <a href=\"#\">faltering alas</a><sup><a href=\"#\">[4]</a></sup> ouch cuckoo coward in scratched undid\n    together bit fumblingly so besides salamander heron during the jeepers hello fitting jauntily much smoothly\n    globefish darn blessedly far so along bluebird leopard and.</p>\n<blockquote>\n    <p>Integer eu faucibus <a href=\"#\">dolor</a><sup><a href=\"#\">[5]</a></sup>. Ut venenatis tincidunt diam elementum\n        imperdiet. Etiam accumsan semper nisl eu congue. Sed aliquam magna erat, ac eleifend lacus rhoncus in.</p>\n</blockquote>\n<p>Fretful human far recklessly while caterpillar well a well blubbered added one a some far whispered rampantly\n    whispered while irksome far clung irrespective wailed more rosily and where saluted while black dear so yikes as\n    considering recast to some crass until cow much less and rakishly overdrew consistent for by responsible oh one\n    hypocritical less bastard hey oversaw zebra browbeat a well.</p>\n<h3>Getting Crypto Rich</h3>\n<hr class=\"wp-block-separator is-style-wide\">\n<div class=\"wp-block-image\">\n    <figure class=\"alignleft is-resized\">\n        <img class=\"border-radius-5\" src=\"https://demos.alithemes.com/html/stories/demo/assets/imgs/news/thumb-11.jpg\">\n    </figure>\n</div>\n<p>And far contrary smoked some contrary among stealthy engagingly suspiciously a cockatoo far circa sank dully lewd\n    slick cracked llama the much gecko yikes more squirrel sniffed this and the the much within uninhibited this\n    abominable a blubbered overdid foresaw through alas the pessimistic.</p>\n<p>Gosh jaguar ostrich quail one excited dear hello and bound and the and bland moral misheard roadrunner flapped lynx\n    far that and jeepers giggled far and far bald that roadrunner python inside held shrewdly the manatee.</p>\n<br>\n<hr>\n<p>\n    Thanks sniffed in hello after in foolhardy and some far purposefully much one at the much conjointly leapt skimpily\n    that quail sheep some goodness nightingale the instead exited expedient up far ouch mellifluous altruistic and and\n    lighted more instead much when ferret but the.\n</p>\n<p>Yet more some certainly yet alas abandonedly whispered intriguingly well extensive one howled talkative admonishingly\n    below a rethought overlaid dear gosh activated less however hawk yet oh scratched ostrich some outside crud\n    irrespective lightheartedly and much far amenably that the elephant since when.</p>\n'),('vi',13,'10.000 Khách truy cập Trang Web Trong Một Tháng: Được Đảm bảo','WOULD twist itself round and round the court was in a sorrowful tone; \'at least there\'s no meaning in them, after all. I needn\'t be afraid of interrupting him,) \'I\'ll give him sixpence. _I_ don\'t.','<p>Fretful human far recklessly while caterpillar well a well blubbered added one a some far whispered rampantly whispered while irksome far clung irrespective wailed more rosily and where saluted while black dear so yikes as considering recast to some crass until.</p><p>[youtube-video]https://www.youtube.com/watch?v=SlPhMPnQ58k[/youtube-video]</p><hr class=\"wp-block-separator is-style-dots\">\n<p>Thanks sniffed in hello after in foolhardy and some far purposefully much one at the much conjointly leapt skimpily\n    that quail sheep some goodness <a href=\"#\">nightingale</a> the instead exited expedient up far ouch mellifluous\n    altruistic and and lighted more instead much when ferret but the.</p>\n<figure class=\"wp-block-gallery columns-3 wp-block-image\">\n    <ul class=\"blocks-gallery-grid\">\n        <li class=\"blocks-gallery-item\">\n            <a href=\"#\">\n                <img class=\"border-radius-5\" src=\"https://demos.alithemes.com/html/stories/demo/assets/imgs/news/thumb-2.jpg\">\n            </a>\n        </li>\n        <li class=\"blocks-gallery-item\">\n            <a href=\"#\">\n                <img class=\"border-radius-5\" src=\"https://demos.alithemes.com/html/stories/demo/assets/imgs/news/thumb-3.jpg\">\n            </a>\n        </li>\n        <li class=\"blocks-gallery-item\">\n            <a href=\"#\">\n                <img class=\"border-radius-5\" src=\"https://demos.alithemes.com/html/stories/demo/assets/imgs/news/thumb-4.jpg\">\n            </a>\n        </li>\n    </ul>\n    <figcaption><i class=\"ti-credit-card mr-5\"></i>Image credit: Behance</figcaption>\n</figure>\n<hr>\n<p>Yet more some certainly yet alas abandonedly whispered <a href=\"#\">intriguingly</a><sup><a href=\"#\">[2]</a></sup>\n    well extensive one howled talkative admonishingly below a rethought overlaid dear gosh activated less <a href=\"#\">however</a>\n    hawk yet oh scratched ostrich some outside crud irrespective lightheartedly and much far amenably that the elephant\n    since when.</p>\n<h2>The Guitar Legends</h2>\n<p>Furrowed this in the upset <a href=\"#\">some across</a><sup><a href=\"#\">[3]</a></sup> tiger oh loaded house gosh\n    whispered <a href=\"#\">faltering alas</a><sup><a href=\"#\">[4]</a></sup> ouch cuckoo coward in scratched undid\n    together bit fumblingly so besides salamander heron during the jeepers hello fitting jauntily much smoothly\n    globefish darn blessedly far so along bluebird leopard and.</p>\n<blockquote>\n    <p>Integer eu faucibus <a href=\"#\">dolor</a><sup><a href=\"#\">[5]</a></sup>. Ut venenatis tincidunt diam elementum\n        imperdiet. Etiam accumsan semper nisl eu congue. Sed aliquam magna erat, ac eleifend lacus rhoncus in.</p>\n</blockquote>\n<p>Fretful human far recklessly while caterpillar well a well blubbered added one a some far whispered rampantly\n    whispered while irksome far clung irrespective wailed more rosily and where saluted while black dear so yikes as\n    considering recast to some crass until cow much less and rakishly overdrew consistent for by responsible oh one\n    hypocritical less bastard hey oversaw zebra browbeat a well.</p>\n<h3>Getting Crypto Rich</h3>\n<hr class=\"wp-block-separator is-style-wide\">\n<div class=\"wp-block-image\">\n    <figure class=\"alignleft is-resized\">\n        <img class=\"border-radius-5\" src=\"https://demos.alithemes.com/html/stories/demo/assets/imgs/news/thumb-11.jpg\">\n    </figure>\n</div>\n<p>And far contrary smoked some contrary among stealthy engagingly suspiciously a cockatoo far circa sank dully lewd\n    slick cracked llama the much gecko yikes more squirrel sniffed this and the the much within uninhibited this\n    abominable a blubbered overdid foresaw through alas the pessimistic.</p>\n<p>Gosh jaguar ostrich quail one excited dear hello and bound and the and bland moral misheard roadrunner flapped lynx\n    far that and jeepers giggled far and far bald that roadrunner python inside held shrewdly the manatee.</p>\n<br>\n<hr>\n<p>\n    Thanks sniffed in hello after in foolhardy and some far purposefully much one at the much conjointly leapt skimpily\n    that quail sheep some goodness nightingale the instead exited expedient up far ouch mellifluous altruistic and and\n    lighted more instead much when ferret but the.\n</p>\n<p>Yet more some certainly yet alas abandonedly whispered intriguingly well extensive one howled talkative admonishingly\n    below a rethought overlaid dear gosh activated less however hawk yet oh scratched ostrich some outside crud\n    irrespective lightheartedly and much far amenably that the elephant since when.</p>\n'),('vi',14,'Mở khóa Bí mật Bán được vé Cao','King, \'unless it was addressed to the conclusion that it was only a child!\' The Queen turned crimson with fury, and, after waiting till she had been to the beginning again?\' Alice ventured to.','<p>Fretful human far recklessly while caterpillar well a well blubbered added one a some far whispered rampantly whispered while irksome far clung irrespective wailed more rosily and where saluted while black dear so yikes as considering recast to some crass until.</p><hr class=\"wp-block-separator is-style-dots\">\n<p>Thanks sniffed in hello after in foolhardy and some far purposefully much one at the much conjointly leapt skimpily\n    that quail sheep some goodness <a href=\"#\">nightingale</a> the instead exited expedient up far ouch mellifluous\n    altruistic and and lighted more instead much when ferret but the.</p>\n<figure class=\"wp-block-gallery columns-3 wp-block-image\">\n    <ul class=\"blocks-gallery-grid\">\n        <li class=\"blocks-gallery-item\">\n            <a href=\"#\">\n                <img class=\"border-radius-5\" src=\"https://demos.alithemes.com/html/stories/demo/assets/imgs/news/thumb-2.jpg\">\n            </a>\n        </li>\n        <li class=\"blocks-gallery-item\">\n            <a href=\"#\">\n                <img class=\"border-radius-5\" src=\"https://demos.alithemes.com/html/stories/demo/assets/imgs/news/thumb-3.jpg\">\n            </a>\n        </li>\n        <li class=\"blocks-gallery-item\">\n            <a href=\"#\">\n                <img class=\"border-radius-5\" src=\"https://demos.alithemes.com/html/stories/demo/assets/imgs/news/thumb-4.jpg\">\n            </a>\n        </li>\n    </ul>\n    <figcaption><i class=\"ti-credit-card mr-5\"></i>Image credit: Behance</figcaption>\n</figure>\n<hr>\n<p>Yet more some certainly yet alas abandonedly whispered <a href=\"#\">intriguingly</a><sup><a href=\"#\">[2]</a></sup>\n    well extensive one howled talkative admonishingly below a rethought overlaid dear gosh activated less <a href=\"#\">however</a>\n    hawk yet oh scratched ostrich some outside crud irrespective lightheartedly and much far amenably that the elephant\n    since when.</p>\n<h2>The Guitar Legends</h2>\n<p>Furrowed this in the upset <a href=\"#\">some across</a><sup><a href=\"#\">[3]</a></sup> tiger oh loaded house gosh\n    whispered <a href=\"#\">faltering alas</a><sup><a href=\"#\">[4]</a></sup> ouch cuckoo coward in scratched undid\n    together bit fumblingly so besides salamander heron during the jeepers hello fitting jauntily much smoothly\n    globefish darn blessedly far so along bluebird leopard and.</p>\n<blockquote>\n    <p>Integer eu faucibus <a href=\"#\">dolor</a><sup><a href=\"#\">[5]</a></sup>. Ut venenatis tincidunt diam elementum\n        imperdiet. Etiam accumsan semper nisl eu congue. Sed aliquam magna erat, ac eleifend lacus rhoncus in.</p>\n</blockquote>\n<p>Fretful human far recklessly while caterpillar well a well blubbered added one a some far whispered rampantly\n    whispered while irksome far clung irrespective wailed more rosily and where saluted while black dear so yikes as\n    considering recast to some crass until cow much less and rakishly overdrew consistent for by responsible oh one\n    hypocritical less bastard hey oversaw zebra browbeat a well.</p>\n<h3>Getting Crypto Rich</h3>\n<hr class=\"wp-block-separator is-style-wide\">\n<div class=\"wp-block-image\">\n    <figure class=\"alignleft is-resized\">\n        <img class=\"border-radius-5\" src=\"https://demos.alithemes.com/html/stories/demo/assets/imgs/news/thumb-11.jpg\">\n    </figure>\n</div>\n<p>And far contrary smoked some contrary among stealthy engagingly suspiciously a cockatoo far circa sank dully lewd\n    slick cracked llama the much gecko yikes more squirrel sniffed this and the the much within uninhibited this\n    abominable a blubbered overdid foresaw through alas the pessimistic.</p>\n<p>Gosh jaguar ostrich quail one excited dear hello and bound and the and bland moral misheard roadrunner flapped lynx\n    far that and jeepers giggled far and far bald that roadrunner python inside held shrewdly the manatee.</p>\n<br>\n<hr>\n<p>\n    Thanks sniffed in hello after in foolhardy and some far purposefully much one at the much conjointly leapt skimpily\n    that quail sheep some goodness nightingale the instead exited expedient up far ouch mellifluous altruistic and and\n    lighted more instead much when ferret but the.\n</p>\n<p>Yet more some certainly yet alas abandonedly whispered intriguingly well extensive one howled talkative admonishingly\n    below a rethought overlaid dear gosh activated less however hawk yet oh scratched ostrich some outside crud\n    irrespective lightheartedly and much far amenably that the elephant since when.</p>\n'),('vi',15,'4 Lời khuyên của Chuyên gia về Cách Chọn Ví Nam Phù hợp','PRECIOUS nose\'; as an unusually large saucepan flew close by her. There was exactly three inches high). \'But I\'m not particular as to size,\' Alice hastily replied; \'only one doesn\'t like changing so.','<p>Fretful human far recklessly while caterpillar well a well blubbered added one a some far whispered rampantly whispered while irksome far clung irrespective wailed more rosily and where saluted while black dear so yikes as considering recast to some crass until.</p><hr class=\"wp-block-separator is-style-dots\">\n<p>Thanks sniffed in hello after in foolhardy and some far purposefully much one at the much conjointly leapt skimpily\n    that quail sheep some goodness <a href=\"#\">nightingale</a> the instead exited expedient up far ouch mellifluous\n    altruistic and and lighted more instead much when ferret but the.</p>\n<figure class=\"wp-block-gallery columns-3 wp-block-image\">\n    <ul class=\"blocks-gallery-grid\">\n        <li class=\"blocks-gallery-item\">\n            <a href=\"#\">\n                <img class=\"border-radius-5\" src=\"https://demos.alithemes.com/html/stories/demo/assets/imgs/news/thumb-2.jpg\">\n            </a>\n        </li>\n        <li class=\"blocks-gallery-item\">\n            <a href=\"#\">\n                <img class=\"border-radius-5\" src=\"https://demos.alithemes.com/html/stories/demo/assets/imgs/news/thumb-3.jpg\">\n            </a>\n        </li>\n        <li class=\"blocks-gallery-item\">\n            <a href=\"#\">\n                <img class=\"border-radius-5\" src=\"https://demos.alithemes.com/html/stories/demo/assets/imgs/news/thumb-4.jpg\">\n            </a>\n        </li>\n    </ul>\n    <figcaption><i class=\"ti-credit-card mr-5\"></i>Image credit: Behance</figcaption>\n</figure>\n<hr>\n<p>Yet more some certainly yet alas abandonedly whispered <a href=\"#\">intriguingly</a><sup><a href=\"#\">[2]</a></sup>\n    well extensive one howled talkative admonishingly below a rethought overlaid dear gosh activated less <a href=\"#\">however</a>\n    hawk yet oh scratched ostrich some outside crud irrespective lightheartedly and much far amenably that the elephant\n    since when.</p>\n<h2>The Guitar Legends</h2>\n<p>Furrowed this in the upset <a href=\"#\">some across</a><sup><a href=\"#\">[3]</a></sup> tiger oh loaded house gosh\n    whispered <a href=\"#\">faltering alas</a><sup><a href=\"#\">[4]</a></sup> ouch cuckoo coward in scratched undid\n    together bit fumblingly so besides salamander heron during the jeepers hello fitting jauntily much smoothly\n    globefish darn blessedly far so along bluebird leopard and.</p>\n<blockquote>\n    <p>Integer eu faucibus <a href=\"#\">dolor</a><sup><a href=\"#\">[5]</a></sup>. Ut venenatis tincidunt diam elementum\n        imperdiet. Etiam accumsan semper nisl eu congue. Sed aliquam magna erat, ac eleifend lacus rhoncus in.</p>\n</blockquote>\n<p>Fretful human far recklessly while caterpillar well a well blubbered added one a some far whispered rampantly\n    whispered while irksome far clung irrespective wailed more rosily and where saluted while black dear so yikes as\n    considering recast to some crass until cow much less and rakishly overdrew consistent for by responsible oh one\n    hypocritical less bastard hey oversaw zebra browbeat a well.</p>\n<h3>Getting Crypto Rich</h3>\n<hr class=\"wp-block-separator is-style-wide\">\n<div class=\"wp-block-image\">\n    <figure class=\"alignleft is-resized\">\n        <img class=\"border-radius-5\" src=\"https://demos.alithemes.com/html/stories/demo/assets/imgs/news/thumb-11.jpg\">\n    </figure>\n</div>\n<p>And far contrary smoked some contrary among stealthy engagingly suspiciously a cockatoo far circa sank dully lewd\n    slick cracked llama the much gecko yikes more squirrel sniffed this and the the much within uninhibited this\n    abominable a blubbered overdid foresaw through alas the pessimistic.</p>\n<p>Gosh jaguar ostrich quail one excited dear hello and bound and the and bland moral misheard roadrunner flapped lynx\n    far that and jeepers giggled far and far bald that roadrunner python inside held shrewdly the manatee.</p>\n<br>\n<hr>\n<p>\n    Thanks sniffed in hello after in foolhardy and some far purposefully much one at the much conjointly leapt skimpily\n    that quail sheep some goodness nightingale the instead exited expedient up far ouch mellifluous altruistic and and\n    lighted more instead much when ferret but the.\n</p>\n<p>Yet more some certainly yet alas abandonedly whispered intriguingly well extensive one howled talkative admonishingly\n    below a rethought overlaid dear gosh activated less however hawk yet oh scratched ostrich some outside crud\n    irrespective lightheartedly and much far amenably that the elephant since when.</p>\n'),('vi',16,'Sexy Clutches: Cách Mua & Đeo Túi Clutch Thiết kế','Alice asked. \'We called him Tortoise because he was speaking, so that it might be some sense in your knocking,\' the Footman went on talking: \'Dear, dear! How queer everything is queer to-day.\' Just.','<p>Fretful human far recklessly while caterpillar well a well blubbered added one a some far whispered rampantly whispered while irksome far clung irrespective wailed more rosily and where saluted while black dear so yikes as considering recast to some crass until.</p><p>[youtube-video]https://www.youtube.com/watch?v=SlPhMPnQ58k[/youtube-video]</p><hr class=\"wp-block-separator is-style-dots\">\n<p>Thanks sniffed in hello after in foolhardy and some far purposefully much one at the much conjointly leapt skimpily\n    that quail sheep some goodness <a href=\"#\">nightingale</a> the instead exited expedient up far ouch mellifluous\n    altruistic and and lighted more instead much when ferret but the.</p>\n<figure class=\"wp-block-gallery columns-3 wp-block-image\">\n    <ul class=\"blocks-gallery-grid\">\n        <li class=\"blocks-gallery-item\">\n            <a href=\"#\">\n                <img class=\"border-radius-5\" src=\"https://demos.alithemes.com/html/stories/demo/assets/imgs/news/thumb-2.jpg\">\n            </a>\n        </li>\n        <li class=\"blocks-gallery-item\">\n            <a href=\"#\">\n                <img class=\"border-radius-5\" src=\"https://demos.alithemes.com/html/stories/demo/assets/imgs/news/thumb-3.jpg\">\n            </a>\n        </li>\n        <li class=\"blocks-gallery-item\">\n            <a href=\"#\">\n                <img class=\"border-radius-5\" src=\"https://demos.alithemes.com/html/stories/demo/assets/imgs/news/thumb-4.jpg\">\n            </a>\n        </li>\n    </ul>\n    <figcaption><i class=\"ti-credit-card mr-5\"></i>Image credit: Behance</figcaption>\n</figure>\n<hr>\n<p>Yet more some certainly yet alas abandonedly whispered <a href=\"#\">intriguingly</a><sup><a href=\"#\">[2]</a></sup>\n    well extensive one howled talkative admonishingly below a rethought overlaid dear gosh activated less <a href=\"#\">however</a>\n    hawk yet oh scratched ostrich some outside crud irrespective lightheartedly and much far amenably that the elephant\n    since when.</p>\n<h2>The Guitar Legends</h2>\n<p>Furrowed this in the upset <a href=\"#\">some across</a><sup><a href=\"#\">[3]</a></sup> tiger oh loaded house gosh\n    whispered <a href=\"#\">faltering alas</a><sup><a href=\"#\">[4]</a></sup> ouch cuckoo coward in scratched undid\n    together bit fumblingly so besides salamander heron during the jeepers hello fitting jauntily much smoothly\n    globefish darn blessedly far so along bluebird leopard and.</p>\n<blockquote>\n    <p>Integer eu faucibus <a href=\"#\">dolor</a><sup><a href=\"#\">[5]</a></sup>. Ut venenatis tincidunt diam elementum\n        imperdiet. Etiam accumsan semper nisl eu congue. Sed aliquam magna erat, ac eleifend lacus rhoncus in.</p>\n</blockquote>\n<p>Fretful human far recklessly while caterpillar well a well blubbered added one a some far whispered rampantly\n    whispered while irksome far clung irrespective wailed more rosily and where saluted while black dear so yikes as\n    considering recast to some crass until cow much less and rakishly overdrew consistent for by responsible oh one\n    hypocritical less bastard hey oversaw zebra browbeat a well.</p>\n<h3>Getting Crypto Rich</h3>\n<hr class=\"wp-block-separator is-style-wide\">\n<div class=\"wp-block-image\">\n    <figure class=\"alignleft is-resized\">\n        <img class=\"border-radius-5\" src=\"https://demos.alithemes.com/html/stories/demo/assets/imgs/news/thumb-11.jpg\">\n    </figure>\n</div>\n<p>And far contrary smoked some contrary among stealthy engagingly suspiciously a cockatoo far circa sank dully lewd\n    slick cracked llama the much gecko yikes more squirrel sniffed this and the the much within uninhibited this\n    abominable a blubbered overdid foresaw through alas the pessimistic.</p>\n<p>Gosh jaguar ostrich quail one excited dear hello and bound and the and bland moral misheard roadrunner flapped lynx\n    far that and jeepers giggled far and far bald that roadrunner python inside held shrewdly the manatee.</p>\n<br>\n<hr>\n<p>\n    Thanks sniffed in hello after in foolhardy and some far purposefully much one at the much conjointly leapt skimpily\n    that quail sheep some goodness nightingale the instead exited expedient up far ouch mellifluous altruistic and and\n    lighted more instead much when ferret but the.\n</p>\n<p>Yet more some certainly yet alas abandonedly whispered intriguingly well extensive one howled talkative admonishingly\n    below a rethought overlaid dear gosh activated less however hawk yet oh scratched ostrich some outside crud\n    irrespective lightheartedly and much far amenably that the elephant since when.</p>\n');
/*!40000 ALTER TABLE `posts_translations` ENABLE KEYS */;
UNLOCK TABLES;

--
-- Table structure for table `revisions`
--

DROP TABLE IF EXISTS `revisions`;
/*!40101 SET @saved_cs_client     = @@character_set_client */;
/*!50503 SET character_set_client = utf8mb4 */;
CREATE TABLE `revisions` (
  `id` bigint unsigned NOT NULL AUTO_INCREMENT,
  `revisionable_type` varchar(191) COLLATE utf8mb4_unicode_ci NOT NULL,
  `revisionable_id` bigint unsigned NOT NULL,
  `user_id` bigint unsigned DEFAULT NULL,
  `key` varchar(191) COLLATE utf8mb4_unicode_ci NOT NULL,
  `old_value` text COLLATE utf8mb4_unicode_ci,
  `new_value` text COLLATE utf8mb4_unicode_ci,
  `created_at` timestamp NULL DEFAULT NULL,
  `updated_at` timestamp NULL DEFAULT NULL,
  PRIMARY KEY (`id`),
  KEY `revisions_revisionable_id_revisionable_type_index` (`revisionable_id`,`revisionable_type`)
) ENGINE=InnoDB DEFAULT CHARSET=utf8mb4 COLLATE=utf8mb4_unicode_ci;
/*!40101 SET character_set_client = @saved_cs_client */;

--
-- Dumping data for table `revisions`
--

LOCK TABLES `revisions` WRITE;
/*!40000 ALTER TABLE `revisions` DISABLE KEYS */;
/*!40000 ALTER TABLE `revisions` ENABLE KEYS */;
UNLOCK TABLES;

--
-- Table structure for table `role_users`
--

DROP TABLE IF EXISTS `role_users`;
/*!40101 SET @saved_cs_client     = @@character_set_client */;
/*!50503 SET character_set_client = utf8mb4 */;
CREATE TABLE `role_users` (
  `user_id` bigint unsigned NOT NULL,
  `role_id` bigint unsigned NOT NULL,
  `created_at` timestamp NULL DEFAULT NULL,
  `updated_at` timestamp NULL DEFAULT NULL,
  PRIMARY KEY (`user_id`,`role_id`),
  KEY `role_users_user_id_index` (`user_id`),
  KEY `role_users_role_id_index` (`role_id`)
) ENGINE=InnoDB DEFAULT CHARSET=utf8mb4 COLLATE=utf8mb4_unicode_ci;
/*!40101 SET character_set_client = @saved_cs_client */;

--
-- Dumping data for table `role_users`
--

LOCK TABLES `role_users` WRITE;
/*!40000 ALTER TABLE `role_users` DISABLE KEYS */;
INSERT INTO `role_users` VALUES (2,1,'2023-07-02 19:58:38','2023-07-02 19:58:38');
/*!40000 ALTER TABLE `role_users` ENABLE KEYS */;
UNLOCK TABLES;

--
-- Table structure for table `roles`
--

DROP TABLE IF EXISTS `roles`;
/*!40101 SET @saved_cs_client     = @@character_set_client */;
/*!50503 SET character_set_client = utf8mb4 */;
CREATE TABLE `roles` (
  `id` bigint unsigned NOT NULL AUTO_INCREMENT,
  `slug` varchar(120) COLLATE utf8mb4_unicode_ci NOT NULL,
  `name` varchar(120) COLLATE utf8mb4_unicode_ci NOT NULL,
  `permissions` text COLLATE utf8mb4_unicode_ci,
  `description` varchar(255) COLLATE utf8mb4_unicode_ci DEFAULT NULL,
  `is_default` tinyint unsigned NOT NULL DEFAULT '0',
  `created_by` bigint unsigned NOT NULL,
  `updated_by` bigint unsigned NOT NULL,
  `created_at` timestamp NULL DEFAULT NULL,
  `updated_at` timestamp NULL DEFAULT NULL,
  PRIMARY KEY (`id`),
  UNIQUE KEY `roles_slug_unique` (`slug`),
  KEY `roles_created_by_index` (`created_by`),
  KEY `roles_updated_by_index` (`updated_by`)
) ENGINE=InnoDB AUTO_INCREMENT=2 DEFAULT CHARSET=utf8mb4 COLLATE=utf8mb4_unicode_ci;
/*!40101 SET character_set_client = @saved_cs_client */;

--
-- Dumping data for table `roles`
--

LOCK TABLES `roles` WRITE;
/*!40000 ALTER TABLE `roles` DISABLE KEYS */;
INSERT INTO `roles` VALUES (1,'admin','Admin','{\"users.index\":true,\"users.create\":true,\"users.edit\":true,\"users.destroy\":true,\"roles.index\":true,\"roles.create\":true,\"roles.edit\":true,\"roles.destroy\":true,\"core.system\":true,\"core.manage.license\":true,\"media.index\":true,\"files.index\":true,\"files.create\":true,\"files.edit\":true,\"files.trash\":true,\"files.destroy\":true,\"folders.index\":true,\"folders.create\":true,\"folders.edit\":true,\"folders.trash\":true,\"folders.destroy\":true,\"settings.options\":true,\"settings.email\":true,\"settings.media\":true,\"settings.cronjob\":true,\"api.settings\":true,\"menus.index\":true,\"menus.create\":true,\"menus.edit\":true,\"menus.destroy\":true,\"pages.index\":true,\"pages.create\":true,\"pages.edit\":true,\"pages.destroy\":true,\"plugins.index\":true,\"plugins.edit\":true,\"plugins.remove\":true,\"plugins.marketplace\":true,\"core.appearance\":true,\"theme.index\":true,\"theme.activate\":true,\"theme.remove\":true,\"theme.options\":true,\"theme.custom-css\":true,\"theme.custom-js\":true,\"theme.custom-html\":true,\"widgets.index\":true,\"analytics.general\":true,\"analytics.page\":true,\"analytics.browser\":true,\"analytics.referrer\":true,\"audit-log.index\":true,\"audit-log.destroy\":true,\"backups.index\":true,\"backups.create\":true,\"backups.restore\":true,\"backups.destroy\":true,\"plugins.blog\":true,\"posts.index\":true,\"posts.create\":true,\"posts.edit\":true,\"posts.destroy\":true,\"categories.index\":true,\"categories.create\":true,\"categories.edit\":true,\"categories.destroy\":true,\"tags.index\":true,\"tags.create\":true,\"tags.edit\":true,\"tags.destroy\":true,\"contacts.index\":true,\"contacts.edit\":true,\"contacts.destroy\":true,\"plugins.ecommerce\":true,\"ecommerce.settings\":true,\"ecommerce.report.index\":true,\"products.index\":true,\"products.create\":true,\"products.edit\":true,\"products.destroy\":true,\"product-categories.index\":true,\"product-categories.create\":true,\"product-categories.edit\":true,\"product-categories.destroy\":true,\"product-tag.index\":true,\"product-tag.create\":true,\"product-tag.edit\":true,\"product-tag.destroy\":true,\"brands.index\":true,\"brands.create\":true,\"brands.edit\":true,\"brands.destroy\":true,\"product-collections.index\":true,\"product-collections.create\":true,\"product-collections.edit\":true,\"product-collections.destroy\":true,\"product-attribute-sets.index\":true,\"product-attribute-sets.create\":true,\"product-attribute-sets.edit\":true,\"product-attribute-sets.destroy\":true,\"product-attributes.index\":true,\"product-attributes.create\":true,\"product-attributes.edit\":true,\"product-attributes.destroy\":true,\"tax.index\":true,\"tax.create\":true,\"tax.edit\":true,\"tax.destroy\":true,\"reviews.index\":true,\"reviews.destroy\":true,\"shipping_methods.index\":true,\"ecommerce.shipping-rule-items.index\":true,\"ecommerce.shipping-rule-items.create\":true,\"ecommerce.shipping-rule-items.edit\":true,\"ecommerce.shipping-rule-items.destroy\":true,\"ecommerce.shipping-rule-items.bulk-import\":true,\"ecommerce.shipments.index\":true,\"ecommerce.shipments.create\":true,\"ecommerce.shipments.edit\":true,\"ecommerce.shipments.destroy\":true,\"orders.index\":true,\"orders.create\":true,\"orders.edit\":true,\"orders.destroy\":true,\"discounts.index\":true,\"discounts.create\":true,\"discounts.edit\":true,\"discounts.destroy\":true,\"customers.index\":true,\"customers.create\":true,\"customers.edit\":true,\"customers.destroy\":true,\"flash-sale.index\":true,\"flash-sale.create\":true,\"flash-sale.edit\":true,\"flash-sale.destroy\":true,\"product-label.index\":true,\"product-label.create\":true,\"product-label.edit\":true,\"product-label.destroy\":true,\"ecommerce.import.products.index\":true,\"ecommerce.export.products.index\":true,\"order_returns.index\":true,\"order_returns.edit\":true,\"order_returns.destroy\":true,\"global-option.index\":true,\"global-option.create\":true,\"global-option.edit\":true,\"global-option.destroy\":true,\"ecommerce.invoice.index\":true,\"ecommerce.invoice.edit\":true,\"ecommerce.invoice.destroy\":true,\"ecommerce.invoice-template.index\":true,\"plugin.faq\":true,\"faq.index\":true,\"faq.create\":true,\"faq.edit\":true,\"faq.destroy\":true,\"faq_category.index\":true,\"faq_category.create\":true,\"faq_category.edit\":true,\"faq_category.destroy\":true,\"galleries.index\":true,\"galleries.create\":true,\"galleries.edit\":true,\"galleries.destroy\":true,\"languages.index\":true,\"languages.create\":true,\"languages.edit\":true,\"languages.destroy\":true,\"plugin.location\":true,\"country.index\":true,\"country.create\":true,\"country.edit\":true,\"country.destroy\":true,\"state.index\":true,\"state.create\":true,\"state.edit\":true,\"state.destroy\":true,\"city.index\":true,\"city.create\":true,\"city.edit\":true,\"city.destroy\":true,\"location.bulk-import.index\":true,\"location.export.index\":true,\"newsletter.index\":true,\"newsletter.destroy\":true,\"payment.index\":true,\"payments.settings\":true,\"payment.destroy\":true,\"social-login.settings\":true,\"team.index\":true,\"team.create\":true,\"team.edit\":true,\"team.destroy\":true,\"testimonial.index\":true,\"testimonial.create\":true,\"testimonial.edit\":true,\"testimonial.destroy\":true,\"plugins.translation\":true,\"translations.locales\":true,\"translations.theme-translations\":true,\"translations.index\":true}','Admin users role',1,1,1,'2023-07-02 19:58:38','2023-07-02 19:58:38');
/*!40000 ALTER TABLE `roles` ENABLE KEYS */;
UNLOCK TABLES;

--
-- Table structure for table `settings`
--

DROP TABLE IF EXISTS `settings`;
/*!40101 SET @saved_cs_client     = @@character_set_client */;
/*!50503 SET character_set_client = utf8mb4 */;
CREATE TABLE `settings` (
  `id` bigint unsigned NOT NULL AUTO_INCREMENT,
  `key` varchar(191) COLLATE utf8mb4_unicode_ci NOT NULL,
  `value` text COLLATE utf8mb4_unicode_ci,
  `created_at` timestamp NULL DEFAULT NULL,
  `updated_at` timestamp NULL DEFAULT NULL,
  PRIMARY KEY (`id`),
  UNIQUE KEY `settings_key_unique` (`key`)
) ENGINE=InnoDB AUTO_INCREMENT=57 DEFAULT CHARSET=utf8mb4 COLLATE=utf8mb4_unicode_ci;
/*!40101 SET character_set_client = @saved_cs_client */;

--
-- Dumping data for table `settings`
--

LOCK TABLES `settings` WRITE;
/*!40000 ALTER TABLE `settings` DISABLE KEYS */;
INSERT INTO `settings` VALUES (1,'activated_plugins','[\"language\",\"language-advanced\",\"analytics\",\"audit-log\",\"backup\",\"blog\",\"captcha\",\"contact\",\"cookie-consent\",\"ecommerce\",\"faq\",\"gallery\",\"location\",\"newsletter\",\"payment\",\"paypal\",\"paystack\",\"razorpay\",\"rss-feed\",\"shippo\",\"social-login\",\"sslcommerz\",\"stripe\",\"team\",\"testimonial\",\"translation\"]',NULL,'2023-07-02 19:58:38'),(2,'payment_cod_status','1',NULL,'2023-07-02 19:58:38'),(3,'payment_bank_transfer_status','1',NULL,'2023-07-02 19:58:38'),(5,'api_enabled','0',NULL,'2023-07-02 19:58:38'),(6,'show_admin_bar','1',NULL,'2023-07-02 19:58:38'),(8,'language_hide_default','1',NULL,NULL),(9,'language_switcher_display','list',NULL,NULL),(10,'language_display','all',NULL,NULL),(11,'language_hide_languages','[]',NULL,NULL),(12,'theme','starbelly',NULL,NULL),(13,'admin_favicon','general/favicon.png',NULL,NULL),(14,'admin_logo','general/logo-light.png',NULL,NULL),(15,'theme-starbelly-site_title','StarBelly - Restaurant & Cafe Laravel Script',NULL,NULL),(16,'theme-starbelly-seo_description','StarBelly is a Restaurant & Cafe Laravel Script. It is a powerful, clean, modern, and fully responsive template. It is designed for agency, business, corporate, creative, freelancer, portfolio, photography, personal, resume, and any kind of creative fields.',NULL,NULL),(17,'theme-starbelly-copyright','© 2023 Archi Elite JSC. All Rights Reserved.',NULL,NULL),(18,'theme-starbelly-homepage_id','1',NULL,NULL),(19,'theme-starbelly-blog_page_id','3',NULL,NULL),(20,'theme-starbelly-favicon','general/favicon.png',NULL,NULL),(21,'theme-starbelly-logo','general/logo.png',NULL,NULL),(22,'theme-starbelly-seo_og_image','general/open-graph-image.png',NULL,NULL),(23,'theme-starbelly-action_button_text','Contact Us',NULL,NULL),(24,'theme-starbelly-action_button_url','/contact',NULL,NULL),(25,'theme-starbelly-cookie_consent_message','Your experience on this site will be improved by allowing cookies ',NULL,NULL),(26,'theme-starbelly-cookie_consent_learn_more_url','/cookie-policy',NULL,NULL),(27,'theme-starbelly-cookie_consent_learn_more_text','Cookie Policy',NULL,NULL),(28,'theme-starbelly-cookie_consent_learn_abc_more_text','ABC',NULL,NULL),(29,'theme-starbelly-background_post_single','general/bg-post.png',NULL,NULL),(30,'theme-starbelly-address','66 avenue des Champs, 75008, Paris, France',NULL,NULL),(31,'theme-starbelly-hotline','(+01) - 456 789',NULL,NULL),(32,'theme-starbelly-email','contact@agon.com',NULL,NULL),(33,'theme-starbelly-login_page_image','general/login.png',NULL,NULL),(34,'theme-starbelly-register_page_images','[\"general\\/register-1.png\",\"general\\/register-2.png\",\"general\\/register-3.png\",\"general\\/register-4.png\",\"general\\/register-5.png\"]',NULL,NULL),(35,'theme-starbelly-primary_color','#F5C332',NULL,NULL),(36,'theme-starbelly-secondary_color','#8D99AE',NULL,NULL),(37,'theme-starbelly-danger_color','#EF476F',NULL,NULL),(38,'theme-starbelly-primary_font','Rubik',NULL,NULL),(39,'theme-starbelly-top_bar_color','#F5C332',NULL,NULL),(40,'theme-starbelly-gallery_page_style','1',NULL,NULL),(41,'theme-starbelly-gallery_page_detail_style','1',NULL,NULL),(42,'theme-starbelly-gallery_page_title','It’s a pity that the photo does not convey the taste!',NULL,NULL),(43,'theme-starbelly-gallery_page_description','Consecrate numeral port nemo intelligentsia rem disciple quo mod.',NULL,NULL),(44,'theme-starbelly-gallery_breadcrumb_title','It’s a pity that the photo does not convey the taste!',NULL,NULL),(45,'theme-starbelly-gallery_breadcrumb_subtitle','Consecrate numeral port nemo venial diligent rem disciple quo mod.',NULL,NULL),(46,'theme-starbelly-background_image_page_404','illustrations/man.png',NULL,NULL),(47,'theme-starbelly-max_filter_price','1000',NULL,NULL),(48,'theme-starbelly-background_breadcrumb_default','backgrounds/breadcrumb-default.jpg',NULL,NULL),(49,'theme-starbelly-social_links','[[{\"key\":\"social-name\",\"value\":\"Facebook\"},{\"key\":\"social-icon\",\"value\":\"fab fa-facebook-f\"},{\"key\":\"social-url\",\"value\":\"https:\\/\\/www.facebook.com\\/\"}],[{\"key\":\"social-name\",\"value\":\"Twitter\"},{\"key\":\"social-icon\",\"value\":\"fab fa-twitter\"},{\"key\":\"social-url\",\"value\":\"https:\\/\\/www.twitter.com\\/\"}],[{\"key\":\"social-name\",\"value\":\"Instagram\"},{\"key\":\"social-icon\",\"value\":\"fab fa-instagram\"},{\"key\":\"social-url\",\"value\":\"https:\\/\\/www.instagram.com\\/\"}],[{\"key\":\"social-name\",\"value\":\"Youtube\"},{\"key\":\"social-icon\",\"value\":\"fab fa-youtube\"},{\"key\":\"social-url\",\"value\":\"https:\\/\\/www.youtube.com\\/\"}]]',NULL,NULL),(50,'media_random_hash','3cb6e0c28280ab3352afe232abe9b935',NULL,NULL),(51,'ecommerce_store_name','Starbelly',NULL,NULL),(52,'ecommerce_store_phone','1800979769',NULL,NULL),(53,'ecommerce_store_address','502 New Street',NULL,NULL),(54,'ecommerce_store_state','Brighton VIC',NULL,NULL),(55,'ecommerce_store_city','Brighton VIC',NULL,NULL),(56,'ecommerce_store_country','AU',NULL,NULL);
/*!40000 ALTER TABLE `settings` ENABLE KEYS */;
UNLOCK TABLES;

--
-- Table structure for table `slugs`
--

DROP TABLE IF EXISTS `slugs`;
/*!40101 SET @saved_cs_client     = @@character_set_client */;
/*!50503 SET character_set_client = utf8mb4 */;
CREATE TABLE `slugs` (
  `id` bigint unsigned NOT NULL AUTO_INCREMENT,
  `key` varchar(255) COLLATE utf8mb4_unicode_ci NOT NULL,
  `reference_id` bigint unsigned NOT NULL,
  `reference_type` varchar(255) COLLATE utf8mb4_unicode_ci NOT NULL,
  `prefix` varchar(120) COLLATE utf8mb4_unicode_ci DEFAULT '',
  `created_at` timestamp NULL DEFAULT NULL,
  `updated_at` timestamp NULL DEFAULT NULL,
  PRIMARY KEY (`id`),
  KEY `slugs_reference_id_index` (`reference_id`)
) ENGINE=InnoDB AUTO_INCREMENT=113 DEFAULT CHARSET=utf8mb4 COLLATE=utf8mb4_unicode_ci;
/*!40101 SET character_set_client = @saved_cs_client */;

--
-- Dumping data for table `slugs`
--

LOCK TABLES `slugs` WRITE;
/*!40000 ALTER TABLE `slugs` DISABLE KEYS */;
INSERT INTO `slugs` VALUES (1,'homepage-1',1,'Botble\\Page\\Models\\Page','','2023-07-02 19:58:38','2023-07-02 19:58:38'),(2,'homepage-2',2,'Botble\\Page\\Models\\Page','','2023-07-02 19:58:38','2023-07-02 19:58:38'),(3,'homepage-3',3,'Botble\\Page\\Models\\Page','','2023-07-02 19:58:38','2023-07-02 19:58:38'),(4,'homepage-4',4,'Botble\\Page\\Models\\Page','','2023-07-02 19:58:38','2023-07-02 19:58:38'),(5,'about-us',5,'Botble\\Page\\Models\\Page','','2023-07-02 19:58:38','2023-07-02 19:58:38'),(6,'about-us-2',6,'Botble\\Page\\Models\\Page','','2023-07-02 19:58:38','2023-07-02 19:58:38'),(7,'blog',7,'Botble\\Page\\Models\\Page','','2023-07-02 19:58:38','2023-07-02 19:58:38'),(8,'blog-2',8,'Botble\\Page\\Models\\Page','','2023-07-02 19:58:38','2023-07-02 19:58:38'),(9,'gallery-1',9,'Botble\\Page\\Models\\Page','','2023-07-02 19:58:38','2023-07-02 19:58:38'),(10,'gallery-2',10,'Botble\\Page\\Models\\Page','','2023-07-02 19:58:39','2023-07-02 19:58:39'),(11,'reviews',11,'Botble\\Page\\Models\\Page','','2023-07-02 19:58:39','2023-07-02 19:58:39'),(12,'faqs',12,'Botble\\Page\\Models\\Page','','2023-07-02 19:58:39','2023-07-02 19:58:39'),(13,'shop-list-1',13,'Botble\\Page\\Models\\Page','','2023-07-02 19:58:39','2023-07-02 19:58:39'),(14,'shop-list-2',14,'Botble\\Page\\Models\\Page','','2023-07-02 19:58:39','2023-07-02 19:58:39'),(15,'contact',15,'Botble\\Page\\Models\\Page','','2023-07-02 19:58:39','2023-07-02 19:58:39'),(16,'design',1,'Botble\\Blog\\Models\\Category','','2023-07-02 19:58:39','2023-07-02 19:58:39'),(17,'lifestyle',2,'Botble\\Blog\\Models\\Category','','2023-07-02 19:58:39','2023-07-02 19:58:39'),(18,'travel-tips',3,'Botble\\Blog\\Models\\Category','','2023-07-02 19:58:39','2023-07-02 19:58:39'),(19,'healthy',4,'Botble\\Blog\\Models\\Category','','2023-07-02 19:58:39','2023-07-02 19:58:39'),(20,'travel-tips',5,'Botble\\Blog\\Models\\Category','','2023-07-02 19:58:39','2023-07-02 19:58:39'),(21,'hotel',6,'Botble\\Blog\\Models\\Category','','2023-07-02 19:58:39','2023-07-02 19:58:39'),(22,'nature',7,'Botble\\Blog\\Models\\Category','','2023-07-02 19:58:39','2023-07-02 19:58:39'),(23,'general',1,'Botble\\Blog\\Models\\Tag','tag','2023-07-02 19:58:39','2023-07-02 19:58:39'),(24,'design',2,'Botble\\Blog\\Models\\Tag','tag','2023-07-02 19:58:39','2023-07-02 19:58:39'),(25,'fashion',3,'Botble\\Blog\\Models\\Tag','tag','2023-07-02 19:58:39','2023-07-02 19:58:39'),(26,'branding',4,'Botble\\Blog\\Models\\Tag','tag','2023-07-02 19:58:39','2023-07-02 19:58:39'),(27,'modern',5,'Botble\\Blog\\Models\\Tag','tag','2023-07-02 19:58:39','2023-07-02 19:58:39'),(28,'the-top-2020-handbag-trends-to-know',1,'Botble\\Blog\\Models\\Post','','2023-07-02 19:58:39','2023-07-02 19:58:39'),(29,'top-search-engine-optimization-strategies',2,'Botble\\Blog\\Models\\Post','','2023-07-02 19:58:39','2023-07-02 19:58:39'),(30,'which-company-would-you-choose',3,'Botble\\Blog\\Models\\Post','','2023-07-02 19:58:39','2023-07-02 19:58:39'),(31,'used-car-dealer-sales-tricks-exposed',4,'Botble\\Blog\\Models\\Post','','2023-07-02 19:58:39','2023-07-02 19:58:39'),(32,'20-ways-to-sell-your-product-faster',5,'Botble\\Blog\\Models\\Post','','2023-07-02 19:58:39','2023-07-02 19:58:39'),(33,'the-secrets-of-rich-and-famous-writers',6,'Botble\\Blog\\Models\\Post','','2023-07-02 19:58:39','2023-07-02 19:58:39'),(34,'imagine-losing-20-pounds-in-14-days',7,'Botble\\Blog\\Models\\Post','','2023-07-02 19:58:39','2023-07-02 19:58:39'),(35,'are-you-still-using-that-slow-old-typewriter',8,'Botble\\Blog\\Models\\Post','','2023-07-02 19:58:39','2023-07-02 19:58:39'),(36,'a-skin-cream-thats-proven-to-work',9,'Botble\\Blog\\Models\\Post','','2023-07-02 19:58:39','2023-07-02 19:58:39'),(37,'10-reasons-to-start-your-own-profitable-website',10,'Botble\\Blog\\Models\\Post','','2023-07-02 19:58:39','2023-07-02 19:58:39'),(38,'simple-ways-to-reduce-your-unwanted-wrinkles',11,'Botble\\Blog\\Models\\Post','','2023-07-02 19:58:39','2023-07-02 19:58:39'),(39,'apple-imac-with-retina-5k-display-review',12,'Botble\\Blog\\Models\\Post','','2023-07-02 19:58:39','2023-07-02 19:58:39'),(40,'10000-web-site-visitors-in-one-monthguaranteed',13,'Botble\\Blog\\Models\\Post','','2023-07-02 19:58:39','2023-07-02 19:58:39'),(41,'unlock-the-secrets-of-selling-high-ticket-items',14,'Botble\\Blog\\Models\\Post','','2023-07-02 19:58:39','2023-07-02 19:58:39'),(42,'4-expert-tips-on-how-to-choose-the-right-mens-wallet',15,'Botble\\Blog\\Models\\Post','','2023-07-02 19:58:39','2023-07-02 19:58:39'),(43,'sexy-clutches-how-to-buy-wear-a-designer-clutch-bag',16,'Botble\\Blog\\Models\\Post','','2023-07-02 19:58:39','2023-07-02 19:58:39'),(44,'nestle',1,'Botble\\Ecommerce\\Models\\Brand','brands','2023-07-02 19:58:41','2023-07-02 19:58:41'),(45,'pepsi',2,'Botble\\Ecommerce\\Models\\Brand','brands','2023-07-02 19:58:41','2023-07-02 19:58:41'),(46,'mcdonalds',3,'Botble\\Ecommerce\\Models\\Brand','brands','2023-07-02 19:58:41','2023-07-02 19:58:41'),(47,'burger-king',4,'Botble\\Ecommerce\\Models\\Brand','brands','2023-07-02 19:58:41','2023-07-02 19:58:41'),(48,'kfc',5,'Botble\\Ecommerce\\Models\\Brand','brands','2023-07-02 19:58:41','2023-07-02 19:58:41'),(49,'starbucks',6,'Botble\\Ecommerce\\Models\\Brand','brands','2023-07-02 19:58:41','2023-07-02 19:58:41'),(50,'popeyes',7,'Botble\\Ecommerce\\Models\\Brand','brands','2023-07-02 19:58:41','2023-07-02 19:58:41'),(51,'phuc-long',8,'Botble\\Ecommerce\\Models\\Brand','brands','2023-07-02 19:58:41','2023-07-02 19:58:41'),(52,'starters',1,'Botble\\Ecommerce\\Models\\ProductCategory','product-categories','2023-07-02 19:58:41','2023-07-02 19:58:41'),(53,'main-dishes',2,'Botble\\Ecommerce\\Models\\ProductCategory','product-categories','2023-07-02 19:58:41','2023-07-02 19:58:41'),(54,'drinks',3,'Botble\\Ecommerce\\Models\\ProductCategory','product-categories','2023-07-02 19:58:41','2023-07-02 19:58:41'),(55,'desserts',4,'Botble\\Ecommerce\\Models\\ProductCategory','product-categories','2023-07-02 19:58:41','2023-07-02 19:58:41'),(56,'chevre-au-mill',1,'Botble\\Ecommerce\\Models\\Product','products','2023-07-02 19:58:44','2023-07-02 19:58:44'),(57,'salmon-grav-lax',2,'Botble\\Ecommerce\\Models\\Product','products','2023-07-02 19:58:44','2023-07-02 19:58:44'),(58,'straitlaced',3,'Botble\\Ecommerce\\Models\\Product','products','2023-07-02 19:58:44','2023-07-02 19:58:44'),(59,'carpaccio-de-degrade',4,'Botble\\Ecommerce\\Models\\Product','products','2023-07-02 19:58:44','2023-07-02 19:58:44'),(60,'spring-roll',5,'Botble\\Ecommerce\\Models\\Product','products','2023-07-02 19:58:44','2023-07-02 19:58:44'),(61,'fish-soup',6,'Botble\\Ecommerce\\Models\\Product','products','2023-07-02 19:58:44','2023-07-02 19:58:44'),(62,'fried-beef',7,'Botble\\Ecommerce\\Models\\Product','products','2023-07-02 19:58:44','2023-07-02 19:58:44'),(63,'boiled-vegetables',8,'Botble\\Ecommerce\\Models\\Product','products','2023-07-02 19:58:44','2023-07-02 19:58:44'),(64,'omelet',9,'Botble\\Ecommerce\\Models\\Product','products','2023-07-02 19:58:44','2023-07-02 19:58:44'),(65,'stuffed-pancake',10,'Botble\\Ecommerce\\Models\\Product','products','2023-07-02 19:58:44','2023-07-02 19:58:44'),(66,'spicy-beef-noodle-soup',11,'Botble\\Ecommerce\\Models\\Product','products','2023-07-02 19:58:44','2023-07-02 19:58:44'),(67,'pancake',12,'Botble\\Ecommerce\\Models\\Product','products','2023-07-02 19:58:44','2023-07-02 19:58:44'),(68,'onion-pickle',13,'Botble\\Ecommerce\\Models\\Product','products','2023-07-02 19:58:44','2023-07-02 19:58:44'),(69,'ice-cream',14,'Botble\\Ecommerce\\Models\\Product','products','2023-07-02 19:58:44','2023-07-02 19:58:44'),(70,'salad',15,'Botble\\Ecommerce\\Models\\Product','products','2023-07-02 19:58:44','2023-07-02 19:58:44'),(71,'spaghetti',16,'Botble\\Ecommerce\\Models\\Product','products','2023-07-02 19:58:44','2023-07-02 19:58:44'),(72,'duck-meat',17,'Botble\\Ecommerce\\Models\\Product','products','2023-07-02 19:58:44','2023-07-02 19:58:44'),(73,'shrimp',18,'Botble\\Ecommerce\\Models\\Product','products','2023-07-02 19:58:44','2023-07-02 19:58:44'),(74,'turkey-meat',19,'Botble\\Ecommerce\\Models\\Product','products','2023-07-02 19:58:44','2023-07-02 19:58:44'),(75,'peppercorn-and-leek-parcels',20,'Botble\\Ecommerce\\Models\\Product','products','2023-07-02 19:58:44','2023-07-02 19:58:44'),(76,'lamb-and-gruyere-salad',21,'Botble\\Ecommerce\\Models\\Product','products','2023-07-02 19:58:44','2023-07-02 19:58:44'),(77,'venison-and-aubergine-kebab',22,'Botble\\Ecommerce\\Models\\Product','products','2023-07-02 19:58:44','2023-07-02 19:58:44'),(78,'dulse-and-tumeric-salad',23,'Botble\\Ecommerce\\Models\\Product','products','2023-07-02 19:58:44','2023-07-02 19:58:44'),(79,'pork-and-broccoli-soup',24,'Botble\\Ecommerce\\Models\\Product','products','2023-07-02 19:58:44','2023-07-02 19:58:44'),(80,'chickpea-and-chilli-pasta',25,'Botble\\Ecommerce\\Models\\Product','products','2023-07-02 19:58:44','2023-07-02 19:58:44'),(81,'anise-and-coconut-curry',26,'Botble\\Ecommerce\\Models\\Product','products','2023-07-02 19:58:44','2023-07-02 19:58:44'),(82,'rice-and-sesame-pancake',27,'Botble\\Ecommerce\\Models\\Product','products','2023-07-02 19:58:44','2023-07-02 19:58:44'),(83,'cabbage-and-rosemary-parcels',28,'Botble\\Ecommerce\\Models\\Product','products','2023-07-02 19:58:44','2023-07-02 19:58:44'),(84,'nutmeg-and-cinnamon-loaf',29,'Botble\\Ecommerce\\Models\\Product','products','2023-07-02 19:58:44','2023-07-02 19:58:44'),(85,'leek-and-mushroom-pie',30,'Botble\\Ecommerce\\Models\\Product','products','2023-07-02 19:58:44','2023-07-02 19:58:44'),(86,'banh-mi',31,'Botble\\Ecommerce\\Models\\Product','products','2023-07-02 19:58:44','2023-07-02 19:58:44'),(87,'pho-bo',32,'Botble\\Ecommerce\\Models\\Product','products','2023-07-02 19:58:44','2023-07-02 19:58:44'),(88,'bun-dau-mam-tom',33,'Botble\\Ecommerce\\Models\\Product','products','2023-07-02 19:58:44','2023-07-02 19:58:44'),(89,'onion-sandwich-with-chilli-relish',34,'Botble\\Ecommerce\\Models\\Product','products','2023-07-02 19:58:44','2023-07-02 19:58:44'),(90,'spinach-and-aubergine-bread',35,'Botble\\Ecommerce\\Models\\Product','products','2023-07-02 19:58:44','2023-07-02 19:58:44'),(91,'banana-and-squash-madras',36,'Botble\\Ecommerce\\Models\\Product','products','2023-07-02 19:58:44','2023-07-02 19:58:44'),(92,'apple-and-semolina-cake',37,'Botble\\Ecommerce\\Models\\Product','products','2023-07-02 19:58:44','2023-07-02 19:58:44'),(93,'apple-and-semolina-cake',38,'Botble\\Ecommerce\\Models\\Product','products','2023-07-02 19:58:44','2023-07-02 19:58:44'),(94,'raisin-and-fennel-yoghurt',39,'Botble\\Ecommerce\\Models\\Product','products','2023-07-02 19:58:44','2023-07-02 19:58:44'),(95,'chilli-and-egg-penne',40,'Botble\\Ecommerce\\Models\\Product','products','2023-07-02 19:58:44','2023-07-02 19:58:44'),(96,'basil-and-chestnut-soup',41,'Botble\\Ecommerce\\Models\\Product','products','2023-07-02 19:58:44','2023-07-02 19:58:44'),(97,'dinner',1,'Botble\\Ecommerce\\Models\\ProductTag','product-tags','2023-07-02 19:58:46','2023-07-02 19:58:46'),(98,'delicious',2,'Botble\\Ecommerce\\Models\\ProductTag','product-tags','2023-07-02 19:58:46','2023-07-02 19:58:46'),(99,'breakfast',3,'Botble\\Ecommerce\\Models\\ProductTag','product-tags','2023-07-02 19:58:46','2023-07-02 19:58:46'),(100,'chocolate',4,'Botble\\Ecommerce\\Models\\ProductTag','product-tags','2023-07-02 19:58:46','2023-07-02 19:58:46'),(101,'vegan',5,'Botble\\Ecommerce\\Models\\ProductTag','product-tags','2023-07-02 19:58:46','2023-07-02 19:58:46'),(102,'sweet',6,'Botble\\Ecommerce\\Models\\ProductTag','product-tags','2023-07-02 19:58:46','2023-07-02 19:58:46'),(103,'perfect',1,'Botble\\Gallery\\Models\\Gallery','galleries','2023-07-02 19:58:47','2023-07-02 19:58:47'),(104,'new-day',2,'Botble\\Gallery\\Models\\Gallery','galleries','2023-07-02 19:58:47','2023-07-02 19:58:47'),(105,'happy-day',3,'Botble\\Gallery\\Models\\Gallery','galleries','2023-07-02 19:58:47','2023-07-02 19:58:47'),(106,'nature',4,'Botble\\Gallery\\Models\\Gallery','galleries','2023-07-02 19:58:47','2023-07-02 19:58:47'),(107,'morning',5,'Botble\\Gallery\\Models\\Gallery','galleries','2023-07-02 19:58:47','2023-07-02 19:58:47'),(108,'photography',6,'Botble\\Gallery\\Models\\Gallery','galleries','2023-07-02 19:58:47','2023-07-02 19:58:47'),(109,'summer',7,'Botble\\Gallery\\Models\\Gallery','galleries','2023-07-02 19:58:47','2023-07-02 19:58:47'),(110,'holiday',8,'Botble\\Gallery\\Models\\Gallery','galleries','2023-07-02 19:58:47','2023-07-02 19:58:47'),(111,'winter',9,'Botble\\Gallery\\Models\\Gallery','galleries','2023-07-02 19:58:47','2023-07-02 19:58:47'),(112,'warm',10,'Botble\\Gallery\\Models\\Gallery','galleries','2023-07-02 19:58:47','2023-07-02 19:58:47');
/*!40000 ALTER TABLE `slugs` ENABLE KEYS */;
UNLOCK TABLES;

--
-- Table structure for table `states`
--

DROP TABLE IF EXISTS `states`;
/*!40101 SET @saved_cs_client     = @@character_set_client */;
/*!50503 SET character_set_client = utf8mb4 */;
CREATE TABLE `states` (
  `id` bigint unsigned NOT NULL AUTO_INCREMENT,
  `name` varchar(120) COLLATE utf8mb4_unicode_ci NOT NULL,
  `abbreviation` varchar(10) CHARACTER SET utf8mb4 COLLATE utf8mb4_unicode_ci DEFAULT NULL,
  `country_id` bigint unsigned DEFAULT NULL,
  `order` tinyint NOT NULL DEFAULT '0',
  `is_default` tinyint unsigned NOT NULL DEFAULT '0',
  `status` varchar(60) COLLATE utf8mb4_unicode_ci NOT NULL DEFAULT 'published',
  `created_at` timestamp NULL DEFAULT NULL,
  `updated_at` timestamp NULL DEFAULT NULL,
  PRIMARY KEY (`id`)
) ENGINE=InnoDB DEFAULT CHARSET=utf8mb4 COLLATE=utf8mb4_unicode_ci;
/*!40101 SET character_set_client = @saved_cs_client */;

--
-- Dumping data for table `states`
--

LOCK TABLES `states` WRITE;
/*!40000 ALTER TABLE `states` DISABLE KEYS */;
/*!40000 ALTER TABLE `states` ENABLE KEYS */;
UNLOCK TABLES;

--
-- Table structure for table `states_translations`
--

DROP TABLE IF EXISTS `states_translations`;
/*!40101 SET @saved_cs_client     = @@character_set_client */;
/*!50503 SET character_set_client = utf8mb4 */;
CREATE TABLE `states_translations` (
  `lang_code` varchar(191) COLLATE utf8mb4_unicode_ci NOT NULL,
  `states_id` bigint unsigned NOT NULL,
  `name` varchar(120) COLLATE utf8mb4_unicode_ci DEFAULT NULL,
  `abbreviation` varchar(10) CHARACTER SET utf8mb4 COLLATE utf8mb4_unicode_ci DEFAULT NULL,
  PRIMARY KEY (`lang_code`,`states_id`)
) ENGINE=InnoDB DEFAULT CHARSET=utf8mb4 COLLATE=utf8mb4_unicode_ci;
/*!40101 SET character_set_client = @saved_cs_client */;

--
-- Dumping data for table `states_translations`
--

LOCK TABLES `states_translations` WRITE;
/*!40000 ALTER TABLE `states_translations` DISABLE KEYS */;
/*!40000 ALTER TABLE `states_translations` ENABLE KEYS */;
UNLOCK TABLES;

--
-- Table structure for table `tags`
--

DROP TABLE IF EXISTS `tags`;
/*!40101 SET @saved_cs_client     = @@character_set_client */;
/*!50503 SET character_set_client = utf8mb4 */;
CREATE TABLE `tags` (
  `id` bigint unsigned NOT NULL AUTO_INCREMENT,
  `name` varchar(120) COLLATE utf8mb4_unicode_ci NOT NULL,
  `author_id` bigint unsigned NOT NULL,
  `author_type` varchar(255) CHARACTER SET utf8mb4 COLLATE utf8mb4_unicode_ci NOT NULL DEFAULT 'Botble\\ACL\\Models\\User',
  `description` varchar(400) COLLATE utf8mb4_unicode_ci DEFAULT '',
  `status` varchar(60) COLLATE utf8mb4_unicode_ci NOT NULL DEFAULT 'published',
  `created_at` timestamp NULL DEFAULT NULL,
  `updated_at` timestamp NULL DEFAULT NULL,
  PRIMARY KEY (`id`)
) ENGINE=InnoDB AUTO_INCREMENT=6 DEFAULT CHARSET=utf8mb4 COLLATE=utf8mb4_unicode_ci;
/*!40101 SET character_set_client = @saved_cs_client */;

--
-- Dumping data for table `tags`
--

LOCK TABLES `tags` WRITE;
/*!40000 ALTER TABLE `tags` DISABLE KEYS */;
INSERT INTO `tags` VALUES (1,'General',1,'Botble\\ACL\\Models\\User','','published','2023-07-02 19:58:39','2023-07-02 19:58:39'),(2,'Design',1,'Botble\\ACL\\Models\\User','','published','2023-07-02 19:58:39','2023-07-02 19:58:39'),(3,'Fashion',1,'Botble\\ACL\\Models\\User','','published','2023-07-02 19:58:39','2023-07-02 19:58:39'),(4,'Branding',1,'Botble\\ACL\\Models\\User','','published','2023-07-02 19:58:39','2023-07-02 19:58:39'),(5,'Modern',1,'Botble\\ACL\\Models\\User','','published','2023-07-02 19:58:39','2023-07-02 19:58:39');
/*!40000 ALTER TABLE `tags` ENABLE KEYS */;
UNLOCK TABLES;

--
-- Table structure for table `tags_translations`
--

DROP TABLE IF EXISTS `tags_translations`;
/*!40101 SET @saved_cs_client     = @@character_set_client */;
/*!50503 SET character_set_client = utf8mb4 */;
CREATE TABLE `tags_translations` (
  `lang_code` varchar(191) COLLATE utf8mb4_unicode_ci NOT NULL,
  `tags_id` bigint unsigned NOT NULL,
  `name` varchar(255) COLLATE utf8mb4_unicode_ci DEFAULT NULL,
  `description` varchar(400) COLLATE utf8mb4_unicode_ci DEFAULT NULL,
  PRIMARY KEY (`lang_code`,`tags_id`)
) ENGINE=InnoDB DEFAULT CHARSET=utf8mb4 COLLATE=utf8mb4_unicode_ci;
/*!40101 SET character_set_client = @saved_cs_client */;

--
-- Dumping data for table `tags_translations`
--

LOCK TABLES `tags_translations` WRITE;
/*!40000 ALTER TABLE `tags_translations` DISABLE KEYS */;
INSERT INTO `tags_translations` VALUES ('vi',1,NULL,NULL),('vi',2,NULL,NULL),('vi',3,NULL,NULL),('vi',4,NULL,NULL),('vi',5,NULL,NULL);
/*!40000 ALTER TABLE `tags_translations` ENABLE KEYS */;
UNLOCK TABLES;

--
-- Table structure for table `teams`
--

DROP TABLE IF EXISTS `teams`;
/*!40101 SET @saved_cs_client     = @@character_set_client */;
/*!50503 SET character_set_client = utf8mb4 */;
CREATE TABLE `teams` (
  `id` bigint unsigned NOT NULL AUTO_INCREMENT,
  `name` varchar(191) COLLATE utf8mb4_unicode_ci NOT NULL,
  `photo` varchar(191) COLLATE utf8mb4_unicode_ci DEFAULT NULL,
  `title` varchar(191) COLLATE utf8mb4_unicode_ci DEFAULT NULL,
  `location` varchar(191) COLLATE utf8mb4_unicode_ci DEFAULT NULL,
  `socials` varchar(191) COLLATE utf8mb4_unicode_ci DEFAULT NULL,
  `status` varchar(60) COLLATE utf8mb4_unicode_ci NOT NULL DEFAULT 'published',
  `created_at` timestamp NULL DEFAULT NULL,
  `updated_at` timestamp NULL DEFAULT NULL,
  PRIMARY KEY (`id`)
) ENGINE=InnoDB AUTO_INCREMENT=5 DEFAULT CHARSET=utf8mb4 COLLATE=utf8mb4_unicode_ci;
/*!40101 SET character_set_client = @saved_cs_client */;

--
-- Dumping data for table `teams`
--

LOCK TABLES `teams` WRITE;
/*!40000 ALTER TABLE `teams` DISABLE KEYS */;
INSERT INTO `teams` VALUES (1,'Paul Trueman','teams/1.png','Chef','USA','{\"facebook\":\"fb.com\",\"twitter\":\"twitter.com\",\"instagram\":\"instagram.com\"}','published','2023-07-02 19:58:48','2023-07-02 19:58:48'),(2,'Emma Newman','teams/2.png','Assistant chef','Qatar','{\"facebook\":\"fb.com\",\"twitter\":\"twitter.com\",\"instagram\":\"instagram.com\"}','published','2023-07-02 19:58:48','2023-07-02 19:58:48'),(3,'Oscar Oldman','teams/3.png','Chef','India','{\"facebook\":\"fb.com\",\"twitter\":\"twitter.com\",\"instagram\":\"instagram.com\"}','published','2023-07-02 19:58:48','2023-07-02 19:58:48'),(4,'Ed Freeman','teams/4.png','Assistant chef','China','{\"facebook\":\"fb.com\",\"twitter\":\"twitter.com\",\"instagram\":\"instagram.com\"}','published','2023-07-02 19:58:48','2023-07-02 19:58:48');
/*!40000 ALTER TABLE `teams` ENABLE KEYS */;
UNLOCK TABLES;

--
-- Table structure for table `teams_translations`
--

DROP TABLE IF EXISTS `teams_translations`;
/*!40101 SET @saved_cs_client     = @@character_set_client */;
/*!50503 SET character_set_client = utf8mb4 */;
CREATE TABLE `teams_translations` (
  `lang_code` varchar(191) COLLATE utf8mb4_unicode_ci NOT NULL,
  `teams_id` int NOT NULL,
  `name` varchar(191) COLLATE utf8mb4_unicode_ci NOT NULL,
  `title` varchar(191) COLLATE utf8mb4_unicode_ci DEFAULT NULL,
  `location` varchar(191) COLLATE utf8mb4_unicode_ci DEFAULT NULL,
  PRIMARY KEY (`lang_code`,`teams_id`)
) ENGINE=InnoDB DEFAULT CHARSET=utf8mb4 COLLATE=utf8mb4_unicode_ci;
/*!40101 SET character_set_client = @saved_cs_client */;

--
-- Dumping data for table `teams_translations`
--

LOCK TABLES `teams_translations` WRITE;
/*!40000 ALTER TABLE `teams_translations` DISABLE KEYS */;
INSERT INTO `teams_translations` VALUES ('vi',1,'Paul Trueman','Đầu bếp','Mỹ'),('vi',2,'Emma Newman','Phụ bếp','Qatar'),('vi',3,'Oscar Oldman','Đầu bếp','Ấn độ'),('vi',4,'Ed Freeman','Phụ bếp','Trung Quốc');
/*!40000 ALTER TABLE `teams_translations` ENABLE KEYS */;
UNLOCK TABLES;

--
-- Table structure for table `testimonials`
--

DROP TABLE IF EXISTS `testimonials`;
/*!40101 SET @saved_cs_client     = @@character_set_client */;
/*!50503 SET character_set_client = utf8mb4 */;
CREATE TABLE `testimonials` (
  `id` bigint unsigned NOT NULL AUTO_INCREMENT,
  `name` varchar(120) COLLATE utf8mb4_unicode_ci NOT NULL,
  `content` text COLLATE utf8mb4_unicode_ci NOT NULL,
  `image` varchar(255) COLLATE utf8mb4_unicode_ci DEFAULT NULL,
  `company` varchar(120) COLLATE utf8mb4_unicode_ci DEFAULT NULL,
  `status` varchar(60) COLLATE utf8mb4_unicode_ci NOT NULL DEFAULT 'published',
  `created_at` timestamp NULL DEFAULT NULL,
  `updated_at` timestamp NULL DEFAULT NULL,
  PRIMARY KEY (`id`)
) ENGINE=InnoDB AUTO_INCREMENT=5 DEFAULT CHARSET=utf8mb4 COLLATE=utf8mb4_unicode_ci;
/*!40101 SET character_set_client = @saved_cs_client */;

--
-- Dumping data for table `testimonials`
--

LOCK TABLES `testimonials` WRITE;
/*!40000 ALTER TABLE `testimonials` DISABLE KEYS */;
INSERT INTO `testimonials` VALUES (1,'Wade Warren','Ratione maiores quod et est nemo voluptas. Voluptate quasi amet incidunt voluptate. Et recusandae quod ab optio. Ea animi ea facilis modi sit. Sint beatae in facere occaecati ipsum. Et eligendi iure ut est quis ex et fuga. Molestiae aliquam quia quia dolores aut cumque. Id commodi molestias sed numquam et omnis aliquam.','customers/1.jpg','Louis Vuitton','published','2023-07-02 19:58:41','2023-07-02 19:58:41'),(2,'Brooklyn Simmons','Consequatur aliquid sequi sint sequi quasi. Eius at officiis perspiciatis illum voluptatem. Ut asperiores vel doloremque facilis. Deleniti quos voluptas consectetur voluptas. Impedit quo molestias aperiam ea tempora voluptatem ipsum et. Qui et commodi facere eum ex. Ipsum quod aut rem nesciunt vitae.','customers/2.jpg','Nintendo','published','2023-07-02 19:58:41','2023-07-02 19:58:41'),(3,'Jenny Wilson','Ut quo ad ea aut voluptatem eum magnam. Dolorem delectus quia occaecati nemo odio dolores enim. Deserunt natus numquam architecto ducimus in quam. Odit ut sunt aliquid et et neque ut.','customers/3.jpg','Starbucks','published','2023-07-02 19:58:41','2023-07-02 19:58:41'),(4,'Albert Flores','Culpa cumque et eligendi inventore qui aut sapiente. Quo nihil nobis tempore in ipsa hic natus. Voluptatem autem cupiditate quis quo. Consequatur ea ut alias quo veritatis. Aliquid deleniti earum eos veritatis iste occaecati. Ut ipsum cumque illum necessitatibus accusamus atque. Nobis nesciunt culpa qui sit porro aliquam.','customers/4.jpg','Bank of America','published','2023-07-02 19:58:41','2023-07-02 19:58:41');
/*!40000 ALTER TABLE `testimonials` ENABLE KEYS */;
UNLOCK TABLES;

--
-- Table structure for table `testimonials_translations`
--

DROP TABLE IF EXISTS `testimonials_translations`;
/*!40101 SET @saved_cs_client     = @@character_set_client */;
/*!50503 SET character_set_client = utf8mb4 */;
CREATE TABLE `testimonials_translations` (
  `lang_code` varchar(191) COLLATE utf8mb4_unicode_ci NOT NULL,
  `testimonials_id` bigint unsigned NOT NULL,
  `name` varchar(255) COLLATE utf8mb4_unicode_ci DEFAULT NULL,
  `content` text COLLATE utf8mb4_unicode_ci,
  `company` varchar(120) COLLATE utf8mb4_unicode_ci DEFAULT NULL,
  PRIMARY KEY (`lang_code`,`testimonials_id`)
) ENGINE=InnoDB DEFAULT CHARSET=utf8mb4 COLLATE=utf8mb4_unicode_ci;
/*!40101 SET character_set_client = @saved_cs_client */;

--
-- Dumping data for table `testimonials_translations`
--

LOCK TABLES `testimonials_translations` WRITE;
/*!40000 ALTER TABLE `testimonials_translations` DISABLE KEYS */;
/*!40000 ALTER TABLE `testimonials_translations` ENABLE KEYS */;
UNLOCK TABLES;

--
-- Table structure for table `translations`
--

DROP TABLE IF EXISTS `translations`;
/*!40101 SET @saved_cs_client     = @@character_set_client */;
/*!50503 SET character_set_client = utf8mb4 */;
CREATE TABLE `translations` (
  `id` bigint unsigned NOT NULL AUTO_INCREMENT,
  `status` int NOT NULL DEFAULT '0',
  `locale` varchar(191) COLLATE utf8mb4_unicode_ci NOT NULL,
  `group` varchar(191) COLLATE utf8mb4_unicode_ci NOT NULL,
  `key` varchar(191) COLLATE utf8mb4_unicode_ci NOT NULL,
  `value` text COLLATE utf8mb4_unicode_ci,
  `created_at` timestamp NULL DEFAULT NULL,
  `updated_at` timestamp NULL DEFAULT NULL,
  PRIMARY KEY (`id`)
) ENGINE=InnoDB AUTO_INCREMENT=3207 DEFAULT CHARSET=utf8mb4 COLLATE=utf8mb4_unicode_ci;
/*!40101 SET character_set_client = @saved_cs_client */;

--
-- Dumping data for table `translations`
--

LOCK TABLES `translations` WRITE;
/*!40000 ALTER TABLE `translations` DISABLE KEYS */;
INSERT INTO `translations` VALUES (1,1,'en','auth','failed','These credentials do not match our records.','2023-07-02 19:58:48','2023-07-02 19:58:48'),(2,1,'en','auth','password','The provided password is incorrect.','2023-07-02 19:58:48','2023-07-02 19:58:48'),(3,1,'en','auth','throttle','Too many login attempts. Please try again in :seconds seconds.','2023-07-02 19:58:48','2023-07-02 19:58:48'),(4,1,'en','pagination','previous','&laquo; Previous','2023-07-02 19:58:48','2023-07-02 19:58:48'),(5,1,'en','pagination','next','Next &raquo;','2023-07-02 19:58:48','2023-07-02 19:58:48'),(6,1,'en','passwords','reset','Your password has been reset!','2023-07-02 19:58:48','2023-07-02 19:58:48'),(7,1,'en','passwords','sent','We have emailed your password reset link!','2023-07-02 19:58:48','2023-07-02 19:58:48'),(8,1,'en','passwords','throttled','Please wait before retrying.','2023-07-02 19:58:48','2023-07-02 19:58:48'),(9,1,'en','passwords','token','This password reset token is invalid.','2023-07-02 19:58:48','2023-07-02 19:58:48'),(10,1,'en','passwords','user','We can\'t find a user with that email address.','2023-07-02 19:58:48','2023-07-02 19:58:48'),(11,1,'en','validation','accepted','The :attribute must be accepted.','2023-07-02 19:58:48','2023-07-02 19:58:48'),(12,1,'en','validation','accepted_if','The :attribute must be accepted when :other is :value.','2023-07-02 19:58:48','2023-07-02 19:58:48'),(13,1,'en','validation','active_url','The :attribute is not a valid URL.','2023-07-02 19:58:48','2023-07-02 19:58:48'),(14,1,'en','validation','after','The :attribute must be a date after :date.','2023-07-02 19:58:48','2023-07-02 19:58:48'),(15,1,'en','validation','after_or_equal','The :attribute must be a date after or equal to :date.','2023-07-02 19:58:48','2023-07-02 19:58:48'),(16,1,'en','validation','alpha','The :attribute must only contain letters.','2023-07-02 19:58:48','2023-07-02 19:58:48'),(17,1,'en','validation','alpha_dash','The :attribute must only contain letters, numbers, dashes and underscores.','2023-07-02 19:58:48','2023-07-02 19:58:48'),(18,1,'en','validation','alpha_num','The :attribute must only contain letters and numbers.','2023-07-02 19:58:48','2023-07-02 19:58:48'),(19,1,'en','validation','array','The :attribute must be an array.','2023-07-02 19:58:48','2023-07-02 19:58:48'),(20,1,'en','validation','before','The :attribute must be a date before :date.','2023-07-02 19:58:48','2023-07-02 19:58:48'),(21,1,'en','validation','before_or_equal','The :attribute must be a date before or equal to :date.','2023-07-02 19:58:48','2023-07-02 19:58:48'),(22,1,'en','validation','between.array','The :attribute must have between :min and :max items.','2023-07-02 19:58:48','2023-07-02 19:58:48'),(23,1,'en','validation','between.file','The :attribute must be between :min and :max kilobytes.','2023-07-02 19:58:48','2023-07-02 19:58:48'),(24,1,'en','validation','between.numeric','The :attribute must be between :min and :max.','2023-07-02 19:58:48','2023-07-02 19:58:48'),(25,1,'en','validation','between.string','The :attribute must be between :min and :max characters.','2023-07-02 19:58:48','2023-07-02 19:58:48'),(26,1,'en','validation','boolean','The :attribute field must be true or false.','2023-07-02 19:58:48','2023-07-02 19:58:48'),(27,1,'en','validation','confirmed','The :attribute confirmation does not match.','2023-07-02 19:58:48','2023-07-02 19:58:48'),(28,1,'en','validation','current_password','The password is incorrect.','2023-07-02 19:58:48','2023-07-02 19:58:48'),(29,1,'en','validation','date','The :attribute is not a valid date.','2023-07-02 19:58:48','2023-07-02 19:58:48'),(30,1,'en','validation','date_equals','The :attribute must be a date equal to :date.','2023-07-02 19:58:48','2023-07-02 19:58:48'),(31,1,'en','validation','date_format','The :attribute does not match the format :format.','2023-07-02 19:58:48','2023-07-02 19:58:48'),(32,1,'en','validation','declined','The :attribute must be declined.','2023-07-02 19:58:48','2023-07-02 19:58:48'),(33,1,'en','validation','declined_if','The :attribute must be declined when :other is :value.','2023-07-02 19:58:48','2023-07-02 19:58:48'),(34,1,'en','validation','different','The :attribute and :other must be different.','2023-07-02 19:58:48','2023-07-02 19:58:48'),(35,1,'en','validation','digits','The :attribute must be :digits digits.','2023-07-02 19:58:48','2023-07-02 19:58:48'),(36,1,'en','validation','digits_between','The :attribute must be between :min and :max digits.','2023-07-02 19:58:48','2023-07-02 19:58:48'),(37,1,'en','validation','dimensions','The :attribute has invalid image dimensions.','2023-07-02 19:58:48','2023-07-02 19:58:48'),(38,1,'en','validation','distinct','The :attribute field has a duplicate value.','2023-07-02 19:58:48','2023-07-02 19:58:48'),(39,1,'en','validation','doesnt_start_with','The :attribute may not start with one of the following: :values.','2023-07-02 19:58:48','2023-07-02 19:58:48'),(40,1,'en','validation','email','The :attribute must be a valid email address.','2023-07-02 19:58:48','2023-07-02 19:58:48'),(41,1,'en','validation','ends_with','The :attribute must end with one of the following: :values.','2023-07-02 19:58:48','2023-07-02 19:58:48'),(42,1,'en','validation','enum','The selected :attribute is invalid.','2023-07-02 19:58:48','2023-07-02 19:58:48'),(43,1,'en','validation','exists','The selected :attribute is invalid.','2023-07-02 19:58:48','2023-07-02 19:58:48'),(44,1,'en','validation','file','The :attribute must be a file.','2023-07-02 19:58:48','2023-07-02 19:58:48'),(45,1,'en','validation','filled','The :attribute field must have a value.','2023-07-02 19:58:48','2023-07-02 19:58:48'),(46,1,'en','validation','gt.array','The :attribute must have more than :value items.','2023-07-02 19:58:48','2023-07-02 19:58:48'),(47,1,'en','validation','gt.file','The :attribute must be greater than :value kilobytes.','2023-07-02 19:58:48','2023-07-02 19:58:48'),(48,1,'en','validation','gt.numeric','The :attribute must be greater than :value.','2023-07-02 19:58:48','2023-07-02 19:58:48'),(49,1,'en','validation','gt.string','The :attribute must be greater than :value characters.','2023-07-02 19:58:48','2023-07-02 19:58:48'),(50,1,'en','validation','gte.array','The :attribute must have :value items or more.','2023-07-02 19:58:48','2023-07-02 19:58:48'),(51,1,'en','validation','gte.file','The :attribute must be greater than or equal to :value kilobytes.','2023-07-02 19:58:48','2023-07-02 19:58:48'),(52,1,'en','validation','gte.numeric','The :attribute must be greater than or equal to :value.','2023-07-02 19:58:48','2023-07-02 19:58:48'),(53,1,'en','validation','gte.string','The :attribute must be greater than or equal to :value characters.','2023-07-02 19:58:48','2023-07-02 19:58:48'),(54,1,'en','validation','image','The :attribute must be an image.','2023-07-02 19:58:48','2023-07-02 19:58:48'),(55,1,'en','validation','in','The selected :attribute is invalid.','2023-07-02 19:58:48','2023-07-02 19:58:48'),(56,1,'en','validation','in_array','The :attribute field does not exist in :other.','2023-07-02 19:58:48','2023-07-02 19:58:48'),(57,1,'en','validation','integer','The :attribute must be an integer.','2023-07-02 19:58:48','2023-07-02 19:58:48'),(58,1,'en','validation','ip','The :attribute must be a valid IP address.','2023-07-02 19:58:48','2023-07-02 19:58:48'),(59,1,'en','validation','ipv4','The :attribute must be a valid IPv4 address.','2023-07-02 19:58:48','2023-07-02 19:58:48'),(60,1,'en','validation','ipv6','The :attribute must be a valid IPv6 address.','2023-07-02 19:58:48','2023-07-02 19:58:48'),(61,1,'en','validation','json','The :attribute must be a valid JSON string.','2023-07-02 19:58:48','2023-07-02 19:58:48'),(62,1,'en','validation','lt.array','The :attribute must have less than :value items.','2023-07-02 19:58:48','2023-07-02 19:58:48'),(63,1,'en','validation','lt.file','The :attribute must be less than :value kilobytes.','2023-07-02 19:58:48','2023-07-02 19:58:48'),(64,1,'en','validation','lt.numeric','The :attribute must be less than :value.','2023-07-02 19:58:48','2023-07-02 19:58:48'),(65,1,'en','validation','lt.string','The :attribute must be less than :value characters.','2023-07-02 19:58:48','2023-07-02 19:58:48'),(66,1,'en','validation','lte.array','The :attribute must not have more than :value items.','2023-07-02 19:58:48','2023-07-02 19:58:48'),(67,1,'en','validation','lte.file','The :attribute must be less than or equal to :value kilobytes.','2023-07-02 19:58:48','2023-07-02 19:58:48'),(68,1,'en','validation','lte.numeric','The :attribute must be less than or equal to :value.','2023-07-02 19:58:48','2023-07-02 19:58:48'),(69,1,'en','validation','lte.string','The :attribute must be less than or equal to :value characters.','2023-07-02 19:58:48','2023-07-02 19:58:48'),(70,1,'en','validation','mac_address','The :attribute must be a valid MAC address.','2023-07-02 19:58:48','2023-07-02 19:58:48'),(71,1,'en','validation','max.array','The :attribute must not have more than :max items.','2023-07-02 19:58:48','2023-07-02 19:58:48'),(72,1,'en','validation','max.file','The :attribute must not be greater than :max kilobytes.','2023-07-02 19:58:48','2023-07-02 19:58:48'),(73,1,'en','validation','max.numeric','The :attribute must not be greater than :max.','2023-07-02 19:58:48','2023-07-02 19:58:48'),(74,1,'en','validation','max.string','The :attribute must not be greater than :max characters.','2023-07-02 19:58:48','2023-07-02 19:58:48'),(75,1,'en','validation','mimes','The :attribute must be a file of type: :values.','2023-07-02 19:58:48','2023-07-02 19:58:48'),(76,1,'en','validation','mimetypes','The :attribute must be a file of type: :values.','2023-07-02 19:58:48','2023-07-02 19:58:48'),(77,1,'en','validation','min.array','The :attribute must have at least :min items.','2023-07-02 19:58:48','2023-07-02 19:58:48'),(78,1,'en','validation','min.file','The :attribute must be at least :min kilobytes.','2023-07-02 19:58:48','2023-07-02 19:58:48'),(79,1,'en','validation','min.numeric','The :attribute must be at least :min.','2023-07-02 19:58:48','2023-07-02 19:58:48'),(80,1,'en','validation','min.string','The :attribute must be at least :min characters.','2023-07-02 19:58:48','2023-07-02 19:58:48'),(81,1,'en','validation','multiple_of','The :attribute must be a multiple of :value.','2023-07-02 19:58:48','2023-07-02 19:58:48'),(82,1,'en','validation','not_in','The selected :attribute is invalid.','2023-07-02 19:58:48','2023-07-02 19:58:48'),(83,1,'en','validation','not_regex','The :attribute format is invalid.','2023-07-02 19:58:48','2023-07-02 19:58:48'),(84,1,'en','validation','numeric','The :attribute must be a number.','2023-07-02 19:58:48','2023-07-02 19:58:48'),(85,1,'en','validation','password.letters','The :attribute must contain at least one letter.','2023-07-02 19:58:48','2023-07-02 19:58:48'),(86,1,'en','validation','password.mixed','The :attribute must contain at least one uppercase and one lowercase letter.','2023-07-02 19:58:48','2023-07-02 19:58:48'),(87,1,'en','validation','password.numbers','The :attribute must contain at least one number.','2023-07-02 19:58:48','2023-07-02 19:58:48'),(88,1,'en','validation','password.symbols','The :attribute must contain at least one symbol.','2023-07-02 19:58:48','2023-07-02 19:58:48'),(89,1,'en','validation','password.uncompromised','The given :attribute has appeared in a data leak. Please choose a different :attribute.','2023-07-02 19:58:48','2023-07-02 19:58:48'),(90,1,'en','validation','present','The :attribute field must be present.','2023-07-02 19:58:48','2023-07-02 19:58:48'),(91,1,'en','validation','prohibited','The :attribute field is prohibited.','2023-07-02 19:58:48','2023-07-02 19:58:48'),(92,1,'en','validation','prohibited_if','The :attribute field is prohibited when :other is :value.','2023-07-02 19:58:48','2023-07-02 19:58:48'),(93,1,'en','validation','prohibited_unless','The :attribute field is prohibited unless :other is in :values.','2023-07-02 19:58:48','2023-07-02 19:58:48'),(94,1,'en','validation','prohibits','The :attribute field prohibits :other from being present.','2023-07-02 19:58:48','2023-07-02 19:58:48'),(95,1,'en','validation','regex','The :attribute format is invalid.','2023-07-02 19:58:48','2023-07-02 19:58:48'),(96,1,'en','validation','required','The :attribute field is required.','2023-07-02 19:58:48','2023-07-02 19:58:48'),(97,1,'en','validation','required_array_keys','The :attribute field must contain entries for: :values.','2023-07-02 19:58:48','2023-07-02 19:58:48'),(98,1,'en','validation','required_if','The :attribute field is required when :other is :value.','2023-07-02 19:58:48','2023-07-02 19:58:48'),(99,1,'en','validation','required_unless','The :attribute field is required unless :other is in :values.','2023-07-02 19:58:48','2023-07-02 19:58:48'),(100,1,'en','validation','required_with','The :attribute field is required when :values is present.','2023-07-02 19:58:48','2023-07-02 19:58:48'),(101,1,'en','validation','required_with_all','The :attribute field is required when :values are present.','2023-07-02 19:58:48','2023-07-02 19:58:48'),(102,1,'en','validation','required_without','The :attribute field is required when :values is not present.','2023-07-02 19:58:48','2023-07-02 19:58:48'),(103,1,'en','validation','required_without_all','The :attribute field is required when none of :values are present.','2023-07-02 19:58:48','2023-07-02 19:58:48'),(104,1,'en','validation','same','The :attribute and :other must match.','2023-07-02 19:58:48','2023-07-02 19:58:48'),(105,1,'en','validation','size.array','The :attribute must contain :size items.','2023-07-02 19:58:48','2023-07-02 19:58:48'),(106,1,'en','validation','size.file','The :attribute must be :size kilobytes.','2023-07-02 19:58:48','2023-07-02 19:58:48'),(107,1,'en','validation','size.numeric','The :attribute must be :size.','2023-07-02 19:58:48','2023-07-02 19:58:48'),(108,1,'en','validation','size.string','The :attribute must be :size characters.','2023-07-02 19:58:48','2023-07-02 19:58:48'),(109,1,'en','validation','starts_with','The :attribute must start with one of the following: :values.','2023-07-02 19:58:48','2023-07-02 19:58:48'),(110,1,'en','validation','string','The :attribute must be a string.','2023-07-02 19:58:48','2023-07-02 19:58:48'),(111,1,'en','validation','timezone','The :attribute must be a valid timezone.','2023-07-02 19:58:48','2023-07-02 19:58:48'),(112,1,'en','validation','unique','The :attribute has already been taken.','2023-07-02 19:58:48','2023-07-02 19:58:48'),(113,1,'en','validation','uploaded','The :attribute failed to upload.','2023-07-02 19:58:48','2023-07-02 19:58:48'),(114,1,'en','validation','url','The :attribute must be a valid URL.','2023-07-02 19:58:48','2023-07-02 19:58:48'),(115,1,'en','validation','uuid','The :attribute must be a valid UUID.','2023-07-02 19:58:48','2023-07-02 19:58:48'),(116,1,'en','validation','custom.attribute-name.rule-name','custom-message','2023-07-02 19:58:48','2023-07-02 19:58:48'),(117,1,'en','core/acl/auth','login.username','Email/Username','2023-07-02 19:58:48','2023-07-02 19:58:48'),(118,1,'en','core/acl/auth','login.email','Email','2023-07-02 19:58:48','2023-07-02 19:58:48'),(119,1,'en','core/acl/auth','login.password','Password','2023-07-02 19:58:48','2023-07-02 19:58:48'),(120,1,'en','core/acl/auth','login.title','User Login','2023-07-02 19:58:48','2023-07-02 19:58:48'),(121,1,'en','core/acl/auth','login.remember','Remember me?','2023-07-02 19:58:48','2023-07-02 19:58:48'),(122,1,'en','core/acl/auth','login.login','Sign in','2023-07-02 19:58:48','2023-07-02 19:58:48'),(123,1,'en','core/acl/auth','login.placeholder.username','Please enter your username','2023-07-02 19:58:48','2023-07-02 19:58:48'),(124,1,'en','core/acl/auth','login.placeholder.email','Please enter your email','2023-07-02 19:58:48','2023-07-02 19:58:48'),(125,1,'en','core/acl/auth','login.success','Login successfully!','2023-07-02 19:58:48','2023-07-02 19:58:48'),(126,1,'en','core/acl/auth','login.fail','Wrong username or password.','2023-07-02 19:58:48','2023-07-02 19:58:48'),(127,1,'en','core/acl/auth','login.not_active','Your account has not been activated yet!','2023-07-02 19:58:48','2023-07-02 19:58:48'),(128,1,'en','core/acl/auth','login.banned','This account is banned.','2023-07-02 19:58:48','2023-07-02 19:58:48'),(129,1,'en','core/acl/auth','login.logout_success','Logout successfully!','2023-07-02 19:58:48','2023-07-02 19:58:48'),(130,1,'en','core/acl/auth','login.dont_have_account','You don\'t have account on this system, please contact administrator for more information!','2023-07-02 19:58:48','2023-07-02 19:58:48'),(131,1,'en','core/acl/auth','forgot_password.title','Forgot Password','2023-07-02 19:58:48','2023-07-02 19:58:48'),(132,1,'en','core/acl/auth','forgot_password.message','<p>Have you forgotten your password?</p><p>Please enter your email account. System will send a email with active link to reset your password.</p>','2023-07-02 19:58:48','2023-07-02 19:58:48'),(133,1,'en','core/acl/auth','forgot_password.submit','Submit','2023-07-02 19:58:48','2023-07-02 19:58:48'),(134,1,'en','core/acl/auth','reset.new_password','New password','2023-07-02 19:58:48','2023-07-02 19:58:48'),(135,1,'en','core/acl/auth','reset.password_confirmation','Confirm new password','2023-07-02 19:58:48','2023-07-02 19:58:48'),(136,1,'en','core/acl/auth','reset.email','Email','2023-07-02 19:58:48','2023-07-02 19:58:48'),(137,1,'en','core/acl/auth','reset.title','Reset your password','2023-07-02 19:58:48','2023-07-02 19:58:48'),(138,1,'en','core/acl/auth','reset.update','Update','2023-07-02 19:58:48','2023-07-02 19:58:48'),(139,1,'en','core/acl/auth','reset.wrong_token','This link is invalid or expired. Please try using reset form again.','2023-07-02 19:58:48','2023-07-02 19:58:48'),(140,1,'en','core/acl/auth','reset.user_not_found','This username is not exist.','2023-07-02 19:58:48','2023-07-02 19:58:48'),(141,1,'en','core/acl/auth','reset.success','Reset password successfully!','2023-07-02 19:58:48','2023-07-02 19:58:48'),(142,1,'en','core/acl/auth','reset.fail','Token is invalid, the reset password link has been expired!','2023-07-02 19:58:48','2023-07-02 19:58:48'),(143,1,'en','core/acl/auth','reset.reset.title','Email reset password','2023-07-02 19:58:48','2023-07-02 19:58:48'),(144,1,'en','core/acl/auth','reset.send.success','A email was sent to your email account. Please check and complete this action.','2023-07-02 19:58:48','2023-07-02 19:58:48'),(145,1,'en','core/acl/auth','reset.send.fail','Can not send email in this time. Please try again later.','2023-07-02 19:58:48','2023-07-02 19:58:48'),(146,1,'en','core/acl/auth','reset.new-password','New password','2023-07-02 19:58:48','2023-07-02 19:58:48'),(147,1,'en','core/acl/auth','email.reminder.title','Email reset password','2023-07-02 19:58:48','2023-07-02 19:58:48'),(148,1,'en','core/acl/auth','password_confirmation','Password confirm','2023-07-02 19:58:48','2023-07-02 19:58:48'),(149,1,'en','core/acl/auth','failed','Failed','2023-07-02 19:58:48','2023-07-02 19:58:48'),(150,1,'en','core/acl/auth','throttle','Throttle','2023-07-02 19:58:48','2023-07-02 19:58:48'),(151,1,'en','core/acl/auth','not_member','Not a member yet?','2023-07-02 19:58:48','2023-07-02 19:58:48'),(152,1,'en','core/acl/auth','register_now','Register now','2023-07-02 19:58:48','2023-07-02 19:58:48'),(153,1,'en','core/acl/auth','lost_your_password','Lost your password?','2023-07-02 19:58:48','2023-07-02 19:58:48'),(154,1,'en','core/acl/auth','login_title','Admin','2023-07-02 19:58:48','2023-07-02 19:58:48'),(155,1,'en','core/acl/auth','login_via_social','Login with social networks','2023-07-02 19:58:48','2023-07-02 19:58:48'),(156,1,'en','core/acl/auth','back_to_login','Back to login page','2023-07-02 19:58:48','2023-07-02 19:58:48'),(157,1,'en','core/acl/auth','sign_in_below','Sign In Below','2023-07-02 19:58:48','2023-07-02 19:58:48'),(158,1,'en','core/acl/auth','languages','Languages','2023-07-02 19:58:48','2023-07-02 19:58:48'),(159,1,'en','core/acl/auth','reset_password','Reset Password','2023-07-02 19:58:48','2023-07-02 19:58:48'),(160,1,'en','core/acl/auth','settings.email.title','ACL','2023-07-02 19:58:48','2023-07-02 19:58:48'),(161,1,'en','core/acl/auth','settings.email.description','ACL email configuration','2023-07-02 19:58:48','2023-07-02 19:58:48'),(162,1,'en','core/acl/permissions','notices.role_in_use','Cannot delete this role, it is still in use!','2023-07-02 19:58:48','2023-07-02 19:58:48'),(163,1,'en','core/acl/permissions','notices.role_delete_belong_user','You are not able to delete this role; it belongs to someone else!','2023-07-02 19:58:48','2023-07-02 19:58:48'),(164,1,'en','core/acl/permissions','notices.role_edit_belong_user','You are not able to edit this role; it belongs to someone else!','2023-07-02 19:58:48','2023-07-02 19:58:48'),(165,1,'en','core/acl/permissions','notices.delete_global_role','You are not allowed to delete global roles!','2023-07-02 19:58:48','2023-07-02 19:58:48'),(166,1,'en','core/acl/permissions','notices.delete_success','The selected role was deleted successfully!','2023-07-02 19:58:48','2023-07-02 19:58:48'),(167,1,'en','core/acl/permissions','notices.modified_success','The selected role was modified successfully!','2023-07-02 19:58:48','2023-07-02 19:58:48'),(168,1,'en','core/acl/permissions','notices.create_success','The new role was successfully created','2023-07-02 19:58:48','2023-07-02 19:58:48'),(169,1,'en','core/acl/permissions','notices.duplicated_success','The selected role was duplicated successfully','2023-07-02 19:58:48','2023-07-02 19:58:48'),(170,1,'en','core/acl/permissions','notices.no_select','Please select at least one record to take this action!','2023-07-02 19:58:48','2023-07-02 19:58:48'),(171,1,'en','core/acl/permissions','notices.not_found','Role not found','2023-07-02 19:58:48','2023-07-02 19:58:48'),(172,1,'en','core/acl/permissions','name','Name','2023-07-02 19:58:48','2023-07-02 19:58:48'),(173,1,'en','core/acl/permissions','current_role','Current Role','2023-07-02 19:58:48','2023-07-02 19:58:48'),(174,1,'en','core/acl/permissions','no_role_assigned','No role assigned','2023-07-02 19:58:48','2023-07-02 19:58:48'),(175,1,'en','core/acl/permissions','role_assigned','Assigned Role','2023-07-02 19:58:48','2023-07-02 19:58:48'),(176,1,'en','core/acl/permissions','create_role','Create New Role','2023-07-02 19:58:48','2023-07-02 19:58:48'),(177,1,'en','core/acl/permissions','role_name','Name','2023-07-02 19:58:48','2023-07-02 19:58:48'),(178,1,'en','core/acl/permissions','role_description','Description','2023-07-02 19:58:48','2023-07-02 19:58:48'),(179,1,'en','core/acl/permissions','permission_flags','Permission Flags','2023-07-02 19:58:48','2023-07-02 19:58:48'),(180,1,'en','core/acl/permissions','cancel','Cancel','2023-07-02 19:58:48','2023-07-02 19:58:48'),(181,1,'en','core/acl/permissions','reset','Reset','2023-07-02 19:58:48','2023-07-02 19:58:48'),(182,1,'en','core/acl/permissions','save','Save','2023-07-02 19:58:48','2023-07-02 19:58:48'),(183,1,'en','core/acl/permissions','global_role_msg','This is a global role and cannot be modified.  You can use the Duplicate button to make a copy of this role that you can then modify.','2023-07-02 19:58:48','2023-07-02 19:58:48'),(184,1,'en','core/acl/permissions','details','Details','2023-07-02 19:58:48','2023-07-02 19:58:48'),(185,1,'en','core/acl/permissions','duplicate','Duplicate','2023-07-02 19:58:48','2023-07-02 19:58:48'),(186,1,'en','core/acl/permissions','all','All Permissions','2023-07-02 19:58:48','2023-07-02 19:58:48'),(187,1,'en','core/acl/permissions','list_role','List Roles','2023-07-02 19:58:48','2023-07-02 19:58:48'),(188,1,'en','core/acl/permissions','created_on','Created On','2023-07-02 19:58:48','2023-07-02 19:58:48'),(189,1,'en','core/acl/permissions','created_by','Created By','2023-07-02 19:58:48','2023-07-02 19:58:48'),(190,1,'en','core/acl/permissions','actions','Actions','2023-07-02 19:58:48','2023-07-02 19:58:48'),(191,1,'en','core/acl/permissions','role_in_use','Cannot delete this role, it is still in use!','2023-07-02 19:58:48','2023-07-02 19:58:48'),(192,1,'en','core/acl/permissions','role_delete_belong_user','You are not able to delete this role; it belongs to someone else!','2023-07-02 19:58:48','2023-07-02 19:58:48'),(193,1,'en','core/acl/permissions','delete_global_role','Can not delete global role','2023-07-02 19:58:48','2023-07-02 19:58:48'),(194,1,'en','core/acl/permissions','delete_success','Delete role successfully','2023-07-02 19:58:48','2023-07-02 19:58:48'),(195,1,'en','core/acl/permissions','no_select','Please select at least one role to take this action!','2023-07-02 19:58:48','2023-07-02 19:58:48'),(196,1,'en','core/acl/permissions','not_found','No role found!','2023-07-02 19:58:48','2023-07-02 19:58:48'),(197,1,'en','core/acl/permissions','role_edit_belong_user','You are not able to edit this role; it belongs to someone else!','2023-07-02 19:58:48','2023-07-02 19:58:48'),(198,1,'en','core/acl/permissions','modified_success','Modified successfully','2023-07-02 19:58:48','2023-07-02 19:58:48'),(199,1,'en','core/acl/permissions','create_success','Create successfully','2023-07-02 19:58:48','2023-07-02 19:58:48'),(200,1,'en','core/acl/permissions','duplicated_success','Duplicated successfully','2023-07-02 19:58:48','2023-07-02 19:58:48'),(201,1,'en','core/acl/permissions','options','Options','2023-07-02 19:58:48','2023-07-02 19:58:48'),(202,1,'en','core/acl/permissions','access_denied_message','You are not allowed to do this action','2023-07-02 19:58:48','2023-07-02 19:58:48'),(203,1,'en','core/acl/permissions','roles','Roles','2023-07-02 19:58:48','2023-07-02 19:58:48'),(204,1,'en','core/acl/permissions','role_permission','Roles and Permissions','2023-07-02 19:58:48','2023-07-02 19:58:48'),(205,1,'en','core/acl/permissions','user_management','User Management','2023-07-02 19:58:48','2023-07-02 19:58:48'),(206,1,'en','core/acl/permissions','super_user_management','Super User Management','2023-07-02 19:58:48','2023-07-02 19:58:48'),(207,1,'en','core/acl/permissions','action_unauthorized','This action is unauthorized.','2023-07-02 19:58:48','2023-07-02 19:58:48'),(208,1,'en','core/acl/users','delete_user_logged_in','Can\'t delete this user. This user is logged on!','2023-07-02 19:58:48','2023-07-02 19:58:48'),(209,1,'en','core/acl/users','no_select','Please select at least one record to take this action!','2023-07-02 19:58:48','2023-07-02 19:58:48'),(210,1,'en','core/acl/users','lock_user_logged_in','Can\'t lock this user. This user is logged on!','2023-07-02 19:58:48','2023-07-02 19:58:48'),(211,1,'en','core/acl/users','update_success','Update status successfully!','2023-07-02 19:58:48','2023-07-02 19:58:48'),(212,1,'en','core/acl/users','save_setting_failed','Something went wrong when save your setting','2023-07-02 19:58:48','2023-07-02 19:58:48'),(213,1,'en','core/acl/users','not_found','User not found','2023-07-02 19:58:48','2023-07-02 19:58:48'),(214,1,'en','core/acl/users','email_exist','That email address already belongs to an existing account','2023-07-02 19:58:48','2023-07-02 19:58:48'),(215,1,'en','core/acl/users','username_exist','That username address already belongs to an existing account','2023-07-02 19:58:48','2023-07-02 19:58:48'),(216,1,'en','core/acl/users','update_profile_success','Your profile changes were successfully saved','2023-07-02 19:58:48','2023-07-02 19:58:48'),(217,1,'en','core/acl/users','password_update_success','Password successfully changed','2023-07-02 19:58:48','2023-07-02 19:58:48'),(218,1,'en','core/acl/users','current_password_not_valid','Current password is not valid','2023-07-02 19:58:48','2023-07-02 19:58:48'),(219,1,'en','core/acl/users','user_exist_in','User is already a member','2023-07-02 19:58:48','2023-07-02 19:58:48'),(220,1,'en','core/acl/users','email','Email','2023-07-02 19:58:48','2023-07-02 19:58:48'),(221,1,'en','core/acl/users','role','Role','2023-07-02 19:58:48','2023-07-02 19:58:48'),(222,1,'en','core/acl/users','username','Username','2023-07-02 19:58:48','2023-07-02 19:58:48'),(223,1,'en','core/acl/users','last_name','Last Name','2023-07-02 19:58:48','2023-07-02 19:58:48'),(224,1,'en','core/acl/users','first_name','First Name','2023-07-02 19:58:48','2023-07-02 19:58:48'),(225,1,'en','core/acl/users','message','Message','2023-07-02 19:58:48','2023-07-02 19:58:48'),(226,1,'en','core/acl/users','cancel_btn','Cancel','2023-07-02 19:58:48','2023-07-02 19:58:48'),(227,1,'en','core/acl/users','change_password','Change password','2023-07-02 19:58:48','2023-07-02 19:58:48'),(228,1,'en','core/acl/users','current_password','Current password','2023-07-02 19:58:48','2023-07-02 19:58:48'),(229,1,'en','core/acl/users','new_password','New Password','2023-07-02 19:58:48','2023-07-02 19:58:48'),(230,1,'en','core/acl/users','confirm_new_password','Confirm New Password','2023-07-02 19:58:48','2023-07-02 19:58:48'),(231,1,'en','core/acl/users','password','Password','2023-07-02 19:58:48','2023-07-02 19:58:48'),(232,1,'en','core/acl/users','save','Save','2023-07-02 19:58:48','2023-07-02 19:58:48'),(233,1,'en','core/acl/users','cannot_delete','User could not be deleted','2023-07-02 19:58:48','2023-07-02 19:58:48'),(234,1,'en','core/acl/users','deleted','User deleted','2023-07-02 19:58:48','2023-07-02 19:58:48'),(235,1,'en','core/acl/users','last_login','Last Login','2023-07-02 19:58:48','2023-07-02 19:58:48'),(236,1,'en','core/acl/users','error_update_profile_image','Error when update profile image','2023-07-02 19:58:48','2023-07-02 19:58:48'),(237,1,'en','core/acl/users','email_reminder_template','<h3>Hello :name</h3><p>The system has received a request to restore the password for your account, to complete this task please click the link below.</p><p><a href=\":link\">Reset password now</a></p><p>If not you ask recover password, please ignore this email.</p><p>This email is valid for 60 minutes after receiving the email.</p>','2023-07-02 19:58:48','2023-07-02 19:58:48'),(238,1,'en','core/acl/users','change_profile_image','Change Profile Image','2023-07-02 19:58:48','2023-07-02 19:58:48'),(239,1,'en','core/acl/users','new_image','New Image','2023-07-02 19:58:48','2023-07-02 19:58:48'),(240,1,'en','core/acl/users','loading','Loading','2023-07-02 19:58:48','2023-07-02 19:58:48'),(241,1,'en','core/acl/users','close','Close','2023-07-02 19:58:48','2023-07-02 19:58:48'),(242,1,'en','core/acl/users','update','Update','2023-07-02 19:58:48','2023-07-02 19:58:48'),(243,1,'en','core/acl/users','read_image_failed','Failed to read the image file','2023-07-02 19:58:48','2023-07-02 19:58:48'),(244,1,'en','core/acl/users','users','Users','2023-07-02 19:58:48','2023-07-02 19:58:48'),(245,1,'en','core/acl/users','update_avatar_success','Update profile image successfully!','2023-07-02 19:58:48','2023-07-02 19:58:48'),(246,1,'en','core/acl/users','info.title','User profile','2023-07-02 19:58:48','2023-07-02 19:58:48'),(247,1,'en','core/acl/users','info.first_name','First Name','2023-07-02 19:58:48','2023-07-02 19:58:48'),(248,1,'en','core/acl/users','info.last_name','Last Name','2023-07-02 19:58:48','2023-07-02 19:58:48'),(249,1,'en','core/acl/users','total_users','Total users','2023-07-02 19:58:48','2023-07-02 19:58:48'),(250,1,'en','core/acl/users','statuses.activated','Activated','2023-07-02 19:58:48','2023-07-02 19:58:48'),(251,1,'en','core/acl/users','statuses.deactivated','Deactivated','2023-07-02 19:58:48','2023-07-02 19:58:48'),(252,1,'en','core/acl/users','make_super','Make super','2023-07-02 19:58:48','2023-07-02 19:58:48'),(253,1,'en','core/acl/users','remove_super','Remove super','2023-07-02 19:58:48','2023-07-02 19:58:48'),(254,1,'en','core/acl/users','is_super','Is super?','2023-07-02 19:58:48','2023-07-02 19:58:48'),(255,1,'en','core/acl/users','email_placeholder','Ex: example@gmail.com','2023-07-02 19:58:48','2023-07-02 19:58:48'),(256,1,'en','core/acl/users','password_confirmation','Re-type password','2023-07-02 19:58:48','2023-07-02 19:58:48'),(257,1,'en','core/acl/users','select_role','Select role','2023-07-02 19:58:48','2023-07-02 19:58:48'),(258,1,'en','core/acl/users','create_new_user','Create a new user','2023-07-02 19:58:48','2023-07-02 19:58:48'),(259,1,'en','core/acl/users','cannot_delete_super_user','Permission denied. Cannot delete a super user!','2023-07-02 19:58:48','2023-07-02 19:58:48'),(260,1,'en','core/acl/users','assigned_role','Assigned Role','2023-07-02 19:58:48','2023-07-02 19:58:48'),(261,1,'en','core/acl/users','no_role_assigned','No role assigned','2023-07-02 19:58:48','2023-07-02 19:58:48'),(262,1,'en','core/acl/users','view_user_profile','View user\'s profile','2023-07-02 19:58:48','2023-07-02 19:58:48'),(263,1,'en','core/base/base','yes','Yes','2023-07-02 19:58:48','2023-07-02 19:58:48'),(264,1,'en','core/base/base','no','No','2023-07-02 19:58:48','2023-07-02 19:58:48'),(265,1,'en','core/base/base','is_default','Is default?','2023-07-02 19:58:48','2023-07-02 19:58:48'),(266,1,'en','core/base/base','proc_close_disabled_error','Function proc_close() is disabled. Please contact your hosting provider to enable\n    it. Or you can add to .env: CAN_EXECUTE_COMMAND=false to disable this feature.','2023-07-02 19:58:48','2023-07-02 19:58:48'),(267,1,'en','core/base/base','email_template.header','Email template header','2023-07-02 19:58:48','2023-07-02 19:58:48'),(268,1,'en','core/base/base','email_template.footer','Email template footer','2023-07-02 19:58:48','2023-07-02 19:58:48'),(269,1,'en','core/base/base','email_template.site_title','Site title','2023-07-02 19:58:48','2023-07-02 19:58:48'),(270,1,'en','core/base/base','email_template.site_url','Site URL','2023-07-02 19:58:48','2023-07-02 19:58:48'),(271,1,'en','core/base/base','email_template.site_logo','Site Logo','2023-07-02 19:58:48','2023-07-02 19:58:48'),(272,1,'en','core/base/base','email_template.date_time','Current date time','2023-07-02 19:58:48','2023-07-02 19:58:48'),(273,1,'en','core/base/base','email_template.date_year','Current year','2023-07-02 19:58:48','2023-07-02 19:58:48'),(274,1,'en','core/base/base','email_template.site_admin_email','Site admin email','2023-07-02 19:58:48','2023-07-02 19:58:48'),(275,1,'en','core/base/base','change_image','Change image','2023-07-02 19:58:48','2023-07-02 19:58:48'),(276,1,'en','core/base/base','delete_image','Delete image','2023-07-02 19:58:48','2023-07-02 19:58:48'),(277,1,'en','core/base/base','preview_image','Preview image','2023-07-02 19:58:48','2023-07-02 19:58:48'),(278,1,'en','core/base/base','image','Image','2023-07-02 19:58:48','2023-07-02 19:58:48'),(279,1,'en','core/base/base','using_button','Using button','2023-07-02 19:58:48','2023-07-02 19:58:48'),(280,1,'en','core/base/base','select_image','Select image','2023-07-02 19:58:48','2023-07-02 19:58:48'),(281,1,'en','core/base/base','to_add_more_image','to add more images','2023-07-02 19:58:48','2023-07-02 19:58:48'),(282,1,'en','core/base/base','add_image','Add image','2023-07-02 19:58:48','2023-07-02 19:58:48'),(283,1,'en','core/base/base','tools','Tools','2023-07-02 19:58:48','2023-07-02 19:58:48'),(284,1,'en','core/base/cache','cache_management','Cache management','2023-07-02 19:58:48','2023-07-02 19:58:48'),(285,1,'en','core/base/cache','cache_commands','Clear cache commands','2023-07-02 19:58:48','2023-07-02 19:58:48'),(286,1,'en','core/base/cache','commands.clear_cms_cache.title','Clear all CMS cache','2023-07-02 19:58:48','2023-07-02 19:58:48'),(287,1,'en','core/base/cache','commands.clear_cms_cache.description','Clear CMS caching: database caching, static blocks... Run this command when you don\'t see the changes after updating data.','2023-07-02 19:58:48','2023-07-02 19:58:48'),(288,1,'en','core/base/cache','commands.clear_cms_cache.success_msg','Cache cleaned','2023-07-02 19:58:48','2023-07-02 19:58:48'),(289,1,'en','core/base/cache','commands.refresh_compiled_views.title','Refresh compiled views','2023-07-02 19:58:48','2023-07-02 19:58:48'),(290,1,'en','core/base/cache','commands.refresh_compiled_views.description','Clear compiled views to make views up to date.','2023-07-02 19:58:48','2023-07-02 19:58:48'),(291,1,'en','core/base/cache','commands.refresh_compiled_views.success_msg','Cache view refreshed','2023-07-02 19:58:48','2023-07-02 19:58:48'),(292,1,'en','core/base/cache','commands.clear_config_cache.title','Clear config cache','2023-07-02 19:58:48','2023-07-02 19:58:48'),(293,1,'en','core/base/cache','commands.clear_config_cache.description','You might need to refresh the config caching when you change something on production environment.','2023-07-02 19:58:48','2023-07-02 19:58:48'),(294,1,'en','core/base/cache','commands.clear_config_cache.success_msg','Config cache cleaned','2023-07-02 19:58:48','2023-07-02 19:58:48'),(295,1,'en','core/base/cache','commands.clear_route_cache.title','Clear route cache','2023-07-02 19:58:48','2023-07-02 19:58:48'),(296,1,'en','core/base/cache','commands.clear_route_cache.description','Clear cache routing.','2023-07-02 19:58:48','2023-07-02 19:58:48'),(297,1,'en','core/base/cache','commands.clear_route_cache.success_msg','The route cache has been cleaned','2023-07-02 19:58:48','2023-07-02 19:58:48'),(298,1,'en','core/base/cache','commands.clear_log.title','Clear log','2023-07-02 19:58:48','2023-07-02 19:58:48'),(299,1,'en','core/base/cache','commands.clear_log.description','Clear system log files','2023-07-02 19:58:48','2023-07-02 19:58:48'),(300,1,'en','core/base/cache','commands.clear_log.success_msg','The system log has been cleaned','2023-07-02 19:58:48','2023-07-02 19:58:48'),(301,1,'en','core/base/enums','statuses.draft','Draft','2023-07-02 19:58:48','2023-07-02 19:58:48'),(302,1,'en','core/base/enums','statuses.pending','Pending','2023-07-02 19:58:48','2023-07-02 19:58:48'),(303,1,'en','core/base/enums','statuses.published','Published','2023-07-02 19:58:48','2023-07-02 19:58:48'),(304,1,'en','core/base/errors','401_title','Permission Denied','2023-07-02 19:58:48','2023-07-02 19:58:48'),(305,1,'en','core/base/errors','401_msg','<li>You have not been granted access to the section by the administrator.</li>\n	                <li>You may have the wrong account type.</li>\n	                <li>You are not authorized to view the requested resource.</li>\n	                <li>Your subscription may have expired.</li>','2023-07-02 19:58:48','2023-07-02 19:58:48'),(306,1,'en','core/base/errors','404_title','Page could not be found','2023-07-02 19:58:48','2023-07-02 19:58:48'),(307,1,'en','core/base/errors','404_msg','<li>The page you requested does not exist.</li>\n	                <li>The link you clicked is no longer.</li>\n	                <li>The page may have moved to a new location.</li>\n	                <li>An error may have occurred.</li>\n	                <li>You are not authorized to view the requested resource.</li>','2023-07-02 19:58:48','2023-07-02 19:58:48'),(308,1,'en','core/base/errors','500_title','Page could not be loaded','2023-07-02 19:58:48','2023-07-02 19:58:48'),(309,1,'en','core/base/errors','500_msg','<li>The page you requested does not exist.</li>\n	                <li>The link you clicked is no longer.</li>\n	                <li>The page may have moved to a new location.</li>\n	                <li>An error may have occurred.</li>\n	                <li>You are not authorized to view the requested resource.</li>','2023-07-02 19:58:48','2023-07-02 19:58:48'),(310,1,'en','core/base/errors','reasons','This may have occurred because of several reasons','2023-07-02 19:58:48','2023-07-02 19:58:48'),(311,1,'en','core/base/errors','try_again','Please try again in a few minutes, or alternatively return to the homepage by <a href=\":link\">clicking here</a>.','2023-07-02 19:58:48','2023-07-02 19:58:48'),(312,1,'en','core/base/errors','not_found','Not Found','2023-07-02 19:58:48','2023-07-02 19:58:48'),(313,1,'en','core/base/errors','results_not_found','Results not found!','2023-07-02 19:58:48','2023-07-02 19:58:48'),(314,1,'en','core/base/forms','choose_image','Choose image','2023-07-02 19:58:48','2023-07-02 19:58:48'),(315,1,'en','core/base/forms','actions','Actions','2023-07-02 19:58:48','2023-07-02 19:58:48'),(316,1,'en','core/base/forms','save','Save & Exit','2023-07-02 19:58:48','2023-07-02 19:58:48'),(317,1,'en','core/base/forms','save_and_continue','Save','2023-07-02 19:58:48','2023-07-02 19:58:48'),(318,1,'en','core/base/forms','image','Image','2023-07-02 19:58:48','2023-07-02 19:58:48'),(319,1,'en','core/base/forms','image_placeholder','Insert path of image or click upload button','2023-07-02 19:58:48','2023-07-02 19:58:48'),(320,1,'en','core/base/forms','create','Create','2023-07-02 19:58:48','2023-07-02 19:58:48'),(321,1,'en','core/base/forms','edit','Edit','2023-07-02 19:58:48','2023-07-02 19:58:48'),(322,1,'en','core/base/forms','permalink','Permalink','2023-07-02 19:58:48','2023-07-02 19:58:48'),(323,1,'en','core/base/forms','ok','OK','2023-07-02 19:58:48','2023-07-02 19:58:48'),(324,1,'en','core/base/forms','cancel','Cancel','2023-07-02 19:58:48','2023-07-02 19:58:48'),(325,1,'en','core/base/forms','character_remain','character(s) remain','2023-07-02 19:58:48','2023-07-02 19:58:48'),(326,1,'en','core/base/forms','template','Template','2023-07-02 19:58:48','2023-07-02 19:58:48'),(327,1,'en','core/base/forms','choose_file','Choose file','2023-07-02 19:58:48','2023-07-02 19:58:48'),(328,1,'en','core/base/forms','file','File','2023-07-02 19:58:48','2023-07-02 19:58:48'),(329,1,'en','core/base/forms','content','Content','2023-07-02 19:58:48','2023-07-02 19:58:48'),(330,1,'en','core/base/forms','description','Description','2023-07-02 19:58:48','2023-07-02 19:58:48'),(331,1,'en','core/base/forms','name','Name','2023-07-02 19:58:48','2023-07-02 19:58:48'),(332,1,'en','core/base/forms','slug','Slug','2023-07-02 19:58:48','2023-07-02 19:58:48'),(333,1,'en','core/base/forms','title','Title','2023-07-02 19:58:48','2023-07-02 19:58:48'),(334,1,'en','core/base/forms','value','Value','2023-07-02 19:58:48','2023-07-02 19:58:48'),(335,1,'en','core/base/forms','name_placeholder','Name','2023-07-02 19:58:48','2023-07-02 19:58:48'),(336,1,'en','core/base/forms','alias_placeholder','Alias','2023-07-02 19:58:48','2023-07-02 19:58:48'),(337,1,'en','core/base/forms','description_placeholder','Short description','2023-07-02 19:58:48','2023-07-02 19:58:48'),(338,1,'en','core/base/forms','parent','Parent','2023-07-02 19:58:48','2023-07-02 19:58:48'),(339,1,'en','core/base/forms','icon','Icon','2023-07-02 19:58:48','2023-07-02 19:58:48'),(340,1,'en','core/base/forms','icon_placeholder','Ex: fa fa-home','2023-07-02 19:58:48','2023-07-02 19:58:48'),(341,1,'en','core/base/forms','order_by','Order by','2023-07-02 19:58:48','2023-07-02 19:58:48'),(342,1,'en','core/base/forms','order_by_placeholder','Order by','2023-07-02 19:58:48','2023-07-02 19:58:48'),(343,1,'en','core/base/forms','is_featured','Is featured?','2023-07-02 19:58:48','2023-07-02 19:58:48'),(344,1,'en','core/base/forms','is_default','Is default?','2023-07-02 19:58:48','2023-07-02 19:58:48'),(345,1,'en','core/base/forms','update','Update','2023-07-02 19:58:48','2023-07-02 19:58:48'),(346,1,'en','core/base/forms','publish','Publish','2023-07-02 19:58:48','2023-07-02 19:58:48'),(347,1,'en','core/base/forms','remove_image','Remove image','2023-07-02 19:58:48','2023-07-02 19:58:48'),(348,1,'en','core/base/forms','remove_file','Remove file','2023-07-02 19:58:48','2023-07-02 19:58:48'),(349,1,'en','core/base/forms','order','Order','2023-07-02 19:58:48','2023-07-02 19:58:48'),(350,1,'en','core/base/forms','alias','Alias','2023-07-02 19:58:48','2023-07-02 19:58:48'),(351,1,'en','core/base/forms','basic_information','Basic information','2023-07-02 19:58:48','2023-07-02 19:58:48'),(352,1,'en','core/base/forms','short_code','Shortcode','2023-07-02 19:58:48','2023-07-02 19:58:48'),(353,1,'en','core/base/forms','add_short_code','Add a shortcode','2023-07-02 19:58:48','2023-07-02 19:58:48'),(354,1,'en','core/base/forms','add','Add','2023-07-02 19:58:48','2023-07-02 19:58:48'),(355,1,'en','core/base/forms','link','Link','2023-07-02 19:58:48','2023-07-02 19:58:48'),(356,1,'en','core/base/forms','show_hide_editor','Show/Hide Editor','2023-07-02 19:58:48','2023-07-02 19:58:48'),(357,1,'en','core/base/forms','basic_info_title','Basic information','2023-07-02 19:58:48','2023-07-02 19:58:48'),(358,1,'en','core/base/forms','expand_all','Expand all','2023-07-02 19:58:48','2023-07-02 19:58:48'),(359,1,'en','core/base/forms','collapse_all','Collapse all','2023-07-02 19:58:48','2023-07-02 19:58:48'),(360,1,'en','core/base/forms','view_new_tab','Open in new tab','2023-07-02 19:58:48','2023-07-02 19:58:48'),(361,1,'en','core/base/forms','view_preview_image','View preview image','2023-07-02 19:58:48','2023-07-02 19:58:48'),(362,1,'en','core/base/forms','edit_item','Edit \":name\"','2023-07-02 19:58:48','2023-07-02 19:58:48'),(363,1,'en','core/base/layouts','platform_admin','Platform Administration','2023-07-02 19:58:48','2023-07-02 19:58:48'),(364,1,'en','core/base/layouts','dashboard','Dashboard','2023-07-02 19:58:48','2023-07-02 19:58:48'),(365,1,'en','core/base/layouts','widgets','Widgets','2023-07-02 19:58:48','2023-07-02 19:58:48'),(366,1,'en','core/base/layouts','plugins','Plugins','2023-07-02 19:58:48','2023-07-02 19:58:48'),(367,1,'en','core/base/layouts','settings','Settings','2023-07-02 19:58:48','2023-07-02 19:58:48'),(368,1,'en','core/base/layouts','setting_general','General','2023-07-02 19:58:48','2023-07-02 19:58:48'),(369,1,'en','core/base/layouts','setting_email','Email','2023-07-02 19:58:48','2023-07-02 19:58:48'),(370,1,'en','core/base/layouts','system_information','System information','2023-07-02 19:58:48','2023-07-02 19:58:48'),(371,1,'en','core/base/layouts','theme','Theme','2023-07-02 19:58:48','2023-07-02 19:58:48'),(372,1,'en','core/base/layouts','copyright','Copyright :year &copy; :company. Version: <span>:version</span>','2023-07-02 19:58:48','2023-07-02 19:58:48'),(373,1,'en','core/base/layouts','profile','Profile','2023-07-02 19:58:48','2023-07-02 19:58:48'),(374,1,'en','core/base/layouts','logout','Logout','2023-07-02 19:58:48','2023-07-02 19:58:48'),(375,1,'en','core/base/layouts','no_search_result','No results found, please try with different keywords.','2023-07-02 19:58:48','2023-07-02 19:58:48'),(376,1,'en','core/base/layouts','home','Home','2023-07-02 19:58:48','2023-07-02 19:58:48'),(377,1,'en','core/base/layouts','search','Search','2023-07-02 19:58:48','2023-07-02 19:58:48'),(378,1,'en','core/base/layouts','add_new','Add new','2023-07-02 19:58:48','2023-07-02 19:58:48'),(379,1,'en','core/base/layouts','n_a','N/A','2023-07-02 19:58:48','2023-07-02 19:58:48'),(380,1,'en','core/base/layouts','page_loaded_time','Page loaded in','2023-07-02 19:58:48','2023-07-02 19:58:48'),(381,1,'en','core/base/layouts','view_website','View website','2023-07-02 19:58:48','2023-07-02 19:58:48'),(382,1,'en','core/base/notices','create_success_message','Created successfully','2023-07-02 19:58:49','2023-07-02 19:58:49'),(383,1,'en','core/base/notices','update_success_message','Updated successfully','2023-07-02 19:58:49','2023-07-02 19:58:49'),(384,1,'en','core/base/notices','delete_success_message','Deleted successfully','2023-07-02 19:58:49','2023-07-02 19:58:49'),(385,1,'en','core/base/notices','success_header','Success!','2023-07-02 19:58:49','2023-07-02 19:58:49'),(386,1,'en','core/base/notices','error_header','Error!','2023-07-02 19:58:49','2023-07-02 19:58:49'),(387,1,'en','core/base/notices','no_select','Please select at least one record to perform this action!','2023-07-02 19:58:49','2023-07-02 19:58:49'),(388,1,'en','core/base/notices','processing_request','We are processing your request.','2023-07-02 19:58:49','2023-07-02 19:58:49'),(389,1,'en','core/base/notices','error','Error!','2023-07-02 19:58:49','2023-07-02 19:58:49'),(390,1,'en','core/base/notices','success','Success!','2023-07-02 19:58:49','2023-07-02 19:58:49'),(391,1,'en','core/base/notices','info','Info!','2023-07-02 19:58:49','2023-07-02 19:58:49'),(392,1,'en','core/base/notices','enum.validate_message','The :attribute value you have entered is invalid.','2023-07-02 19:58:49','2023-07-02 19:58:49'),(393,1,'en','core/base/notifications','notifications','Notifications','2023-07-02 19:58:49','2023-07-02 19:58:49'),(394,1,'en','core/base/notifications','mark_as_read','Mark as read','2023-07-02 19:58:49','2023-07-02 19:58:49'),(395,1,'en','core/base/notifications','clear','Clear','2023-07-02 19:58:49','2023-07-02 19:58:49'),(396,1,'en','core/base/notifications','no_notification_here','No notifications here','2023-07-02 19:58:49','2023-07-02 19:58:49'),(397,1,'en','core/base/notifications','please_check_again_later','Please check again later','2023-07-02 19:58:49','2023-07-02 19:58:49'),(398,1,'en','core/base/notifications','view_more','View more...','2023-07-02 19:58:49','2023-07-02 19:58:49'),(399,1,'en','core/base/notifications','view','View','2023-07-02 19:58:49','2023-07-02 19:58:49'),(400,1,'en','core/base/notifications','show_more','Show more','2023-07-02 19:58:49','2023-07-02 19:58:49'),(401,1,'en','core/base/notifications','show_less','Show less','2023-07-02 19:58:49','2023-07-02 19:58:49'),(402,1,'en','core/base/system','no_select','Please select at least one record to take this action!','2023-07-02 19:58:49','2023-07-02 19:58:49'),(403,1,'en','core/base/system','cannot_find_user','Unable to find specified user','2023-07-02 19:58:49','2023-07-02 19:58:49'),(404,1,'en','core/base/system','supper_revoked','Super user access revoked','2023-07-02 19:58:49','2023-07-02 19:58:49'),(405,1,'en','core/base/system','cannot_revoke_yourself','Can not revoke supper user access permission yourself!','2023-07-02 19:58:49','2023-07-02 19:58:49'),(406,1,'en','core/base/system','cant_remove_supper','You don\'t has permission to remove this super user','2023-07-02 19:58:49','2023-07-02 19:58:49'),(407,1,'en','core/base/system','cant_find_user_with_email','Unable to find user with specified email address','2023-07-02 19:58:49','2023-07-02 19:58:49'),(408,1,'en','core/base/system','supper_granted','Super user access granted','2023-07-02 19:58:49','2023-07-02 19:58:49'),(409,1,'en','core/base/system','delete_log_success','Delete log file successfully!','2023-07-02 19:58:49','2023-07-02 19:58:49'),(410,1,'en','core/base/system','get_member_success','Member list retrieved successfully','2023-07-02 19:58:49','2023-07-02 19:58:49'),(411,1,'en','core/base/system','error_occur','The following errors occurred','2023-07-02 19:58:49','2023-07-02 19:58:49'),(412,1,'en','core/base/system','user_management','User Management','2023-07-02 19:58:49','2023-07-02 19:58:49'),(413,1,'en','core/base/system','user_management_description','Manage users.','2023-07-02 19:58:49','2023-07-02 19:58:49'),(414,1,'en','core/base/system','role_and_permission','Roles and Permissions','2023-07-02 19:58:49','2023-07-02 19:58:49'),(415,1,'en','core/base/system','role_and_permission_description','Manage the available roles.','2023-07-02 19:58:49','2023-07-02 19:58:49'),(416,1,'en','core/base/system','user.list_super','List Super Users','2023-07-02 19:58:49','2023-07-02 19:58:49'),(417,1,'en','core/base/system','user.email','Email','2023-07-02 19:58:49','2023-07-02 19:58:49'),(418,1,'en','core/base/system','user.last_login','Last Login','2023-07-02 19:58:49','2023-07-02 19:58:49'),(419,1,'en','core/base/system','user.username','Username','2023-07-02 19:58:49','2023-07-02 19:58:49'),(420,1,'en','core/base/system','user.add_user','Add Super User','2023-07-02 19:58:49','2023-07-02 19:58:49'),(421,1,'en','core/base/system','user.cancel','Cancel','2023-07-02 19:58:49','2023-07-02 19:58:49'),(422,1,'en','core/base/system','user.create','Create','2023-07-02 19:58:49','2023-07-02 19:58:49'),(423,1,'en','core/base/system','options.features','Feature Access Control','2023-07-02 19:58:49','2023-07-02 19:58:49'),(424,1,'en','core/base/system','options.feature_description','Manage the available.','2023-07-02 19:58:49','2023-07-02 19:58:49'),(425,1,'en','core/base/system','options.manage_super','Super User Management','2023-07-02 19:58:49','2023-07-02 19:58:49'),(426,1,'en','core/base/system','options.manage_super_description','Add/remove super users.','2023-07-02 19:58:49','2023-07-02 19:58:49'),(427,1,'en','core/base/system','options.info','System information','2023-07-02 19:58:49','2023-07-02 19:58:49'),(428,1,'en','core/base/system','options.info_description','All information about current system configuration.','2023-07-02 19:58:49','2023-07-02 19:58:49'),(429,1,'en','core/base/system','info.title','System information','2023-07-02 19:58:49','2023-07-02 19:58:49'),(430,1,'en','core/base/system','info.cache','Cache','2023-07-02 19:58:49','2023-07-02 19:58:49'),(431,1,'en','core/base/system','info.locale','Active locale','2023-07-02 19:58:49','2023-07-02 19:58:49'),(432,1,'en','core/base/system','info.environment','Environment','2023-07-02 19:58:49','2023-07-02 19:58:49'),(433,1,'en','core/base/system','disabled_in_demo_mode','You cannot do it in demo mode!','2023-07-02 19:58:49','2023-07-02 19:58:49'),(434,1,'en','core/base/system','report_description','Please share this information for troubleshooting','2023-07-02 19:58:49','2023-07-02 19:58:49'),(435,1,'en','core/base/system','get_system_report','Get System Report','2023-07-02 19:58:49','2023-07-02 19:58:49'),(436,1,'en','core/base/system','system_environment','System Environment','2023-07-02 19:58:49','2023-07-02 19:58:49'),(437,1,'en','core/base/system','framework_version','Framework Version','2023-07-02 19:58:49','2023-07-02 19:58:49'),(438,1,'en','core/base/system','timezone','Timezone','2023-07-02 19:58:49','2023-07-02 19:58:49'),(439,1,'en','core/base/system','debug_mode','Debug Mode','2023-07-02 19:58:49','2023-07-02 19:58:49'),(440,1,'en','core/base/system','debug_mode_off','Debug Mode Off','2023-07-02 19:58:49','2023-07-02 19:58:49'),(441,1,'en','core/base/system','storage_dir_writable','Storage Dir Writable','2023-07-02 19:58:49','2023-07-02 19:58:49'),(442,1,'en','core/base/system','cache_dir_writable','Cache Dir Writable','2023-07-02 19:58:49','2023-07-02 19:58:49'),(443,1,'en','core/base/system','app_size','App Size','2023-07-02 19:58:49','2023-07-02 19:58:49'),(444,1,'en','core/base/system','server_environment','Server Environment','2023-07-02 19:58:49','2023-07-02 19:58:49'),(445,1,'en','core/base/system','php_version','PHP Version','2023-07-02 19:58:49','2023-07-02 19:58:49'),(446,1,'en','core/base/system','php_version_error','PHP must be >= :version','2023-07-02 19:58:49','2023-07-02 19:58:49'),(447,1,'en','core/base/system','server_software','Server Software','2023-07-02 19:58:49','2023-07-02 19:58:49'),(448,1,'en','core/base/system','server_os','Server OS','2023-07-02 19:58:49','2023-07-02 19:58:49'),(449,1,'en','core/base/system','database','Database','2023-07-02 19:58:49','2023-07-02 19:58:49'),(450,1,'en','core/base/system','ssl_installed','SSL Installed','2023-07-02 19:58:49','2023-07-02 19:58:49'),(451,1,'en','core/base/system','cache_driver','Cache Driver','2023-07-02 19:58:49','2023-07-02 19:58:49'),(452,1,'en','core/base/system','session_driver','Session Driver','2023-07-02 19:58:49','2023-07-02 19:58:49'),(453,1,'en','core/base/system','queue_connection','Queue Connection','2023-07-02 19:58:49','2023-07-02 19:58:49'),(454,1,'en','core/base/system','mbstring_ext','Mbstring Ext','2023-07-02 19:58:49','2023-07-02 19:58:49'),(455,1,'en','core/base/system','openssl_ext','OpenSSL Ext','2023-07-02 19:58:49','2023-07-02 19:58:49'),(456,1,'en','core/base/system','pdo_ext','PDO Ext','2023-07-02 19:58:49','2023-07-02 19:58:49'),(457,1,'en','core/base/system','curl_ext','CURL Ext','2023-07-02 19:58:49','2023-07-02 19:58:49'),(458,1,'en','core/base/system','exif_ext','Exif Ext','2023-07-02 19:58:49','2023-07-02 19:58:49'),(459,1,'en','core/base/system','file_info_ext','File info Ext','2023-07-02 19:58:49','2023-07-02 19:58:49'),(460,1,'en','core/base/system','tokenizer_ext','Tokenizer Ext','2023-07-02 19:58:49','2023-07-02 19:58:49'),(461,1,'en','core/base/system','extra_stats','Extra Stats','2023-07-02 19:58:49','2023-07-02 19:58:49'),(462,1,'en','core/base/system','installed_packages','Installed packages and their version numbers','2023-07-02 19:58:49','2023-07-02 19:58:49'),(463,1,'en','core/base/system','extra_information','Extra Information','2023-07-02 19:58:49','2023-07-02 19:58:49'),(464,1,'en','core/base/system','copy_report','Copy Report','2023-07-02 19:58:49','2023-07-02 19:58:49'),(465,1,'en','core/base/system','package_name','Package Name','2023-07-02 19:58:49','2023-07-02 19:58:49'),(466,1,'en','core/base/system','dependency_name','Dependency Name','2023-07-02 19:58:49','2023-07-02 19:58:49'),(467,1,'en','core/base/system','version','Version','2023-07-02 19:58:49','2023-07-02 19:58:49'),(468,1,'en','core/base/system','cms_version','CMS Version','2023-07-02 19:58:49','2023-07-02 19:58:49'),(469,1,'en','core/base/system','imagick_or_gd_ext','Imagick/GD Ext','2023-07-02 19:58:49','2023-07-02 19:58:49'),(470,1,'en','core/base/system','updater','System Updater','2023-07-02 19:58:49','2023-07-02 19:58:49'),(471,1,'en','core/base/system','zip','Zip Ext','2023-07-02 19:58:49','2023-07-02 19:58:49'),(472,1,'en','core/base/system','iconv','Iconv Ext','2023-07-02 19:58:49','2023-07-02 19:58:49'),(473,1,'en','core/base/system','memory_limit','Memory limit','2023-07-02 19:58:49','2023-07-02 19:58:49'),(474,1,'en','core/base/system','max_execution_time','Max execution time (s)','2023-07-02 19:58:49','2023-07-02 19:58:49'),(475,1,'en','core/base/system','allow_url_fopen_enabled','allow_url_fopen enabled','2023-07-02 19:58:49','2023-07-02 19:58:49'),(476,1,'en','core/base/system','cleanup.title','Cleanup System','2023-07-02 19:58:49','2023-07-02 19:58:49'),(477,1,'en','core/base/system','cleanup.table.name','Table Name','2023-07-02 19:58:49','2023-07-02 19:58:49'),(478,1,'en','core/base/system','cleanup.table.count','Records','2023-07-02 19:58:49','2023-07-02 19:58:49'),(479,1,'en','core/base/system','cleanup.backup_alert','Please backup your database and script files before cleanup, it will clear your data in database.','2023-07-02 19:58:49','2023-07-02 19:58:49'),(480,1,'en','core/base/system','cleanup.messenger_choose_without_table','Please choose to ignore tables that do not want to be cleaned','2023-07-02 19:58:49','2023-07-02 19:58:49'),(481,1,'en','core/base/system','cleanup.messenger_confirm_cleanup','Are you sure you want to database cleanup action, it will clear your data in database?','2023-07-02 19:58:49','2023-07-02 19:58:49'),(482,1,'en','core/base/system','cleanup.submit_button','Cleanup','2023-07-02 19:58:49','2023-07-02 19:58:49'),(483,1,'en','core/base/system','cleanup.success_message','Cleaned data successfully','2023-07-02 19:58:49','2023-07-02 19:58:49'),(484,1,'en','core/base/system','cleanup.not_enabled_yet','This featured is not enabled yet. <br />Please add into .env: <code>CMS_ENABLED_CLEANUP_DATABASE=true</code> to enable this feature!','2023-07-02 19:58:49','2023-07-02 19:58:49'),(485,1,'en','core/base/tables','id','ID','2023-07-02 19:58:49','2023-07-02 19:58:49'),(486,1,'en','core/base/tables','name','Name','2023-07-02 19:58:49','2023-07-02 19:58:49'),(487,1,'en','core/base/tables','slug','Slug','2023-07-02 19:58:49','2023-07-02 19:58:49'),(488,1,'en','core/base/tables','title','Title','2023-07-02 19:58:49','2023-07-02 19:58:49'),(489,1,'en','core/base/tables','order_by','Order By','2023-07-02 19:58:49','2023-07-02 19:58:49'),(490,1,'en','core/base/tables','order','Order','2023-07-02 19:58:49','2023-07-02 19:58:49'),(491,1,'en','core/base/tables','status','Status','2023-07-02 19:58:49','2023-07-02 19:58:49'),(492,1,'en','core/base/tables','created_at','Created At','2023-07-02 19:58:49','2023-07-02 19:58:49'),(493,1,'en','core/base/tables','updated_at','Updated At','2023-07-02 19:58:49','2023-07-02 19:58:49'),(494,1,'en','core/base/tables','description','Description','2023-07-02 19:58:49','2023-07-02 19:58:49'),(495,1,'en','core/base/tables','operations','Operations','2023-07-02 19:58:49','2023-07-02 19:58:49'),(496,1,'en','core/base/tables','url','URL','2023-07-02 19:58:49','2023-07-02 19:58:49'),(497,1,'en','core/base/tables','author','Author','2023-07-02 19:58:49','2023-07-02 19:58:49'),(498,1,'en','core/base/tables','notes','Notes','2023-07-02 19:58:49','2023-07-02 19:58:49'),(499,1,'en','core/base/tables','column','Column','2023-07-02 19:58:49','2023-07-02 19:58:49'),(500,1,'en','core/base/tables','origin','Origin','2023-07-02 19:58:49','2023-07-02 19:58:49'),(501,1,'en','core/base/tables','after_change','After changes','2023-07-02 19:58:49','2023-07-02 19:58:49'),(502,1,'en','core/base/tables','views','Views','2023-07-02 19:58:49','2023-07-02 19:58:49'),(503,1,'en','core/base/tables','browser','Browser','2023-07-02 19:58:49','2023-07-02 19:58:49'),(504,1,'en','core/base/tables','session','Session','2023-07-02 19:58:49','2023-07-02 19:58:49'),(505,1,'en','core/base/tables','activated','activated','2023-07-02 19:58:49','2023-07-02 19:58:49'),(506,1,'en','core/base/tables','deactivated','deactivated','2023-07-02 19:58:49','2023-07-02 19:58:49'),(507,1,'en','core/base/tables','is_featured','Is featured','2023-07-02 19:58:49','2023-07-02 19:58:49'),(508,1,'en','core/base/tables','edit','Edit','2023-07-02 19:58:49','2023-07-02 19:58:49'),(509,1,'en','core/base/tables','delete','Delete','2023-07-02 19:58:49','2023-07-02 19:58:49'),(510,1,'en','core/base/tables','restore','Restore','2023-07-02 19:58:49','2023-07-02 19:58:49'),(511,1,'en','core/base/tables','activate','Activate','2023-07-02 19:58:49','2023-07-02 19:58:49'),(512,1,'en','core/base/tables','deactivate','Deactivate','2023-07-02 19:58:49','2023-07-02 19:58:49'),(513,1,'en','core/base/tables','excel','Excel','2023-07-02 19:58:49','2023-07-02 19:58:49'),(514,1,'en','core/base/tables','export','Export','2023-07-02 19:58:49','2023-07-02 19:58:49'),(515,1,'en','core/base/tables','csv','CSV','2023-07-02 19:58:49','2023-07-02 19:58:49'),(516,1,'en','core/base/tables','pdf','PDF','2023-07-02 19:58:49','2023-07-02 19:58:49'),(517,1,'en','core/base/tables','print','Print','2023-07-02 19:58:49','2023-07-02 19:58:49'),(518,1,'en','core/base/tables','reset','Reset','2023-07-02 19:58:49','2023-07-02 19:58:49'),(519,1,'en','core/base/tables','reload','Reload','2023-07-02 19:58:49','2023-07-02 19:58:49'),(520,1,'en','core/base/tables','display','Display','2023-07-02 19:58:49','2023-07-02 19:58:49'),(521,1,'en','core/base/tables','all','All','2023-07-02 19:58:49','2023-07-02 19:58:49'),(522,1,'en','core/base/tables','add_new','Add New','2023-07-02 19:58:49','2023-07-02 19:58:49'),(523,1,'en','core/base/tables','action','Actions','2023-07-02 19:58:49','2023-07-02 19:58:49'),(524,1,'en','core/base/tables','delete_entry','Delete','2023-07-02 19:58:49','2023-07-02 19:58:49'),(525,1,'en','core/base/tables','view','View Detail','2023-07-02 19:58:49','2023-07-02 19:58:49'),(526,1,'en','core/base/tables','save','Save','2023-07-02 19:58:49','2023-07-02 19:58:49'),(527,1,'en','core/base/tables','show_from','Show from','2023-07-02 19:58:49','2023-07-02 19:58:49'),(528,1,'en','core/base/tables','to','to','2023-07-02 19:58:49','2023-07-02 19:58:49'),(529,1,'en','core/base/tables','in','in','2023-07-02 19:58:49','2023-07-02 19:58:49'),(530,1,'en','core/base/tables','records','records','2023-07-02 19:58:49','2023-07-02 19:58:49'),(531,1,'en','core/base/tables','no_data','No data to display','2023-07-02 19:58:49','2023-07-02 19:58:49'),(532,1,'en','core/base/tables','no_record','No record','2023-07-02 19:58:49','2023-07-02 19:58:49'),(533,1,'en','core/base/tables','confirm_delete','Confirm delete','2023-07-02 19:58:49','2023-07-02 19:58:49'),(534,1,'en','core/base/tables','confirm_delete_msg','Do you really want to delete this record?','2023-07-02 19:58:49','2023-07-02 19:58:49'),(535,1,'en','core/base/tables','confirm_delete_many_msg','Do you really want to delete selected record(s)?','2023-07-02 19:58:49','2023-07-02 19:58:49'),(536,1,'en','core/base/tables','cancel','Cancel','2023-07-02 19:58:49','2023-07-02 19:58:49'),(537,1,'en','core/base/tables','template','Template','2023-07-02 19:58:49','2023-07-02 19:58:49'),(538,1,'en','core/base/tables','email','Email','2023-07-02 19:58:49','2023-07-02 19:58:49'),(539,1,'en','core/base/tables','last_login','Last login','2023-07-02 19:58:49','2023-07-02 19:58:49'),(540,1,'en','core/base/tables','shortcode','Shortcode','2023-07-02 19:58:49','2023-07-02 19:58:49'),(541,1,'en','core/base/tables','image','Image','2023-07-02 19:58:49','2023-07-02 19:58:49'),(542,1,'en','core/base/tables','bulk_changes','Bulk changes','2023-07-02 19:58:49','2023-07-02 19:58:49'),(543,1,'en','core/base/tables','submit','Submit','2023-07-02 19:58:49','2023-07-02 19:58:49'),(544,1,'en','core/base/tables','please_select_record','Please select at least one record to perform this action!','2023-07-02 19:58:49','2023-07-02 19:58:49'),(545,1,'en','core/base/tabs','detail','Detail','2023-07-02 19:58:49','2023-07-02 19:58:49'),(546,1,'en','core/base/tabs','file','Files','2023-07-02 19:58:49','2023-07-02 19:58:49'),(547,1,'en','core/base/tabs','record_note','Record Note','2023-07-02 19:58:49','2023-07-02 19:58:49'),(548,1,'en','core/base/tabs','revision','Revision History','2023-07-02 19:58:49','2023-07-02 19:58:49'),(549,1,'en','core/dashboard/dashboard','update_position_success','Update widget position successfully!','2023-07-02 19:58:49','2023-07-02 19:58:49'),(550,1,'en','core/dashboard/dashboard','hide_success','Update widget successfully!','2023-07-02 19:58:49','2023-07-02 19:58:49'),(551,1,'en','core/dashboard/dashboard','confirm_hide','Are you sure?','2023-07-02 19:58:49','2023-07-02 19:58:49'),(552,1,'en','core/dashboard/dashboard','hide_message','Do you really want to hide this widget? It will be disappear on Dashboard!','2023-07-02 19:58:49','2023-07-02 19:58:49'),(553,1,'en','core/dashboard/dashboard','confirm_hide_btn','Yes, hide this widget','2023-07-02 19:58:49','2023-07-02 19:58:49'),(554,1,'en','core/dashboard/dashboard','cancel_hide_btn','Cancel','2023-07-02 19:58:49','2023-07-02 19:58:49'),(555,1,'en','core/dashboard/dashboard','collapse_expand','Collapse/Expand','2023-07-02 19:58:49','2023-07-02 19:58:49'),(556,1,'en','core/dashboard/dashboard','hide','Hide','2023-07-02 19:58:49','2023-07-02 19:58:49'),(557,1,'en','core/dashboard/dashboard','reload','Reload','2023-07-02 19:58:49','2023-07-02 19:58:49'),(558,1,'en','core/dashboard/dashboard','save_setting_success','Save widget settings successfully!','2023-07-02 19:58:49','2023-07-02 19:58:49'),(559,1,'en','core/dashboard/dashboard','widget_not_exists','Widget is not exits!','2023-07-02 19:58:49','2023-07-02 19:58:49'),(560,1,'en','core/dashboard/dashboard','manage_widgets','Manage Widgets','2023-07-02 19:58:49','2023-07-02 19:58:49'),(561,1,'en','core/dashboard/dashboard','fullscreen','Full screen','2023-07-02 19:58:49','2023-07-02 19:58:49'),(562,1,'en','core/dashboard/dashboard','title','Dashboard','2023-07-02 19:58:49','2023-07-02 19:58:49'),(563,1,'en','core/dashboard/dashboard','predefined_ranges.today','Today','2023-07-02 19:58:49','2023-07-02 19:58:49'),(564,1,'en','core/dashboard/dashboard','predefined_ranges.yesterday','Yesterday','2023-07-02 19:58:49','2023-07-02 19:58:49'),(565,1,'en','core/dashboard/dashboard','predefined_ranges.this_week','This Week','2023-07-02 19:58:49','2023-07-02 19:58:49'),(566,1,'en','core/dashboard/dashboard','predefined_ranges.last_7_days','Last 7 Days','2023-07-02 19:58:49','2023-07-02 19:58:49'),(567,1,'en','core/dashboard/dashboard','predefined_ranges.this_month','This Month','2023-07-02 19:58:49','2023-07-02 19:58:49'),(568,1,'en','core/dashboard/dashboard','predefined_ranges.last_30_days','Last 30 Days','2023-07-02 19:58:49','2023-07-02 19:58:49'),(569,1,'en','core/dashboard/dashboard','predefined_ranges.this_year','This Year','2023-07-02 19:58:49','2023-07-02 19:58:49'),(570,1,'en','core/media/media','filter','Filter','2023-07-02 19:58:49','2023-07-02 19:58:49'),(571,1,'en','core/media/media','everything','Everything','2023-07-02 19:58:49','2023-07-02 19:58:49'),(572,1,'en','core/media/media','image','Image','2023-07-02 19:58:49','2023-07-02 19:58:49'),(573,1,'en','core/media/media','video','Video','2023-07-02 19:58:49','2023-07-02 19:58:49'),(574,1,'en','core/media/media','document','Document','2023-07-02 19:58:49','2023-07-02 19:58:49'),(575,1,'en','core/media/media','view_in','View in','2023-07-02 19:58:49','2023-07-02 19:58:49'),(576,1,'en','core/media/media','all_media','All media','2023-07-02 19:58:49','2023-07-02 19:58:49'),(577,1,'en','core/media/media','trash','Trash','2023-07-02 19:58:49','2023-07-02 19:58:49'),(578,1,'en','core/media/media','recent','Recent','2023-07-02 19:58:49','2023-07-02 19:58:49'),(579,1,'en','core/media/media','favorites','Favorites','2023-07-02 19:58:49','2023-07-02 19:58:49'),(580,1,'en','core/media/media','upload','Upload','2023-07-02 19:58:49','2023-07-02 19:58:49'),(581,1,'en','core/media/media','create_folder','Create folder','2023-07-02 19:58:49','2023-07-02 19:58:49'),(582,1,'en','core/media/media','refresh','Refresh','2023-07-02 19:58:49','2023-07-02 19:58:49'),(583,1,'en','core/media/media','empty_trash','Empty trash','2023-07-02 19:58:49','2023-07-02 19:58:49'),(584,1,'en','core/media/media','search_file_and_folder','Search in current folder','2023-07-02 19:58:49','2023-07-02 19:58:49'),(585,1,'en','core/media/media','sort','Sort','2023-07-02 19:58:49','2023-07-02 19:58:49'),(586,1,'en','core/media/media','file_name_asc','File name - ASC','2023-07-02 19:58:49','2023-07-02 19:58:49'),(587,1,'en','core/media/media','file_name_desc','File name - DESC','2023-07-02 19:58:49','2023-07-02 19:58:49'),(588,1,'en','core/media/media','uploaded_date_asc','Uploaded date - ASC','2023-07-02 19:58:49','2023-07-02 19:58:49'),(589,1,'en','core/media/media','uploaded_date_desc','Uploaded date - DESC','2023-07-02 19:58:49','2023-07-02 19:58:49'),(590,1,'en','core/media/media','size_asc','Size - ASC','2023-07-02 19:58:49','2023-07-02 19:58:49'),(591,1,'en','core/media/media','size_desc','Size - DESC','2023-07-02 19:58:49','2023-07-02 19:58:49'),(592,1,'en','core/media/media','actions','Actions','2023-07-02 19:58:49','2023-07-02 19:58:49'),(593,1,'en','core/media/media','nothing_is_selected','Nothing is selected','2023-07-02 19:58:49','2023-07-02 19:58:49'),(594,1,'en','core/media/media','insert','Insert','2023-07-02 19:58:49','2023-07-02 19:58:49'),(595,1,'en','core/media/media','folder_name','Folder name','2023-07-02 19:58:49','2023-07-02 19:58:49'),(596,1,'en','core/media/media','create','Create','2023-07-02 19:58:49','2023-07-02 19:58:49'),(597,1,'en','core/media/media','rename','Rename','2023-07-02 19:58:49','2023-07-02 19:58:49'),(598,1,'en','core/media/media','crop','Crop','2023-07-02 19:58:49','2023-07-02 19:58:49'),(599,1,'en','core/media/media','close','Close','2023-07-02 19:58:49','2023-07-02 19:58:49'),(600,1,'en','core/media/media','save_changes','Save changes','2023-07-02 19:58:49','2023-07-02 19:58:49'),(601,1,'en','core/media/media','move_to_trash','Move items to trash','2023-07-02 19:58:49','2023-07-02 19:58:49'),(602,1,'en','core/media/media','confirm_trash','Are you sure you want to move these items to trash?','2023-07-02 19:58:49','2023-07-02 19:58:49'),(603,1,'en','core/media/media','confirm','Confirm','2023-07-02 19:58:49','2023-07-02 19:58:49'),(604,1,'en','core/media/media','confirm_delete','Delete item(s)','2023-07-02 19:58:49','2023-07-02 19:58:49'),(605,1,'en','core/media/media','confirm_delete_description','Your request cannot rollback. Are you sure you wanna delete these items?','2023-07-02 19:58:49','2023-07-02 19:58:49'),(606,1,'en','core/media/media','empty_trash_title','Empty trash','2023-07-02 19:58:49','2023-07-02 19:58:49'),(607,1,'en','core/media/media','empty_trash_description','Your request cannot rollback. Are you sure you wanna remove all items in trash?','2023-07-02 19:58:49','2023-07-02 19:58:49'),(608,1,'en','core/media/media','up_level','Up one level','2023-07-02 19:58:49','2023-07-02 19:58:49'),(609,1,'en','core/media/media','upload_progress','Upload progress','2023-07-02 19:58:49','2023-07-02 19:58:49'),(610,1,'en','core/media/media','alt_text','Alt text','2023-07-02 19:58:49','2023-07-02 19:58:49'),(611,1,'en','core/media/media','folder_created','Folder is created successfully!','2023-07-02 19:58:49','2023-07-02 19:58:49'),(612,1,'en','core/media/media','gallery','Media gallery','2023-07-02 19:58:49','2023-07-02 19:58:49'),(613,1,'en','core/media/media','trash_error','Error when delete selected item(s)','2023-07-02 19:58:49','2023-07-02 19:58:49'),(614,1,'en','core/media/media','trash_success','Moved selected item(s) to trash successfully!','2023-07-02 19:58:49','2023-07-02 19:58:49'),(615,1,'en','core/media/media','restore_error','Error when restore selected item(s)','2023-07-02 19:58:49','2023-07-02 19:58:49'),(616,1,'en','core/media/media','restore_success','Restore selected item(s) successfully!','2023-07-02 19:58:49','2023-07-02 19:58:49'),(617,1,'en','core/media/media','copy_success','Copied selected item(s) successfully!','2023-07-02 19:58:49','2023-07-02 19:58:49'),(618,1,'en','core/media/media','delete_success','Deleted selected item(s) successfully!','2023-07-02 19:58:49','2023-07-02 19:58:49'),(619,1,'en','core/media/media','favorite_success','Favorite selected item(s) successfully!','2023-07-02 19:58:49','2023-07-02 19:58:49'),(620,1,'en','core/media/media','remove_favorite_success','Remove selected item(s) from favorites successfully!','2023-07-02 19:58:49','2023-07-02 19:58:49'),(621,1,'en','core/media/media','rename_error','Error when rename item(s)','2023-07-02 19:58:49','2023-07-02 19:58:49'),(622,1,'en','core/media/media','rename_success','Rename selected item(s) successfully!','2023-07-02 19:58:49','2023-07-02 19:58:49'),(623,1,'en','core/media/media','crop_success','Crop image successfully!','2023-07-02 19:58:49','2023-07-02 19:58:49'),(624,1,'en','core/media/media','empty_trash_success','Empty trash successfully!','2023-07-02 19:58:49','2023-07-02 19:58:49'),(625,1,'en','core/media/media','invalid_action','Invalid action!','2023-07-02 19:58:49','2023-07-02 19:58:49'),(626,1,'en','core/media/media','file_not_exists','File is not exists!','2023-07-02 19:58:49','2023-07-02 19:58:49'),(627,1,'en','core/media/media','download_file_error','Error when downloading files!','2023-07-02 19:58:49','2023-07-02 19:58:49'),(628,1,'en','core/media/media','missing_zip_archive_extension','Please enable ZipArchive extension to download file!','2023-07-02 19:58:49','2023-07-02 19:58:49'),(629,1,'en','core/media/media','can_not_download_file','Can not download this file!','2023-07-02 19:58:49','2023-07-02 19:58:49'),(630,1,'en','core/media/media','invalid_request','Invalid request!','2023-07-02 19:58:50','2023-07-02 19:58:50'),(631,1,'en','core/media/media','add_success','Add item successfully!','2023-07-02 19:58:50','2023-07-02 19:58:50'),(632,1,'en','core/media/media','file_too_big','File too big. Max file upload is :size bytes','2023-07-02 19:58:50','2023-07-02 19:58:50'),(633,1,'en','core/media/media','file_too_big_readable_size','File too big. Max file upload is :size.','2023-07-02 19:58:50','2023-07-02 19:58:50'),(634,1,'en','core/media/media','can_not_detect_file_type','File type is not allowed or can not detect file type!','2023-07-02 19:58:50','2023-07-02 19:58:50'),(635,1,'en','core/media/media','upload_failed','The file is NOT uploaded completely. The server allows max upload file size is :size . Please check your file size OR try to upload again in case of having network errors','2023-07-02 19:58:50','2023-07-02 19:58:50'),(636,1,'en','core/media/media','failed_to_crop_image','The file cropping must be image type','2023-07-02 19:58:50','2023-07-02 19:58:50'),(637,1,'en','core/media/media','menu_name','Media','2023-07-02 19:58:50','2023-07-02 19:58:50'),(638,1,'en','core/media/media','add','Add media','2023-07-02 19:58:50','2023-07-02 19:58:50'),(639,1,'en','core/media/media','javascript.name','Name','2023-07-02 19:58:50','2023-07-02 19:58:50'),(640,1,'en','core/media/media','javascript.url','URL','2023-07-02 19:58:50','2023-07-02 19:58:50'),(641,1,'en','core/media/media','javascript.full_url','Full URL','2023-07-02 19:58:50','2023-07-02 19:58:50'),(642,1,'en','core/media/media','javascript.alt','Alt text','2023-07-02 19:58:50','2023-07-02 19:58:50'),(643,1,'en','core/media/media','javascript.size','Size','2023-07-02 19:58:50','2023-07-02 19:58:50'),(644,1,'en','core/media/media','javascript.mime_type','Type','2023-07-02 19:58:50','2023-07-02 19:58:50'),(645,1,'en','core/media/media','javascript.created_at','Uploaded at','2023-07-02 19:58:50','2023-07-02 19:58:50'),(646,1,'en','core/media/media','javascript.updated_at','Modified at','2023-07-02 19:58:50','2023-07-02 19:58:50'),(647,1,'en','core/media/media','javascript.nothing_selected','Nothing is selected','2023-07-02 19:58:50','2023-07-02 19:58:50'),(648,1,'en','core/media/media','javascript.visit_link','Open link','2023-07-02 19:58:50','2023-07-02 19:58:50'),(649,1,'en','core/media/media','javascript.no_item.all_media.icon','fas fa-cloud-upload-alt','2023-07-02 19:58:50','2023-07-02 19:58:50'),(650,1,'en','core/media/media','javascript.no_item.all_media.title','Drop files and folders here','2023-07-02 19:58:50','2023-07-02 19:58:50'),(651,1,'en','core/media/media','javascript.no_item.all_media.message','Or use the upload button above','2023-07-02 19:58:50','2023-07-02 19:58:50'),(652,1,'en','core/media/media','javascript.no_item.trash.icon','fas fa-trash-alt','2023-07-02 19:58:50','2023-07-02 19:58:50'),(653,1,'en','core/media/media','javascript.no_item.trash.title','There is nothing in your trash currently','2023-07-02 19:58:50','2023-07-02 19:58:50'),(654,1,'en','core/media/media','javascript.no_item.trash.message','Delete files to move them to trash automatically. Delete files from trash to remove them permanently','2023-07-02 19:58:50','2023-07-02 19:58:50'),(655,1,'en','core/media/media','javascript.no_item.favorites.icon','fas fa-star','2023-07-02 19:58:50','2023-07-02 19:58:50'),(656,1,'en','core/media/media','javascript.no_item.favorites.title','You have not added anything to your favorites yet','2023-07-02 19:58:50','2023-07-02 19:58:50'),(657,1,'en','core/media/media','javascript.no_item.favorites.message','Add files to favorites to easily find them later','2023-07-02 19:58:50','2023-07-02 19:58:50'),(658,1,'en','core/media/media','javascript.no_item.recent.icon','far fa-clock','2023-07-02 19:58:50','2023-07-02 19:58:50'),(659,1,'en','core/media/media','javascript.no_item.recent.title','You did not opened anything yet','2023-07-02 19:58:50','2023-07-02 19:58:50'),(660,1,'en','core/media/media','javascript.no_item.recent.message','All recent files that you opened will be appeared here','2023-07-02 19:58:50','2023-07-02 19:58:50'),(661,1,'en','core/media/media','javascript.no_item.default.icon','fas fa-sync','2023-07-02 19:58:50','2023-07-02 19:58:50'),(662,1,'en','core/media/media','javascript.no_item.default.title','No items','2023-07-02 19:58:50','2023-07-02 19:58:50'),(663,1,'en','core/media/media','javascript.no_item.default.message','This directory has no item','2023-07-02 19:58:50','2023-07-02 19:58:50'),(664,1,'en','core/media/media','javascript.clipboard.success','These file links have been copied to clipboard','2023-07-02 19:58:50','2023-07-02 19:58:50'),(665,1,'en','core/media/media','javascript.message.error_header','Error','2023-07-02 19:58:50','2023-07-02 19:58:50'),(666,1,'en','core/media/media','javascript.message.success_header','Success','2023-07-02 19:58:50','2023-07-02 19:58:50'),(667,1,'en','core/media/media','javascript.download.error','No files selected or cannot download these files','2023-07-02 19:58:50','2023-07-02 19:58:50'),(668,1,'en','core/media/media','javascript.actions_list.basic.preview','Preview','2023-07-02 19:58:50','2023-07-02 19:58:50'),(669,1,'en','core/media/media','javascript.actions_list.basic.crop','Crop','2023-07-02 19:58:50','2023-07-02 19:58:50'),(670,1,'en','core/media/media','javascript.actions_list.file.copy_link','Copy link','2023-07-02 19:58:50','2023-07-02 19:58:50'),(671,1,'en','core/media/media','javascript.actions_list.file.rename','Rename','2023-07-02 19:58:50','2023-07-02 19:58:50'),(672,1,'en','core/media/media','javascript.actions_list.file.make_copy','Make a copy','2023-07-02 19:58:50','2023-07-02 19:58:50'),(673,1,'en','core/media/media','javascript.actions_list.file.alt_text','ALT text','2023-07-02 19:58:50','2023-07-02 19:58:50'),(674,1,'en','core/media/media','javascript.actions_list.user.favorite','Add to favorite','2023-07-02 19:58:50','2023-07-02 19:58:50'),(675,1,'en','core/media/media','javascript.actions_list.user.remove_favorite','Remove favorite','2023-07-02 19:58:50','2023-07-02 19:58:50'),(676,1,'en','core/media/media','javascript.actions_list.other.download','Download','2023-07-02 19:58:50','2023-07-02 19:58:50'),(677,1,'en','core/media/media','javascript.actions_list.other.trash','Move to trash','2023-07-02 19:58:50','2023-07-02 19:58:50'),(678,1,'en','core/media/media','javascript.actions_list.other.delete','Delete permanently','2023-07-02 19:58:50','2023-07-02 19:58:50'),(679,1,'en','core/media/media','javascript.actions_list.other.restore','Restore','2023-07-02 19:58:50','2023-07-02 19:58:50'),(680,1,'en','core/media/media','javascript.change_image','Change image','2023-07-02 19:58:50','2023-07-02 19:58:50'),(681,1,'en','core/media/media','javascript.delete_image','Delete image','2023-07-02 19:58:50','2023-07-02 19:58:50'),(682,1,'en','core/media/media','javascript.choose_image','Choose image','2023-07-02 19:58:50','2023-07-02 19:58:50'),(683,1,'en','core/media/media','javascript.preview_image','Preview image','2023-07-02 19:58:50','2023-07-02 19:58:50'),(684,1,'en','core/media/media','name_invalid','The folder name has invalid character(s).','2023-07-02 19:58:50','2023-07-02 19:58:50'),(685,1,'en','core/media/media','url_invalid','Please provide a valid URL','2023-07-02 19:58:50','2023-07-02 19:58:50'),(686,1,'en','core/media/media','path_invalid','Please provide a valid path','2023-07-02 19:58:50','2023-07-02 19:58:50'),(687,1,'en','core/media/media','download_link','Download','2023-07-02 19:58:50','2023-07-02 19:58:50'),(688,1,'en','core/media/media','url','URL','2023-07-02 19:58:50','2023-07-02 19:58:50'),(689,1,'en','core/media/media','download_explain','Enter one URL per line.','2023-07-02 19:58:50','2023-07-02 19:58:50'),(690,1,'en','core/media/media','downloading','Downloading...','2023-07-02 19:58:50','2023-07-02 19:58:50'),(691,1,'en','core/media/media','prepare_file_to_download','Preparing file to download...','2023-07-02 19:58:50','2023-07-02 19:58:50'),(692,1,'en','core/media/media','update_alt_text_success','Update alt text successfully!','2023-07-02 19:58:50','2023-07-02 19:58:50'),(693,1,'en','core/media/media','cropper.height','Height','2023-07-02 19:58:50','2023-07-02 19:58:50'),(694,1,'en','core/media/media','cropper.width','Width','2023-07-02 19:58:50','2023-07-02 19:58:50'),(695,1,'en','core/media/media','cropper.aspect_ratio','Aspect ratio?','2023-07-02 19:58:50','2023-07-02 19:58:50'),(696,1,'en','core/media/media','unable_to_write','Unable to write file. Please chmod folder \":folder\" to make it writeable!','2023-07-02 19:58:50','2023-07-02 19:58:50'),(697,1,'en','core/setting/setting','title','Settings','2023-07-02 19:58:50','2023-07-02 19:58:50'),(698,1,'en','core/setting/setting','email_setting_title','Email settings','2023-07-02 19:58:50','2023-07-02 19:58:50'),(699,1,'en','core/setting/setting','general.theme','Theme','2023-07-02 19:58:50','2023-07-02 19:58:50'),(700,1,'en','core/setting/setting','general.description','Setting site information','2023-07-02 19:58:50','2023-07-02 19:58:50'),(701,1,'en','core/setting/setting','general.title','General','2023-07-02 19:58:50','2023-07-02 19:58:50'),(702,1,'en','core/setting/setting','general.general_block','General Information','2023-07-02 19:58:50','2023-07-02 19:58:50'),(703,1,'en','core/setting/setting','general.rich_editor','Rich Editor','2023-07-02 19:58:50','2023-07-02 19:58:50'),(704,1,'en','core/setting/setting','general.site_title','Site title','2023-07-02 19:58:50','2023-07-02 19:58:50'),(705,1,'en','core/setting/setting','general.admin_email','Admin Email','2023-07-02 19:58:50','2023-07-02 19:58:50'),(706,1,'en','core/setting/setting','general.seo_block','SEO Configuration','2023-07-02 19:58:50','2023-07-02 19:58:50'),(707,1,'en','core/setting/setting','general.seo_title','SEO Title','2023-07-02 19:58:50','2023-07-02 19:58:50'),(708,1,'en','core/setting/setting','general.seo_description','SEO Description','2023-07-02 19:58:50','2023-07-02 19:58:50'),(709,1,'en','core/setting/setting','general.webmaster_tools_block','Google Webmaster Tools','2023-07-02 19:58:50','2023-07-02 19:58:50'),(710,1,'en','core/setting/setting','general.placeholder.site_title','Site Title (maximum 120 characters)','2023-07-02 19:58:50','2023-07-02 19:58:50'),(711,1,'en','core/setting/setting','general.placeholder.admin_email','Admin Email','2023-07-02 19:58:50','2023-07-02 19:58:50'),(712,1,'en','core/setting/setting','general.placeholder.seo_title','SEO Title (maximum 120 characters)','2023-07-02 19:58:50','2023-07-02 19:58:50'),(713,1,'en','core/setting/setting','general.placeholder.seo_description','SEO Description (maximum 120 characters)','2023-07-02 19:58:50','2023-07-02 19:58:50'),(714,1,'en','core/setting/setting','general.placeholder.google_analytics','Google Analytics','2023-07-02 19:58:50','2023-07-02 19:58:50'),(715,1,'en','core/setting/setting','general.cache_admin_menu','Cache admin menu?','2023-07-02 19:58:50','2023-07-02 19:58:50'),(716,1,'en','core/setting/setting','general.enable_send_error_reporting_via_email','Enable to send error reporting via email?','2023-07-02 19:58:50','2023-07-02 19:58:50'),(717,1,'en','core/setting/setting','general.time_zone','Timezone','2023-07-02 19:58:50','2023-07-02 19:58:50'),(718,1,'en','core/setting/setting','general.default_admin_theme','Default admin theme','2023-07-02 19:58:50','2023-07-02 19:58:50'),(719,1,'en','core/setting/setting','general.enable_change_admin_theme','Enable change admin theme?','2023-07-02 19:58:50','2023-07-02 19:58:50'),(720,1,'en','core/setting/setting','general.enable','Enable','2023-07-02 19:58:50','2023-07-02 19:58:50'),(721,1,'en','core/setting/setting','general.disable','Disable','2023-07-02 19:58:50','2023-07-02 19:58:50'),(722,1,'en','core/setting/setting','general.enable_cache','Enable cache?','2023-07-02 19:58:50','2023-07-02 19:58:50'),(723,1,'en','core/setting/setting','general.disable_cache_in_the_admin_panel','Disable cache in the admin panel?','2023-07-02 19:58:50','2023-07-02 19:58:50'),(724,1,'en','core/setting/setting','general.cache_time','Cache time (minutes)','2023-07-02 19:58:50','2023-07-02 19:58:50'),(725,1,'en','core/setting/setting','general.enable_cache_site_map','Enable cache site map?','2023-07-02 19:58:50','2023-07-02 19:58:50'),(726,1,'en','core/setting/setting','general.cache_time_site_map','Cache Time Site map (minutes)','2023-07-02 19:58:50','2023-07-02 19:58:50'),(727,1,'en','core/setting/setting','general.admin_logo','Admin logo','2023-07-02 19:58:50','2023-07-02 19:58:50'),(728,1,'en','core/setting/setting','general.admin_favicon','Admin favicon','2023-07-02 19:58:50','2023-07-02 19:58:50'),(729,1,'en','core/setting/setting','general.admin_title','Admin title','2023-07-02 19:58:50','2023-07-02 19:58:50'),(730,1,'en','core/setting/setting','general.admin_title_placeholder','Title show to tab of browser','2023-07-02 19:58:50','2023-07-02 19:58:50'),(731,1,'en','core/setting/setting','general.cache_block','Cache','2023-07-02 19:58:50','2023-07-02 19:58:50'),(732,1,'en','core/setting/setting','general.admin_appearance_title','Admin appearance','2023-07-02 19:58:50','2023-07-02 19:58:50'),(733,1,'en','core/setting/setting','general.admin_appearance_description','Setting admin appearance such as editor, language...','2023-07-02 19:58:50','2023-07-02 19:58:50'),(734,1,'en','core/setting/setting','general.seo_block_description','Setting site title, site meta description, site keyword for optimize SEO','2023-07-02 19:58:50','2023-07-02 19:58:50'),(735,1,'en','core/setting/setting','general.webmaster_tools_description','Google Webmaster Tools (GWT) is free software that helps you manage the technical side of your website','2023-07-02 19:58:50','2023-07-02 19:58:50'),(736,1,'en','core/setting/setting','general.cache_description','Config cache for system for optimize speed','2023-07-02 19:58:50','2023-07-02 19:58:50'),(737,1,'en','core/setting/setting','general.yes','Yes','2023-07-02 19:58:50','2023-07-02 19:58:50'),(738,1,'en','core/setting/setting','general.no','No','2023-07-02 19:58:50','2023-07-02 19:58:50'),(739,1,'en','core/setting/setting','general.show_on_front','Your homepage displays','2023-07-02 19:58:50','2023-07-02 19:58:50'),(740,1,'en','core/setting/setting','general.select','— Select —','2023-07-02 19:58:50','2023-07-02 19:58:50'),(741,1,'en','core/setting/setting','general.show_site_name','Show site name after page title, separate with \"-\"?','2023-07-02 19:58:50','2023-07-02 19:58:50'),(742,1,'en','core/setting/setting','general.locale','Site language','2023-07-02 19:58:50','2023-07-02 19:58:50'),(743,1,'en','core/setting/setting','general.locale_direction','Front site language direction','2023-07-02 19:58:50','2023-07-02 19:58:50'),(744,1,'en','core/setting/setting','general.admin_locale_direction','Admin language direction','2023-07-02 19:58:50','2023-07-02 19:58:50'),(745,1,'en','core/setting/setting','general.admin_login_screen_backgrounds','Login screen backgrounds (~1366x768)','2023-07-02 19:58:50','2023-07-02 19:58:50'),(746,1,'en','core/setting/setting','general.minutes','minutes','2023-07-02 19:58:50','2023-07-02 19:58:50'),(747,1,'en','core/setting/setting','email.subject','Subject','2023-07-02 19:58:50','2023-07-02 19:58:50'),(748,1,'en','core/setting/setting','email.content','Content','2023-07-02 19:58:50','2023-07-02 19:58:50'),(749,1,'en','core/setting/setting','email.title','Setting for email template','2023-07-02 19:58:50','2023-07-02 19:58:50'),(750,1,'en','core/setting/setting','email.description','Email template using HTML & system variables.','2023-07-02 19:58:50','2023-07-02 19:58:50'),(751,1,'en','core/setting/setting','email.reset_to_default','Reset to default','2023-07-02 19:58:50','2023-07-02 19:58:50'),(752,1,'en','core/setting/setting','email.back','Back to settings','2023-07-02 19:58:50','2023-07-02 19:58:50'),(753,1,'en','core/setting/setting','email.reset_success','Reset back to default successfully','2023-07-02 19:58:50','2023-07-02 19:58:50'),(754,1,'en','core/setting/setting','email.confirm_reset','Confirm reset email template?','2023-07-02 19:58:50','2023-07-02 19:58:50'),(755,1,'en','core/setting/setting','email.confirm_message','Do you really want to reset this email template to default?','2023-07-02 19:58:50','2023-07-02 19:58:50'),(756,1,'en','core/setting/setting','email.continue','Continue','2023-07-02 19:58:50','2023-07-02 19:58:50'),(757,1,'en','core/setting/setting','email.sender_name','Sender name','2023-07-02 19:58:50','2023-07-02 19:58:50'),(758,1,'en','core/setting/setting','email.sender_name_placeholder','Name','2023-07-02 19:58:50','2023-07-02 19:58:50'),(759,1,'en','core/setting/setting','email.sender_email','Sender email','2023-07-02 19:58:50','2023-07-02 19:58:50'),(760,1,'en','core/setting/setting','email.mailer','Mailer','2023-07-02 19:58:50','2023-07-02 19:58:50'),(761,1,'en','core/setting/setting','email.port','Port','2023-07-02 19:58:50','2023-07-02 19:58:50'),(762,1,'en','core/setting/setting','email.port_placeholder','Ex: 587','2023-07-02 19:58:50','2023-07-02 19:58:50'),(763,1,'en','core/setting/setting','email.host','Host','2023-07-02 19:58:50','2023-07-02 19:58:50'),(764,1,'en','core/setting/setting','email.host_placeholder','Ex: smtp.gmail.com','2023-07-02 19:58:50','2023-07-02 19:58:50'),(765,1,'en','core/setting/setting','email.username','Username','2023-07-02 19:58:50','2023-07-02 19:58:50'),(766,1,'en','core/setting/setting','email.username_placeholder','Username to login to mail server','2023-07-02 19:58:50','2023-07-02 19:58:50'),(767,1,'en','core/setting/setting','email.password','Password','2023-07-02 19:58:50','2023-07-02 19:58:50'),(768,1,'en','core/setting/setting','email.password_placeholder','Password to login to mail server','2023-07-02 19:58:50','2023-07-02 19:58:50'),(769,1,'en','core/setting/setting','email.encryption','Encryption','2023-07-02 19:58:50','2023-07-02 19:58:50'),(770,1,'en','core/setting/setting','email.mail_gun_domain','Domain','2023-07-02 19:58:50','2023-07-02 19:58:50'),(771,1,'en','core/setting/setting','email.mail_gun_domain_placeholder','Domain','2023-07-02 19:58:50','2023-07-02 19:58:50'),(772,1,'en','core/setting/setting','email.mail_gun_secret','Secret','2023-07-02 19:58:50','2023-07-02 19:58:50'),(773,1,'en','core/setting/setting','email.mail_gun_secret_placeholder','Secret','2023-07-02 19:58:50','2023-07-02 19:58:50'),(774,1,'en','core/setting/setting','email.mail_gun_endpoint','Endpoint','2023-07-02 19:58:50','2023-07-02 19:58:50'),(775,1,'en','core/setting/setting','email.mail_gun_endpoint_placeholder','Endpoint','2023-07-02 19:58:50','2023-07-02 19:58:50'),(776,1,'en','core/setting/setting','email.log_channel','Log channel','2023-07-02 19:58:50','2023-07-02 19:58:50'),(777,1,'en','core/setting/setting','email.sendmail_path','Sendmail Path','2023-07-02 19:58:50','2023-07-02 19:58:50'),(778,1,'en','core/setting/setting','email.encryption_placeholder','Encryption: ssl or tls','2023-07-02 19:58:50','2023-07-02 19:58:50'),(779,1,'en','core/setting/setting','email.ses_key','Key','2023-07-02 19:58:50','2023-07-02 19:58:50'),(780,1,'en','core/setting/setting','email.ses_key_placeholder','Key','2023-07-02 19:58:50','2023-07-02 19:58:50'),(781,1,'en','core/setting/setting','email.ses_secret','Secret','2023-07-02 19:58:50','2023-07-02 19:58:50'),(782,1,'en','core/setting/setting','email.ses_secret_placeholder','Secret','2023-07-02 19:58:50','2023-07-02 19:58:50'),(783,1,'en','core/setting/setting','email.ses_region','Region','2023-07-02 19:58:50','2023-07-02 19:58:50'),(784,1,'en','core/setting/setting','email.ses_region_placeholder','Region','2023-07-02 19:58:50','2023-07-02 19:58:50'),(785,1,'en','core/setting/setting','email.postmark_token','Token','2023-07-02 19:58:50','2023-07-02 19:58:50'),(786,1,'en','core/setting/setting','email.postmark_token_placeholder','Token','2023-07-02 19:58:50','2023-07-02 19:58:50'),(787,1,'en','core/setting/setting','email.template_title','Email templates','2023-07-02 19:58:50','2023-07-02 19:58:50'),(788,1,'en','core/setting/setting','email.template_description','Base templates for all emails','2023-07-02 19:58:50','2023-07-02 19:58:50'),(789,1,'en','core/setting/setting','email.template_header','Email template header','2023-07-02 19:58:50','2023-07-02 19:58:50'),(790,1,'en','core/setting/setting','email.template_header_description','Template for header of emails','2023-07-02 19:58:50','2023-07-02 19:58:50'),(791,1,'en','core/setting/setting','email.template_footer','Email template footer','2023-07-02 19:58:50','2023-07-02 19:58:50'),(792,1,'en','core/setting/setting','email.template_footer_description','Template for footer of emails','2023-07-02 19:58:50','2023-07-02 19:58:50'),(793,1,'en','core/setting/setting','email.default','Default','2023-07-02 19:58:50','2023-07-02 19:58:50'),(794,1,'en','core/setting/setting','media.title','Media','2023-07-02 19:58:50','2023-07-02 19:58:50'),(795,1,'en','core/setting/setting','media.driver','Driver','2023-07-02 19:58:50','2023-07-02 19:58:50'),(796,1,'en','core/setting/setting','media.description','Settings for media','2023-07-02 19:58:50','2023-07-02 19:58:50'),(797,1,'en','core/setting/setting','media.aws_access_key_id','AWS Access Key ID','2023-07-02 19:58:50','2023-07-02 19:58:50'),(798,1,'en','core/setting/setting','media.aws_secret_key','AWS Secret Key','2023-07-02 19:58:50','2023-07-02 19:58:50'),(799,1,'en','core/setting/setting','media.aws_default_region','AWS Default Region','2023-07-02 19:58:50','2023-07-02 19:58:50'),(800,1,'en','core/setting/setting','media.aws_bucket','AWS Bucket','2023-07-02 19:58:50','2023-07-02 19:58:50'),(801,1,'en','core/setting/setting','media.aws_url','AWS URL','2023-07-02 19:58:50','2023-07-02 19:58:50'),(802,1,'en','core/setting/setting','media.aws_endpoint','AWS Endpoint (Optional)','2023-07-02 19:58:50','2023-07-02 19:58:50'),(803,1,'en','core/setting/setting','media.do_spaces_access_key_id','DO Spaces Access Key ID','2023-07-02 19:58:50','2023-07-02 19:58:50'),(804,1,'en','core/setting/setting','media.do_spaces_secret_key','DO Spaces Secret Key','2023-07-02 19:58:50','2023-07-02 19:58:50'),(805,1,'en','core/setting/setting','media.do_spaces_default_region','DO Spaces Default Region','2023-07-02 19:58:50','2023-07-02 19:58:50'),(806,1,'en','core/setting/setting','media.do_spaces_bucket','DO Spaces Bucket','2023-07-02 19:58:50','2023-07-02 19:58:50'),(807,1,'en','core/setting/setting','media.do_spaces_endpoint','DO Spaces Endpoint','2023-07-02 19:58:50','2023-07-02 19:58:50'),(808,1,'en','core/setting/setting','media.do_spaces_cdn_enabled','Is DO Spaces CDN enabled?','2023-07-02 19:58:50','2023-07-02 19:58:50'),(809,1,'en','core/setting/setting','media.media_do_spaces_cdn_custom_domain','Do Spaces CDN custom domain','2023-07-02 19:58:50','2023-07-02 19:58:50'),(810,1,'en','core/setting/setting','media.media_do_spaces_cdn_custom_domain_placeholder','https://your-custom-domain.com','2023-07-02 19:58:50','2023-07-02 19:58:50'),(811,1,'en','core/setting/setting','media.wasabi_access_key_id','Wasabi Access Key ID','2023-07-02 19:58:50','2023-07-02 19:58:50'),(812,1,'en','core/setting/setting','media.wasabi_secret_key','Wasabi Secret Key','2023-07-02 19:58:50','2023-07-02 19:58:50'),(813,1,'en','core/setting/setting','media.wasabi_default_region','Wasabi Default Region','2023-07-02 19:58:50','2023-07-02 19:58:50'),(814,1,'en','core/setting/setting','media.wasabi_bucket','Wasabi Bucket','2023-07-02 19:58:50','2023-07-02 19:58:50'),(815,1,'en','core/setting/setting','media.wasabi_root','Wasabi Root','2023-07-02 19:58:50','2023-07-02 19:58:50'),(816,1,'en','core/setting/setting','media.default_placeholder_image','Default placeholder image','2023-07-02 19:58:50','2023-07-02 19:58:50'),(817,1,'en','core/setting/setting','media.enable_chunk','Enable chunk size upload?','2023-07-02 19:58:50','2023-07-02 19:58:50'),(818,1,'en','core/setting/setting','media.chunk_size','Chunk size (Bytes)','2023-07-02 19:58:50','2023-07-02 19:58:50'),(819,1,'en','core/setting/setting','media.chunk_size_placeholder','Default: 1048576 ~ 1MB','2023-07-02 19:58:50','2023-07-02 19:58:50'),(820,1,'en','core/setting/setting','media.max_file_size','Chunk max file size (MB)','2023-07-02 19:58:50','2023-07-02 19:58:50'),(821,1,'en','core/setting/setting','media.max_file_size_placeholder','Default: 1048576 ~ 1GB','2023-07-02 19:58:50','2023-07-02 19:58:50'),(822,1,'en','core/setting/setting','media.enable_watermark','Enable watermark?','2023-07-02 19:58:50','2023-07-02 19:58:50'),(823,1,'en','core/setting/setting','media.watermark_source','Watermark image','2023-07-02 19:58:50','2023-07-02 19:58:50'),(824,1,'en','core/setting/setting','media.watermark_size','Size of watermark (%)','2023-07-02 19:58:50','2023-07-02 19:58:50'),(825,1,'en','core/setting/setting','media.watermark_size_placeholder','Default: 10 (%)','2023-07-02 19:58:50','2023-07-02 19:58:50'),(826,1,'en','core/setting/setting','media.watermark_opacity','Watermark Opacity (%)','2023-07-02 19:58:50','2023-07-02 19:58:50'),(827,1,'en','core/setting/setting','media.watermark_opacity_placeholder','Default: 70 (%)','2023-07-02 19:58:50','2023-07-02 19:58:50'),(828,1,'en','core/setting/setting','media.watermark_position','Watermark position','2023-07-02 19:58:50','2023-07-02 19:58:50'),(829,1,'en','core/setting/setting','media.watermark_position_x','Watermark position X','2023-07-02 19:58:50','2023-07-02 19:58:50'),(830,1,'en','core/setting/setting','media.watermark_position_y','Watermark position Y','2023-07-02 19:58:50','2023-07-02 19:58:50'),(831,1,'en','core/setting/setting','media.watermark_position_top_left','Top left','2023-07-02 19:58:50','2023-07-02 19:58:50'),(832,1,'en','core/setting/setting','media.watermark_position_top_right','Top right','2023-07-02 19:58:50','2023-07-02 19:58:50'),(833,1,'en','core/setting/setting','media.watermark_position_bottom_left','Bottom left','2023-07-02 19:58:50','2023-07-02 19:58:50'),(834,1,'en','core/setting/setting','media.watermark_position_bottom_right','Bottom right','2023-07-02 19:58:50','2023-07-02 19:58:50'),(835,1,'en','core/setting/setting','media.watermark_position_center','Center','2023-07-02 19:58:50','2023-07-02 19:58:50'),(836,1,'en','core/setting/setting','media.turn_off_automatic_url_translation_into_latin','Turn off automatic URL translation into Latin?','2023-07-02 19:58:50','2023-07-02 19:58:50'),(837,1,'en','core/setting/setting','media.bunnycdn_hostname','Hostname','2023-07-02 19:58:50','2023-07-02 19:58:50'),(838,1,'en','core/setting/setting','media.bunnycdn_zone','Zone Name (The name of your storage zone)','2023-07-02 19:58:50','2023-07-02 19:58:50'),(839,1,'en','core/setting/setting','media.bunnycdn_key','FTP & API Access Password (The storage zone API Access Password)','2023-07-02 19:58:51','2023-07-02 19:58:51'),(840,1,'en','core/setting/setting','media.bunnycdn_region','Region (The storage zone region)','2023-07-02 19:58:51','2023-07-02 19:58:51'),(841,1,'en','core/setting/setting','media.optional','Optional','2023-07-02 19:58:51','2023-07-02 19:58:51'),(842,1,'en','core/setting/setting','media.sizes','Media thumbnails sizes','2023-07-02 19:58:51','2023-07-02 19:58:51'),(843,1,'en','core/setting/setting','media.media_sizes_helper','Set width or height to 0 if you just want to crop by width or height. Need to click on \"Generate thumbnails\" to apply changes.','2023-07-02 19:58:51','2023-07-02 19:58:51'),(844,1,'en','core/setting/setting','media.width','Width','2023-07-02 19:58:51','2023-07-02 19:58:51'),(845,1,'en','core/setting/setting','media.height','Height','2023-07-02 19:58:51','2023-07-02 19:58:51'),(846,1,'en','core/setting/setting','media.default_size_value','Default: :size','2023-07-02 19:58:51','2023-07-02 19:58:51'),(847,1,'en','core/setting/setting','media.all','All','2023-07-02 19:58:51','2023-07-02 19:58:51'),(848,1,'en','core/setting/setting','media.media_folders_can_add_watermark','Add watermark for images in folders:','2023-07-02 19:58:51','2023-07-02 19:58:51'),(849,1,'en','core/setting/setting','media.max_upload_filesize','Max upload filesize (MB)','2023-07-02 19:58:51','2023-07-02 19:58:51'),(850,1,'en','core/setting/setting','media.max_upload_filesize_placeholder','Default: :size, must less than :size.','2023-07-02 19:58:51','2023-07-02 19:58:51'),(851,1,'en','core/setting/setting','media.max_upload_filesize_helper','Your server allows to upload files maximum :size, you can change this value to limit upload filesize.','2023-07-02 19:58:51','2023-07-02 19:58:51'),(852,1,'en','core/setting/setting','media.image_processing_library','Image processing library','2023-07-02 19:58:51','2023-07-02 19:58:51'),(853,1,'en','core/setting/setting','license.purchase_code','Purchase code','2023-07-02 19:58:51','2023-07-02 19:58:51'),(854,1,'en','core/setting/setting','license.buyer','Buyer','2023-07-02 19:58:51','2023-07-02 19:58:51'),(855,1,'en','core/setting/setting','field_type_not_exists','This field type does not exist','2023-07-02 19:58:51','2023-07-02 19:58:51'),(856,1,'en','core/setting/setting','save_settings','Save settings','2023-07-02 19:58:51','2023-07-02 19:58:51'),(857,1,'en','core/setting/setting','template','Template','2023-07-02 19:58:51','2023-07-02 19:58:51'),(858,1,'en','core/setting/setting','description','Description','2023-07-02 19:58:51','2023-07-02 19:58:51'),(859,1,'en','core/setting/setting','enable','Enable','2023-07-02 19:58:51','2023-07-02 19:58:51'),(860,1,'en','core/setting/setting','send','Send','2023-07-02 19:58:51','2023-07-02 19:58:51'),(861,1,'en','core/setting/setting','test_email_description','To send test email, please make sure you are updated configuration to send mail!','2023-07-02 19:58:51','2023-07-02 19:58:51'),(862,1,'en','core/setting/setting','test_email_input_placeholder','Enter the email which you want to send test email.','2023-07-02 19:58:51','2023-07-02 19:58:51'),(863,1,'en','core/setting/setting','test_email_modal_title','Send a test email','2023-07-02 19:58:51','2023-07-02 19:58:51'),(864,1,'en','core/setting/setting','test_send_mail','Send test mail','2023-07-02 19:58:51','2023-07-02 19:58:51'),(865,1,'en','core/setting/setting','test_email_send_success','Send email successfully!','2023-07-02 19:58:51','2023-07-02 19:58:51'),(866,1,'en','core/setting/setting','locale_direction_ltr','Left to Right','2023-07-02 19:58:51','2023-07-02 19:58:51'),(867,1,'en','core/setting/setting','locale_direction_rtl','Right to Left','2023-07-02 19:58:51','2023-07-02 19:58:51'),(868,1,'en','core/setting/setting','saving','Saving...','2023-07-02 19:58:51','2023-07-02 19:58:51'),(869,1,'en','core/setting/setting','emails_warning','You can add up to :count emails','2023-07-02 19:58:51','2023-07-02 19:58:51'),(870,1,'en','core/setting/setting','email_add_more','Add more','2023-07-02 19:58:51','2023-07-02 19:58:51'),(871,1,'en','core/setting/setting','generate','Generate','2023-07-02 19:58:51','2023-07-02 19:58:51'),(872,1,'en','core/setting/setting','generate_thumbnails','Generate thumbnails','2023-07-02 19:58:51','2023-07-02 19:58:51'),(873,1,'en','core/setting/setting','generate_thumbnails_success','Generate thumbnails successfully. :count files are generated!','2023-07-02 19:58:51','2023-07-02 19:58:51'),(874,1,'en','core/setting/setting','generate_thumbnails_error','We are unable to regenerate thumbnail for these files :count files!','2023-07-02 19:58:51','2023-07-02 19:58:51'),(875,1,'en','core/setting/setting','generate_thumbnails_description','Are you sure you want to re-generate thumbnails for all images? It will take time so please DO NOT leave this page, wait until it is finished.','2023-07-02 19:58:51','2023-07-02 19:58:51'),(876,1,'en','core/setting/setting','enable_chunk_description','Chunk size upload is used to upload large file size.','2023-07-02 19:58:51','2023-07-02 19:58:51'),(877,1,'en','core/setting/setting','watermark_description','WARNING: Watermark is just added to new uploaded images, it won\'t be added to existing images. Disable watermark won\'t remove watermark from existing images.','2023-07-02 19:58:51','2023-07-02 19:58:51'),(878,1,'en','core/setting/setting','submit','Submit','2023-07-02 19:58:51','2023-07-02 19:58:51'),(879,1,'en','core/setting/setting','back','Back','2023-07-02 19:58:51','2023-07-02 19:58:51'),(880,1,'en','core/setting/setting','enter_sample_value','Enter sample values for testing','2023-07-02 19:58:51','2023-07-02 19:58:51'),(881,1,'en','core/setting/setting','preview','Preview','2023-07-02 19:58:51','2023-07-02 19:58:51'),(882,1,'en','core/setting/setting','media_size_width',':size size width must be greater than 0','2023-07-02 19:58:51','2023-07-02 19:58:51'),(883,1,'en','core/setting/setting','media_size_height',':size size height must be greater than 0','2023-07-02 19:58:51','2023-07-02 19:58:51'),(884,1,'en','core/setting/setting','cronjob.name','Cronjob','2023-07-02 19:58:51','2023-07-02 19:58:51'),(885,1,'en','core/setting/setting','cronjob.description','Cronjob allow you to automate certain commands or scripts on your site.','2023-07-02 19:58:51','2023-07-02 19:58:51'),(886,1,'en','core/setting/setting','cronjob.is_not_ready','To run the cronjob, follow the instructions below.','2023-07-02 19:58:51','2023-07-02 19:58:51'),(887,1,'en','core/setting/setting','cronjob.is_working','Congratulations! Your cronjob is running.','2023-07-02 19:58:51','2023-07-02 19:58:51'),(888,1,'en','core/setting/setting','cronjob.is_not_working','Your cronjob is not running. Please check your server\'s cronjob.','2023-07-02 19:58:51','2023-07-02 19:58:51'),(889,1,'en','core/setting/setting','cronjob.last_checked','Last checked at :time.','2023-07-02 19:58:51','2023-07-02 19:58:51'),(890,1,'en','core/setting/setting','cronjob.copy_button','Copy','2023-07-02 19:58:51','2023-07-02 19:58:51'),(891,1,'en','core/setting/setting','cronjob.setup.name','Setting up the Cronjob','2023-07-02 19:58:51','2023-07-02 19:58:51'),(892,1,'en','core/setting/setting','cronjob.setup.connect_to_server','Connect to your server via SSH or any preferred method.','2023-07-02 19:58:51','2023-07-02 19:58:51'),(893,1,'en','core/setting/setting','cronjob.setup.open_crontab','Open the crontab file using a text editor (e.g., `crontab -e`).','2023-07-02 19:58:51','2023-07-02 19:58:51'),(894,1,'en','core/setting/setting','cronjob.setup.add_cronjob','Add the above command to the crontab file and save it.','2023-07-02 19:58:51','2023-07-02 19:58:51'),(895,1,'en','core/setting/setting','cronjob.setup.done','The cronjob will now run at every minute and execute the specified command.','2023-07-02 19:58:51','2023-07-02 19:58:51'),(896,1,'en','core/setting/setting','cronjob.setup.learn_more','You can learn more about cronjob from the Laravel :documentation','2023-07-02 19:58:51','2023-07-02 19:58:51'),(897,1,'en','core/setting/setting','cronjob.setup.documentation','documentation','2023-07-02 19:58:51','2023-07-02 19:58:51'),(898,1,'en','core/setting/setting','cronjob.setup.copied','Copied','2023-07-02 19:58:51','2023-07-02 19:58:51'),(899,1,'en','core/table/table','operations','Operations','2023-07-02 19:58:51','2023-07-02 19:58:51'),(900,1,'en','core/table/table','loading_data','Loading data from server','2023-07-02 19:58:51','2023-07-02 19:58:51'),(901,1,'en','core/table/table','display','Display','2023-07-02 19:58:51','2023-07-02 19:58:51'),(902,1,'en','core/table/table','all','All','2023-07-02 19:58:51','2023-07-02 19:58:51'),(903,1,'en','core/table/table','edit_entry','Edit','2023-07-02 19:58:51','2023-07-02 19:58:51'),(904,1,'en','core/table/table','delete_entry','Delete','2023-07-02 19:58:51','2023-07-02 19:58:51'),(905,1,'en','core/table/table','show_from','Showing from','2023-07-02 19:58:51','2023-07-02 19:58:51'),(906,1,'en','core/table/table','to','to','2023-07-02 19:58:51','2023-07-02 19:58:51'),(907,1,'en','core/table/table','in','in','2023-07-02 19:58:51','2023-07-02 19:58:51'),(908,1,'en','core/table/table','records','records','2023-07-02 19:58:51','2023-07-02 19:58:51'),(909,1,'en','core/table/table','no_data','No data to display','2023-07-02 19:58:51','2023-07-02 19:58:51'),(910,1,'en','core/table/table','no_record','No record','2023-07-02 19:58:51','2023-07-02 19:58:51'),(911,1,'en','core/table/table','loading','Loading data from server','2023-07-02 19:58:51','2023-07-02 19:58:51'),(912,1,'en','core/table/table','confirm_delete','Confirm delete','2023-07-02 19:58:51','2023-07-02 19:58:51'),(913,1,'en','core/table/table','confirm_delete_msg','Do you really want to delete this record?','2023-07-02 19:58:51','2023-07-02 19:58:51'),(914,1,'en','core/table/table','cancel','Cancel','2023-07-02 19:58:51','2023-07-02 19:58:51'),(915,1,'en','core/table/table','delete','Delete','2023-07-02 19:58:51','2023-07-02 19:58:51'),(916,1,'en','core/table/table','close','Close','2023-07-02 19:58:51','2023-07-02 19:58:51'),(917,1,'en','core/table/table','contains','Contains','2023-07-02 19:58:51','2023-07-02 19:58:51'),(918,1,'en','core/table/table','is_equal_to','Is equal to','2023-07-02 19:58:51','2023-07-02 19:58:51'),(919,1,'en','core/table/table','greater_than','Greater than','2023-07-02 19:58:51','2023-07-02 19:58:51'),(920,1,'en','core/table/table','less_than','Less than','2023-07-02 19:58:51','2023-07-02 19:58:51'),(921,1,'en','core/table/table','value','Value','2023-07-02 19:58:51','2023-07-02 19:58:51'),(922,1,'en','core/table/table','select_field','Select field','2023-07-02 19:58:51','2023-07-02 19:58:51'),(923,1,'en','core/table/table','reset','Reset','2023-07-02 19:58:51','2023-07-02 19:58:51'),(924,1,'en','core/table/table','add_additional_filter','Add additional filter','2023-07-02 19:58:51','2023-07-02 19:58:51'),(925,1,'en','core/table/table','apply','Apply','2023-07-02 19:58:51','2023-07-02 19:58:51'),(926,1,'en','core/table/table','filters','Filters','2023-07-02 19:58:51','2023-07-02 19:58:51'),(927,1,'en','core/table/table','bulk_change','Bulk changes','2023-07-02 19:58:51','2023-07-02 19:58:51'),(928,1,'en','core/table/table','select_option','Select option','2023-07-02 19:58:51','2023-07-02 19:58:51'),(929,1,'en','core/table/table','bulk_actions','Bulk Actions','2023-07-02 19:58:51','2023-07-02 19:58:51'),(930,1,'en','core/table/table','save_bulk_change_success','Update data for selected record(s) successfully!','2023-07-02 19:58:51','2023-07-02 19:58:51'),(931,1,'en','core/table/table','please_select_record','Please select at least one record to perform this action!','2023-07-02 19:58:51','2023-07-02 19:58:51'),(932,1,'en','core/table/table','filtered','(filtered from _MAX_ total records)','2023-07-02 19:58:51','2023-07-02 19:58:51'),(933,1,'en','core/table/table','search','Search...','2023-07-02 19:58:51','2023-07-02 19:58:51'),(934,1,'en','packages/api/api','settings','API Settings','2023-07-02 19:58:51','2023-07-02 19:58:51'),(935,1,'en','packages/api/api','save_settings','Save settings','2023-07-02 19:58:51','2023-07-02 19:58:51'),(936,1,'en','packages/api/api','setting_title','API settings','2023-07-02 19:58:51','2023-07-02 19:58:51'),(937,1,'en','packages/api/api','setting_description','Settings for API','2023-07-02 19:58:51','2023-07-02 19:58:51'),(938,1,'en','packages/api/api','api_enabled','API enabled?','2023-07-02 19:58:51','2023-07-02 19:58:51'),(939,1,'en','packages/get-started/get-started','welcome_title','Welcome to your admin dashboard!','2023-07-02 19:58:51','2023-07-02 19:58:51'),(940,1,'en','packages/get-started/get-started','welcome_description','In a few short steps, you can have your new dashboard up and running!','2023-07-02 19:58:51','2023-07-02 19:58:51'),(941,1,'en','packages/get-started/get-started','get_started','Get Started!','2023-07-02 19:58:51','2023-07-02 19:58:51'),(942,1,'en','packages/get-started/get-started','customize_branding_title','Customize branding','2023-07-02 19:58:51','2023-07-02 19:58:51'),(943,1,'en','packages/get-started/get-started','customize_branding_description','Customize your site with colors, logo and subdomain to match your business unique branding and identity.','2023-07-02 19:58:51','2023-07-02 19:58:51'),(944,1,'en','packages/get-started/get-started','colors','Colors','2023-07-02 19:58:51','2023-07-02 19:58:51'),(945,1,'en','packages/get-started/get-started','fonts','Fonts','2023-07-02 19:58:51','2023-07-02 19:58:51'),(946,1,'en','packages/get-started/get-started','primary_color','Primary color','2023-07-02 19:58:51','2023-07-02 19:58:51'),(947,1,'en','packages/get-started/get-started','primary_font','Primary font','2023-07-02 19:58:51','2023-07-02 19:58:51'),(948,1,'en','packages/get-started/get-started','setup_wizard_button',':link to finish Quick setup Wizard!','2023-07-02 19:58:51','2023-07-02 19:58:51'),(949,1,'en','packages/get-started/get-started','click_here','Click here','2023-07-02 19:58:51','2023-07-02 19:58:51'),(950,1,'en','packages/get-started/get-started','site_title','Site title','2023-07-02 19:58:51','2023-07-02 19:58:51'),(951,1,'en','packages/get-started/get-started','identify','Identify','2023-07-02 19:58:51','2023-07-02 19:58:51'),(952,1,'en','packages/get-started/get-started','logo','Logo','2023-07-02 19:58:51','2023-07-02 19:58:51'),(953,1,'en','packages/get-started/get-started','admin_logo','Admin logo','2023-07-02 19:58:51','2023-07-02 19:58:51'),(954,1,'en','packages/get-started/get-started','favicon','Favicon','2023-07-02 19:58:51','2023-07-02 19:58:51'),(955,1,'en','packages/get-started/get-started','admin_favicon','Admin favicon','2023-07-02 19:58:51','2023-07-02 19:58:51'),(956,1,'en','packages/get-started/get-started','next_step','Next step','2023-07-02 19:58:51','2023-07-02 19:58:51'),(957,1,'en','packages/get-started/get-started','site_ready_title','Your site is ready!','2023-07-02 19:58:51','2023-07-02 19:58:51'),(958,1,'en','packages/get-started/get-started','site_ready_description','Welcome to your new site! Your website has been created and populated with sample data. You are in the admin area of your site where you can set up everything else needed to complete your site.','2023-07-02 19:58:51','2023-07-02 19:58:51'),(959,1,'en','packages/get-started/get-started','finish','Finish','2023-07-02 19:58:51','2023-07-02 19:58:51'),(960,1,'en','packages/get-started/get-started','exit_wizard_title','Are you sure you want to exit the Quick Setup Wizard?','2023-07-02 19:58:51','2023-07-02 19:58:51'),(961,1,'en','packages/get-started/get-started','exit_wizard_confirm','Yes, I\'ll finish it later','2023-07-02 19:58:51','2023-07-02 19:58:51'),(962,1,'en','packages/get-started/get-started','exit_wizard_cancel','No, take me back to the wizard','2023-07-02 19:58:51','2023-07-02 19:58:51'),(963,1,'en','packages/get-started/get-started','change_default_account_info_title','Change default account info','2023-07-02 19:58:51','2023-07-02 19:58:51'),(964,1,'en','packages/get-started/get-started','change_default_account_info_description','The default account is using a weak password. You need to change it to a complex password for better security.','2023-07-02 19:58:51','2023-07-02 19:58:51'),(965,1,'en','packages/get-started/get-started','username','Username','2023-07-02 19:58:51','2023-07-02 19:58:51'),(966,1,'en','packages/get-started/get-started','email','Email','2023-07-02 19:58:51','2023-07-02 19:58:51'),(967,1,'en','packages/get-started/get-started','password','Password','2023-07-02 19:58:51','2023-07-02 19:58:51'),(968,1,'en','packages/get-started/get-started','password_confirmation','Password confirmation','2023-07-02 19:58:51','2023-07-02 19:58:51'),(969,1,'en','packages/installer/installer','title','Installer','2023-07-02 19:58:51','2023-07-02 19:58:51'),(970,1,'en','packages/installer/installer','next','Next Step','2023-07-02 19:58:51','2023-07-02 19:58:51'),(971,1,'en','packages/installer/installer','back','Previous','2023-07-02 19:58:51','2023-07-02 19:58:51'),(972,1,'en','packages/installer/installer','finish','Install','2023-07-02 19:58:51','2023-07-02 19:58:51'),(973,1,'en','packages/installer/installer','installation','Installation','2023-07-02 19:58:51','2023-07-02 19:58:51'),(974,1,'en','packages/installer/installer','forms.errorTitle','The following errors occurred:','2023-07-02 19:58:51','2023-07-02 19:58:51'),(975,1,'en','packages/installer/installer','welcome.templateTitle','Welcome','2023-07-02 19:58:51','2023-07-02 19:58:51'),(976,1,'en','packages/installer/installer','welcome.title','Welcome','2023-07-02 19:58:51','2023-07-02 19:58:51'),(977,1,'en','packages/installer/installer','welcome.message','Before getting started, we need some information on the database. You will need to know the following items before proceeding.','2023-07-02 19:58:51','2023-07-02 19:58:51'),(978,1,'en','packages/installer/installer','welcome.next','Let\'s go','2023-07-02 19:58:51','2023-07-02 19:58:51'),(979,1,'en','packages/installer/installer','requirements.templateTitle','Step 1 | Server Requirements','2023-07-02 19:58:51','2023-07-02 19:58:51'),(980,1,'en','packages/installer/installer','requirements.title','Server Requirements','2023-07-02 19:58:51','2023-07-02 19:58:51'),(981,1,'en','packages/installer/installer','requirements.next','Check Permissions','2023-07-02 19:58:51','2023-07-02 19:58:51'),(982,1,'en','packages/installer/installer','permissions.templateTitle','Step 2 | Permissions','2023-07-02 19:58:51','2023-07-02 19:58:51'),(983,1,'en','packages/installer/installer','permissions.title','Permissions','2023-07-02 19:58:51','2023-07-02 19:58:51'),(984,1,'en','packages/installer/installer','permissions.next','Configure Environment','2023-07-02 19:58:51','2023-07-02 19:58:51'),(985,1,'en','packages/installer/installer','environment.wizard.templateTitle','Environment Settings','2023-07-02 19:58:51','2023-07-02 19:58:51'),(986,1,'en','packages/installer/installer','environment.wizard.title','Environment Settings','2023-07-02 19:58:51','2023-07-02 19:58:51'),(987,1,'en','packages/installer/installer','environment.wizard.form.name_required','An environment name is required.','2023-07-02 19:58:51','2023-07-02 19:58:51'),(988,1,'en','packages/installer/installer','environment.wizard.form.app_name_label','Site title','2023-07-02 19:58:51','2023-07-02 19:58:51'),(989,1,'en','packages/installer/installer','environment.wizard.form.app_name_placeholder','Site title','2023-07-02 19:58:51','2023-07-02 19:58:51'),(990,1,'en','packages/installer/installer','environment.wizard.form.app_url_label','URL','2023-07-02 19:58:51','2023-07-02 19:58:51'),(991,1,'en','packages/installer/installer','environment.wizard.form.app_url_placeholder','URL','2023-07-02 19:58:51','2023-07-02 19:58:51'),(992,1,'en','packages/installer/installer','environment.wizard.form.db_connection_label','Database Connection','2023-07-02 19:58:51','2023-07-02 19:58:51'),(993,1,'en','packages/installer/installer','environment.wizard.form.db_connection_label_mysql','MySQL','2023-07-02 19:58:51','2023-07-02 19:58:51'),(994,1,'en','packages/installer/installer','environment.wizard.form.db_connection_label_sqlite','SQLite','2023-07-02 19:58:51','2023-07-02 19:58:51'),(995,1,'en','packages/installer/installer','environment.wizard.form.db_connection_label_pgsql','PostgreSQL','2023-07-02 19:58:51','2023-07-02 19:58:51'),(996,1,'en','packages/installer/installer','environment.wizard.form.db_host_label','Database host','2023-07-02 19:58:51','2023-07-02 19:58:51'),(997,1,'en','packages/installer/installer','environment.wizard.form.db_host_placeholder','Database host','2023-07-02 19:58:51','2023-07-02 19:58:51'),(998,1,'en','packages/installer/installer','environment.wizard.form.db_port_label','Database port','2023-07-02 19:58:51','2023-07-02 19:58:51'),(999,1,'en','packages/installer/installer','environment.wizard.form.db_port_placeholder','Database port','2023-07-02 19:58:51','2023-07-02 19:58:51'),(1000,1,'en','packages/installer/installer','environment.wizard.form.db_name_label','Database name','2023-07-02 19:58:51','2023-07-02 19:58:51'),(1001,1,'en','packages/installer/installer','environment.wizard.form.db_name_placeholder','Database name','2023-07-02 19:58:51','2023-07-02 19:58:51'),(1002,1,'en','packages/installer/installer','environment.wizard.form.db_username_label','Database username','2023-07-02 19:58:51','2023-07-02 19:58:51'),(1003,1,'en','packages/installer/installer','environment.wizard.form.db_username_placeholder','Database username','2023-07-02 19:58:51','2023-07-02 19:58:51'),(1004,1,'en','packages/installer/installer','environment.wizard.form.db_password_label','Database password','2023-07-02 19:58:51','2023-07-02 19:58:51'),(1005,1,'en','packages/installer/installer','environment.wizard.form.db_password_placeholder','Database password','2023-07-02 19:58:51','2023-07-02 19:58:51'),(1006,1,'en','packages/installer/installer','environment.wizard.form.buttons.install','Install','2023-07-02 19:58:51','2023-07-02 19:58:51'),(1007,1,'en','packages/installer/installer','environment.wizard.form.db_host_helper','If you use Laravel Sail, just change DB_HOST to DB_HOST=mysql. On some hosting DB_HOST can be localhost instead of 127.0.0.1','2023-07-02 19:58:51','2023-07-02 19:58:51'),(1008,1,'en','packages/installer/installer','environment.wizard.form.db_connections.mysql','MySQL','2023-07-02 19:58:51','2023-07-02 19:58:51'),(1009,1,'en','packages/installer/installer','environment.wizard.form.db_connections.sqlite','SQLite','2023-07-02 19:58:51','2023-07-02 19:58:51'),(1010,1,'en','packages/installer/installer','environment.wizard.form.db_connections.pgsql','PostgreSQL','2023-07-02 19:58:51','2023-07-02 19:58:51'),(1011,1,'en','packages/installer/installer','environment.success','Your .env file settings have been saved.','2023-07-02 19:58:51','2023-07-02 19:58:51'),(1012,1,'en','packages/installer/installer','environment.errors','Unable to save the .env file, Please create it manually.','2023-07-02 19:58:51','2023-07-02 19:58:51'),(1013,1,'en','packages/installer/installer','install','Install','2023-07-02 19:58:51','2023-07-02 19:58:51'),(1014,1,'en','packages/installer/installer','final.title','Installation Finished','2023-07-02 19:58:51','2023-07-02 19:58:51'),(1015,1,'en','packages/installer/installer','final.templateTitle','Installation Finished','2023-07-02 19:58:51','2023-07-02 19:58:51'),(1016,1,'en','packages/installer/installer','final.finished','Application has been successfully installed.','2023-07-02 19:58:51','2023-07-02 19:58:51'),(1017,1,'en','packages/installer/installer','final.exit','Click here to exit','2023-07-02 19:58:51','2023-07-02 19:58:51'),(1018,1,'en','packages/installer/installer','create_account','Create account','2023-07-02 19:58:51','2023-07-02 19:58:51'),(1019,1,'en','packages/installer/installer','first_name','First name','2023-07-02 19:58:51','2023-07-02 19:58:51'),(1020,1,'en','packages/installer/installer','last_name','Last name','2023-07-02 19:58:51','2023-07-02 19:58:51'),(1021,1,'en','packages/installer/installer','username','Username','2023-07-02 19:58:51','2023-07-02 19:58:51'),(1022,1,'en','packages/installer/installer','email','Email','2023-07-02 19:58:51','2023-07-02 19:58:51'),(1023,1,'en','packages/installer/installer','password','Password','2023-07-02 19:58:51','2023-07-02 19:58:51'),(1024,1,'en','packages/installer/installer','password_confirmation','Password confirmation','2023-07-02 19:58:51','2023-07-02 19:58:51'),(1025,1,'en','packages/installer/installer','create','Create','2023-07-02 19:58:51','2023-07-02 19:58:51'),(1026,1,'en','packages/installer/installer','install_success','Installed successfully!','2023-07-02 19:58:51','2023-07-02 19:58:51'),(1027,1,'en','packages/menu/menu','name','Menus','2023-07-02 19:58:51','2023-07-02 19:58:51'),(1028,1,'en','packages/menu/menu','key_name','Menu name (key: :key)','2023-07-02 19:58:51','2023-07-02 19:58:51'),(1029,1,'en','packages/menu/menu','basic_info','Basic information','2023-07-02 19:58:51','2023-07-02 19:58:51'),(1030,1,'en','packages/menu/menu','add_to_menu','Add to menu','2023-07-02 19:58:51','2023-07-02 19:58:51'),(1031,1,'en','packages/menu/menu','custom_link','Custom link','2023-07-02 19:58:51','2023-07-02 19:58:51'),(1032,1,'en','packages/menu/menu','add_link','Add link','2023-07-02 19:58:51','2023-07-02 19:58:51'),(1033,1,'en','packages/menu/menu','structure','Menu structure','2023-07-02 19:58:51','2023-07-02 19:58:51'),(1034,1,'en','packages/menu/menu','remove','Remove','2023-07-02 19:58:51','2023-07-02 19:58:51'),(1035,1,'en','packages/menu/menu','cancel','Cancel','2023-07-02 19:58:51','2023-07-02 19:58:51'),(1036,1,'en','packages/menu/menu','title','Title','2023-07-02 19:58:52','2023-07-02 19:58:52'),(1037,1,'en','packages/menu/menu','icon','Icon','2023-07-02 19:58:52','2023-07-02 19:58:52'),(1038,1,'en','packages/menu/menu','url','URL','2023-07-02 19:58:52','2023-07-02 19:58:52'),(1039,1,'en','packages/menu/menu','target','Target','2023-07-02 19:58:52','2023-07-02 19:58:52'),(1040,1,'en','packages/menu/menu','css_class','CSS class','2023-07-02 19:58:52','2023-07-02 19:58:52'),(1041,1,'en','packages/menu/menu','self_open_link','Open link directly','2023-07-02 19:58:52','2023-07-02 19:58:52'),(1042,1,'en','packages/menu/menu','blank_open_link','Open link in new tab','2023-07-02 19:58:52','2023-07-02 19:58:52'),(1043,1,'en','packages/menu/menu','create','Create menu','2023-07-02 19:58:52','2023-07-02 19:58:52'),(1044,1,'en','packages/menu/menu','menu_settings','Menu settings','2023-07-02 19:58:52','2023-07-02 19:58:52'),(1045,1,'en','packages/menu/menu','display_location','Display location','2023-07-02 19:58:52','2023-07-02 19:58:52'),(1046,1,'en','packages/menu/menu','title_placeholder','Title','2023-07-02 19:58:52','2023-07-02 19:58:52'),(1047,1,'en','packages/menu/menu','icon_placeholder','Icon','2023-07-02 19:58:52','2023-07-02 19:58:52'),(1048,1,'en','packages/menu/menu','url_placeholder','URL','2023-07-02 19:58:52','2023-07-02 19:58:52'),(1049,1,'en','packages/menu/menu','css_class_placeholder','CSS class','2023-07-02 19:58:52','2023-07-02 19:58:52'),(1050,1,'en','packages/menu/menu','menu_id','Menu ID','2023-07-02 19:58:52','2023-07-02 19:58:52'),(1051,1,'en','packages/optimize/optimize','settings.title','Optimize page speed','2023-07-02 19:58:52','2023-07-02 19:58:52'),(1052,1,'en','packages/optimize/optimize','settings.description','Minify HTML output, inline CSS, remove comments...','2023-07-02 19:58:52','2023-07-02 19:58:52'),(1053,1,'en','packages/optimize/optimize','settings.enable','Enable optimize page speed?','2023-07-02 19:58:52','2023-07-02 19:58:52'),(1054,1,'en','packages/optimize/optimize','collapse_white_space','Collapse white space','2023-07-02 19:58:52','2023-07-02 19:58:52'),(1055,1,'en','packages/optimize/optimize','collapse_white_space_description','This filter reduces bytes transmitted in an HTML file by removing unnecessary whitespace.','2023-07-02 19:58:52','2023-07-02 19:58:52'),(1056,1,'en','packages/optimize/optimize','elide_attributes','Elide attributes','2023-07-02 19:58:52','2023-07-02 19:58:52'),(1057,1,'en','packages/optimize/optimize','elide_attributes_description','This filter reduces the transfer size of HTML files by removing attributes from tags when the specified value is equal to the default value for that attribute. This can save a modest number of bytes, and may make the document more compressible by canonicalizing the affected tags.','2023-07-02 19:58:52','2023-07-02 19:58:52'),(1058,1,'en','packages/optimize/optimize','inline_css','Inline CSS','2023-07-02 19:58:52','2023-07-02 19:58:52'),(1059,1,'en','packages/optimize/optimize','inline_css_description','This filter transforms the inline \"style\" attribute of tags into classes by moving the CSS to the header.','2023-07-02 19:58:52','2023-07-02 19:58:52'),(1060,1,'en','packages/optimize/optimize','insert_dns_prefetch','Insert DNS prefetch','2023-07-02 19:58:52','2023-07-02 19:58:52'),(1061,1,'en','packages/optimize/optimize','insert_dns_prefetch_description','This filter injects tags in the HEAD to enable the browser to do DNS prefetching.','2023-07-02 19:58:52','2023-07-02 19:58:52'),(1062,1,'en','packages/optimize/optimize','remove_comments','Remove comments','2023-07-02 19:58:52','2023-07-02 19:58:52'),(1063,1,'en','packages/optimize/optimize','remove_comments_description','This filter eliminates HTML, JS and CSS comments. The filter reduces the transfer size of HTML files by removing the comments. Depending on the HTML file, this filter can significantly reduce the number of bytes transmitted on the network.','2023-07-02 19:58:52','2023-07-02 19:58:52'),(1064,1,'en','packages/optimize/optimize','remove_quotes','Remove quotes','2023-07-02 19:58:52','2023-07-02 19:58:52'),(1065,1,'en','packages/optimize/optimize','remove_quotes_description','This filter eliminates unnecessary quotation marks from HTML attributes. While required by the various HTML specifications, browsers permit their omission when the value of an attribute is composed of a certain subset of characters (alphanumerics and some punctuation characters).','2023-07-02 19:58:52','2023-07-02 19:58:52'),(1066,1,'en','packages/optimize/optimize','defer_javascript','Defer javascript','2023-07-02 19:58:52','2023-07-02 19:58:52'),(1067,1,'en','packages/optimize/optimize','defer_javascript_description','Defers the execution of javascript in the HTML. If necessary cancel deferring in some script, use data-pagespeed-no-defer as script attribute to cancel deferring.','2023-07-02 19:58:52','2023-07-02 19:58:52'),(1068,1,'en','packages/page/pages','create','Create new page','2023-07-02 19:58:52','2023-07-02 19:58:52'),(1069,1,'en','packages/page/pages','form.name','Name','2023-07-02 19:58:52','2023-07-02 19:58:52'),(1070,1,'en','packages/page/pages','form.name_placeholder','Page\'s name (Maximum 120 characters)','2023-07-02 19:58:52','2023-07-02 19:58:52'),(1071,1,'en','packages/page/pages','form.content','Content','2023-07-02 19:58:52','2023-07-02 19:58:52'),(1072,1,'en','packages/page/pages','form.note','Note content','2023-07-02 19:58:52','2023-07-02 19:58:52'),(1073,1,'en','packages/page/pages','notices.no_select','Please select at least one record to take this action!','2023-07-02 19:58:52','2023-07-02 19:58:52'),(1074,1,'en','packages/page/pages','notices.update_success_message','Update successfully','2023-07-02 19:58:52','2023-07-02 19:58:52'),(1075,1,'en','packages/page/pages','cannot_delete','Page could not be deleted','2023-07-02 19:58:52','2023-07-02 19:58:52'),(1076,1,'en','packages/page/pages','deleted','Page deleted','2023-07-02 19:58:52','2023-07-02 19:58:52'),(1077,1,'en','packages/page/pages','pages','Pages','2023-07-02 19:58:52','2023-07-02 19:58:52'),(1078,1,'en','packages/page/pages','menu','Pages','2023-07-02 19:58:52','2023-07-02 19:58:52'),(1079,1,'en','packages/page/pages','menu_name','Pages','2023-07-02 19:58:52','2023-07-02 19:58:52'),(1080,1,'en','packages/page/pages','edit_this_page','Edit this page','2023-07-02 19:58:52','2023-07-02 19:58:52'),(1081,1,'en','packages/page/pages','total_pages','Total pages','2023-07-02 19:58:52','2023-07-02 19:58:52'),(1082,1,'en','packages/page/pages','settings.show_on_front','Your homepage displays','2023-07-02 19:58:52','2023-07-02 19:58:52'),(1083,1,'en','packages/page/pages','settings.select','— Select —','2023-07-02 19:58:52','2023-07-02 19:58:52'),(1084,1,'en','packages/page/pages','front_page','Front Page','2023-07-02 19:58:52','2023-07-02 19:58:52'),(1085,1,'en','packages/plugin-management/marketplace','previous','&laquo; Previous','2023-07-02 19:58:52','2023-07-02 19:58:52'),(1086,1,'en','packages/plugin-management/marketplace','next','Next &raquo;','2023-07-02 19:58:52','2023-07-02 19:58:52'),(1087,1,'en','packages/plugin-management/marketplace','showing','Showing','2023-07-02 19:58:52','2023-07-02 19:58:52'),(1088,1,'en','packages/plugin-management/marketplace','to','to','2023-07-02 19:58:52','2023-07-02 19:58:52'),(1089,1,'en','packages/plugin-management/marketplace','of','of','2023-07-02 19:58:52','2023-07-02 19:58:52'),(1090,1,'en','packages/plugin-management/marketplace','results','results','2023-07-02 19:58:52','2023-07-02 19:58:52'),(1091,1,'en','packages/plugin-management/marketplace','add_new','Add new','2023-07-02 19:58:52','2023-07-02 19:58:52'),(1092,1,'en','packages/plugin-management/marketplace','installed','Installed','2023-07-02 19:58:52','2023-07-02 19:58:52'),(1093,1,'en','packages/plugin-management/marketplace','install_now','Install now','2023-07-02 19:58:52','2023-07-02 19:58:52'),(1094,1,'en','packages/plugin-management/marketplace','installing','Installing...','2023-07-02 19:58:52','2023-07-02 19:58:52'),(1095,1,'en','packages/plugin-management/marketplace','detail','Details','2023-07-02 19:58:52','2023-07-02 19:58:52'),(1096,1,'en','packages/plugin-management/marketplace','version','Version','2023-07-02 19:58:52','2023-07-02 19:58:52'),(1097,1,'en','packages/plugin-management/marketplace','minimum_core_version','Minimum core version','2023-07-02 19:58:52','2023-07-02 19:58:52'),(1098,1,'en','packages/plugin-management/marketplace','last_update','Last update','2023-07-02 19:58:52','2023-07-02 19:58:52'),(1099,1,'en','packages/plugin-management/marketplace','compatible_version','Compatible with your version','2023-07-02 19:58:52','2023-07-02 19:58:52'),(1100,1,'en','packages/plugin-management/marketplace','incompatible_version','Incompatible with your version','2023-07-02 19:58:52','2023-07-02 19:58:52'),(1101,1,'en','packages/plugin-management/marketplace','deactivate','Deactivate','2023-07-02 19:58:52','2023-07-02 19:58:52'),(1102,1,'en','packages/plugin-management/marketplace','activate','Activate','2023-07-02 19:58:52','2023-07-02 19:58:52'),(1103,1,'en','packages/plugin-management/marketplace','activating','Activating...','2023-07-02 19:58:52','2023-07-02 19:58:52'),(1104,1,'en','packages/plugin-management/marketplace','activated','Activated','2023-07-02 19:58:52','2023-07-02 19:58:52'),(1105,1,'en','packages/plugin-management/marketplace','connection_aborted','Connection Aborted','2023-07-02 19:58:52','2023-07-02 19:58:52'),(1106,1,'en','packages/plugin-management/marketplace','connection_aborted_description','Connection Aborted Description','2023-07-02 19:58:52','2023-07-02 19:58:52'),(1107,1,'en','packages/plugin-management/marketplace','api_connect_error','Connect to Marketplace API Error, please contact support','2023-07-02 19:58:52','2023-07-02 19:58:52'),(1108,1,'en','packages/plugin-management/marketplace','keyword','Keyword','2023-07-02 19:58:52','2023-07-02 19:58:52'),(1109,1,'en','packages/plugin-management/marketplace','search','Search','2023-07-02 19:58:52','2023-07-02 19:58:52'),(1110,1,'en','packages/plugin-management/marketplace','all','All','2023-07-02 19:58:52','2023-07-02 19:58:52'),(1111,1,'en','packages/plugin-management/marketplace','featured','Featured','2023-07-02 19:58:52','2023-07-02 19:58:52'),(1112,1,'en','packages/plugin-management/marketplace','popular','Popular','2023-07-02 19:58:52','2023-07-02 19:58:52'),(1113,1,'en','packages/plugin-management/marketplace','top_rated','Top Rated','2023-07-02 19:58:52','2023-07-02 19:58:52'),(1114,1,'en','packages/plugin-management/marketplace','install_plugin','Install plugin','2023-07-02 19:58:52','2023-07-02 19:58:52'),(1115,1,'en','packages/plugin-management/marketplace','cancel','Cancel','2023-07-02 19:58:52','2023-07-02 19:58:52'),(1116,1,'en','packages/plugin-management/marketplace','yes_install',' Yes! Install','2023-07-02 19:58:52','2023-07-02 19:58:52'),(1117,1,'en','packages/plugin-management/marketplace','message_alert','Are you sure you want to install this plugin?','2023-07-02 19:58:52','2023-07-02 19:58:52'),(1118,1,'en','packages/plugin-management/marketplace','folder_permissions','Folder does not have permission to write file or the update file path could not be resolved, please contact support','2023-07-02 19:58:52','2023-07-02 19:58:52'),(1119,1,'en','packages/plugin-management/marketplace','unzip_failed','Unzip extraction failed','2023-07-02 19:58:52','2023-07-02 19:58:52'),(1120,1,'en','packages/plugin-management/marketplace','unzip_success','Download file extracted','2023-07-02 19:58:52','2023-07-02 19:58:52'),(1121,1,'en','packages/plugin-management/marketplace','install_success','Installed plugin successfully!','2023-07-02 19:58:52','2023-07-02 19:58:52'),(1122,1,'en','packages/plugin-management/marketplace','update_success','Updated plugin successfully!','2023-07-02 19:58:52','2023-07-02 19:58:52'),(1123,1,'en','packages/plugin-management/marketplace','minimum_core_version_error','Cannot install this plugin. Minimum core version is :version.','2023-07-02 19:58:52','2023-07-02 19:58:52'),(1124,1,'en','packages/plugin-management/plugin','enabled','Enabled','2023-07-02 19:58:52','2023-07-02 19:58:52'),(1125,1,'en','packages/plugin-management/plugin','deactivated','Deactivated','2023-07-02 19:58:52','2023-07-02 19:58:52'),(1126,1,'en','packages/plugin-management/plugin','activated','Activated','2023-07-02 19:58:52','2023-07-02 19:58:52'),(1127,1,'en','packages/plugin-management/plugin','activate','Activate','2023-07-02 19:58:52','2023-07-02 19:58:52'),(1128,1,'en','packages/plugin-management/plugin','deactivate','Deactivate','2023-07-02 19:58:52','2023-07-02 19:58:52'),(1129,1,'en','packages/plugin-management/plugin','author','By','2023-07-02 19:58:52','2023-07-02 19:58:52'),(1130,1,'en','packages/plugin-management/plugin','update_plugin_status_success','Update plugin successfully','2023-07-02 19:58:52','2023-07-02 19:58:52'),(1131,1,'en','packages/plugin-management/plugin','plugins','Plugins','2023-07-02 19:58:52','2023-07-02 19:58:52'),(1132,1,'en','packages/plugin-management/plugin','missing_required_plugins','Please activate plugin(s): :plugins before activate this plugin!','2023-07-02 19:58:52','2023-07-02 19:58:52'),(1133,1,'en','packages/plugin-management/plugin','remove','Remove','2023-07-02 19:58:52','2023-07-02 19:58:52'),(1134,1,'en','packages/plugin-management/plugin','remove_plugin_success','Remove plugin successfully!','2023-07-02 19:58:52','2023-07-02 19:58:52'),(1135,1,'en','packages/plugin-management/plugin','remove_plugin','Remove plugin','2023-07-02 19:58:52','2023-07-02 19:58:52'),(1136,1,'en','packages/plugin-management/plugin','remove_plugin_confirm_message','Do you really want to remove this plugin?','2023-07-02 19:58:52','2023-07-02 19:58:52'),(1137,1,'en','packages/plugin-management/plugin','remove_plugin_confirm_yes','Yes, remove it!','2023-07-02 19:58:52','2023-07-02 19:58:52'),(1138,1,'en','packages/plugin-management/plugin','total_plugins','Total plugins','2023-07-02 19:58:52','2023-07-02 19:58:52'),(1139,1,'en','packages/plugin-management/plugin','invalid_plugin','This plugin is not a valid plugin, please check it again!','2023-07-02 19:58:52','2023-07-02 19:58:52'),(1140,1,'en','packages/plugin-management/plugin','version','Version','2023-07-02 19:58:52','2023-07-02 19:58:52'),(1141,1,'en','packages/plugin-management/plugin','invalid_json','Invalid plugin.json!','2023-07-02 19:58:52','2023-07-02 19:58:52'),(1142,1,'en','packages/plugin-management/plugin','activate_success','Activate plugin successfully!','2023-07-02 19:58:52','2023-07-02 19:58:52'),(1143,1,'en','packages/plugin-management/plugin','activated_already','This plugin is activated already!','2023-07-02 19:58:52','2023-07-02 19:58:52'),(1144,1,'en','packages/plugin-management/plugin','plugin_not_exist','This plugin is not exists.','2023-07-02 19:58:52','2023-07-02 19:58:52'),(1145,1,'en','packages/plugin-management/plugin','missing_json_file','Missing file plugin.json!','2023-07-02 19:58:52','2023-07-02 19:58:52'),(1146,1,'en','packages/plugin-management/plugin','plugin_invalid','Plugin is valid!','2023-07-02 19:58:52','2023-07-02 19:58:52'),(1147,1,'en','packages/plugin-management/plugin','published_assets_success','Publish assets for plugin :name successfully!','2023-07-02 19:58:52','2023-07-02 19:58:52'),(1148,1,'en','packages/plugin-management/plugin','plugin_removed','Plugin has been removed!','2023-07-02 19:58:52','2023-07-02 19:58:52'),(1149,1,'en','packages/plugin-management/plugin','deactivated_success','Deactivate plugin successfully!','2023-07-02 19:58:52','2023-07-02 19:58:52'),(1150,1,'en','packages/plugin-management/plugin','deactivated_already','This plugin is deactivated already!','2023-07-02 19:58:52','2023-07-02 19:58:52'),(1151,1,'en','packages/plugin-management/plugin','folder_is_not_writeable','Cannot write files! Folder :name is not writable. Please chmod to make it writable!','2023-07-02 19:58:52','2023-07-02 19:58:52'),(1152,1,'en','packages/plugin-management/plugin','plugin_is_not_ready','Plugin :name is not ready to use','2023-07-02 19:58:52','2023-07-02 19:58:52'),(1153,1,'en','packages/plugin-management/plugin','plugins_installed','Installed Plugins','2023-07-02 19:58:52','2023-07-02 19:58:52'),(1154,1,'en','packages/plugin-management/plugin','plugins_add_new','Add new','2023-07-02 19:58:52','2023-07-02 19:58:52'),(1155,1,'en','packages/plugin-management/plugin','update','Update','2023-07-02 19:58:52','2023-07-02 19:58:52'),(1156,1,'en','packages/plugin-management/plugin','requirement_not_met','Plugin :plugin requires plugin(s): :required_plugins. Do you want to install them and activate :plugin now?','2023-07-02 19:58:52','2023-07-02 19:58:52'),(1157,1,'en','packages/plugin-management/plugin','install','Install now','2023-07-02 19:58:52','2023-07-02 19:58:52'),(1158,1,'en','packages/plugin-management/plugin','install_plugin','Install Plugin','2023-07-02 19:58:52','2023-07-02 19:58:52'),(1159,1,'en','packages/plugin-management/plugin','minimum_core_version_not_met','Plugin :plugin requires :minimum_core_version version of core, but your core version is :current_core_version. Please upgrade your core to use this plugin!','2023-07-02 19:58:52','2023-07-02 19:58:52'),(1160,1,'en','packages/seo-helper/seo-helper','meta_box_header','Search Engine Optimize','2023-07-02 19:58:52','2023-07-02 19:58:52'),(1161,1,'en','packages/seo-helper/seo-helper','edit_seo_meta','Edit SEO meta','2023-07-02 19:58:52','2023-07-02 19:58:52'),(1162,1,'en','packages/seo-helper/seo-helper','default_description','Setup meta title & description to make your site easy to discovered on search engines such as Google','2023-07-02 19:58:52','2023-07-02 19:58:52'),(1163,1,'en','packages/seo-helper/seo-helper','seo_title','SEO Title','2023-07-02 19:58:52','2023-07-02 19:58:52'),(1164,1,'en','packages/seo-helper/seo-helper','seo_description','SEO description','2023-07-02 19:58:52','2023-07-02 19:58:52'),(1165,1,'en','packages/slug/slug','permalink_settings','Permalink','2023-07-02 19:58:52','2023-07-02 19:58:52'),(1166,1,'en','packages/slug/slug','settings.title','Permalink settings','2023-07-02 19:58:52','2023-07-02 19:58:52'),(1167,1,'en','packages/slug/slug','settings.description','Manage permalink for all modules.','2023-07-02 19:58:52','2023-07-02 19:58:52'),(1168,1,'en','packages/slug/slug','settings.preview','Preview','2023-07-02 19:58:52','2023-07-02 19:58:52'),(1169,1,'en','packages/slug/slug','settings.turn_off_automatic_url_translation_into_latin','Turn off automatic URL translation into Latin?','2023-07-02 19:58:52','2023-07-02 19:58:52'),(1170,1,'en','packages/slug/slug','settings.available_variables','Available variables','2023-07-02 19:58:52','2023-07-02 19:58:52'),(1171,1,'en','packages/slug/slug','preview','Preview','2023-07-02 19:58:52','2023-07-02 19:58:52'),(1172,1,'en','packages/slug/slug','prefix_for','Prefix for :name','2023-07-02 19:58:52','2023-07-02 19:58:52'),(1173,1,'en','packages/slug/slug','public_single_ending_url','Postfix for single page URL','2023-07-02 19:58:52','2023-07-02 19:58:52'),(1174,1,'en','packages/slug/slug','current_year','Current year','2023-07-02 19:58:52','2023-07-02 19:58:52'),(1175,1,'en','packages/slug/slug','current_month','Current month','2023-07-02 19:58:52','2023-07-02 19:58:52'),(1176,1,'en','packages/slug/slug','current_day','Current day','2023-07-02 19:58:52','2023-07-02 19:58:52'),(1177,1,'en','packages/theme/theme','name','Themes','2023-07-02 19:58:52','2023-07-02 19:58:52'),(1178,1,'en','packages/theme/theme','theme','Theme','2023-07-02 19:58:52','2023-07-02 19:58:52'),(1179,1,'en','packages/theme/theme','author','Author','2023-07-02 19:58:52','2023-07-02 19:58:52'),(1180,1,'en','packages/theme/theme','version','Version','2023-07-02 19:58:52','2023-07-02 19:58:52'),(1181,1,'en','packages/theme/theme','description','Description','2023-07-02 19:58:52','2023-07-02 19:58:52'),(1182,1,'en','packages/theme/theme','active_success','Activate theme :name successfully!','2023-07-02 19:58:52','2023-07-02 19:58:52'),(1183,1,'en','packages/theme/theme','active','Active','2023-07-02 19:58:52','2023-07-02 19:58:52'),(1184,1,'en','packages/theme/theme','activated','Activated','2023-07-02 19:58:52','2023-07-02 19:58:52'),(1185,1,'en','packages/theme/theme','appearance','Appearance','2023-07-02 19:58:52','2023-07-02 19:58:52'),(1186,1,'en','packages/theme/theme','theme_options','Theme options','2023-07-02 19:58:52','2023-07-02 19:58:52'),(1187,1,'en','packages/theme/theme','save_changes','Save Changes','2023-07-02 19:58:52','2023-07-02 19:58:52'),(1188,1,'en','packages/theme/theme','developer_mode','Developer Mode Enabled','2023-07-02 19:58:52','2023-07-02 19:58:52'),(1189,1,'en','packages/theme/theme','custom_css','Custom CSS','2023-07-02 19:58:52','2023-07-02 19:58:52'),(1190,1,'en','packages/theme/theme','custom_js','Custom JS','2023-07-02 19:58:52','2023-07-02 19:58:52'),(1191,1,'en','packages/theme/theme','custom_header_js','Header JS','2023-07-02 19:58:52','2023-07-02 19:58:52'),(1192,1,'en','packages/theme/theme','custom_header_js_placeholder','JS in header of page, wrap it inside &#x3C;script&#x3E;&#x3C;/script&#x3E;','2023-07-02 19:58:52','2023-07-02 19:58:52'),(1193,1,'en','packages/theme/theme','custom_body_js','Body JS','2023-07-02 19:58:52','2023-07-02 19:58:52'),(1194,1,'en','packages/theme/theme','custom_body_js_placeholder','JS in body of page, wrap it inside &#x3C;script&#x3E;&#x3C;/script&#x3E;','2023-07-02 19:58:52','2023-07-02 19:58:52'),(1195,1,'en','packages/theme/theme','custom_footer_js','Footer JS','2023-07-02 19:58:52','2023-07-02 19:58:52'),(1196,1,'en','packages/theme/theme','custom_footer_js_placeholder','JS in footer of page, wrap it inside &#x3C;script&#x3E;&#x3C;/script&#x3E;','2023-07-02 19:58:52','2023-07-02 19:58:52'),(1197,1,'en','packages/theme/theme','custom_html','Custom HTML','2023-07-02 19:58:52','2023-07-02 19:58:52'),(1198,1,'en','packages/theme/theme','custom_header_html','Header HTML','2023-07-02 19:58:52','2023-07-02 19:58:52'),(1199,1,'en','packages/theme/theme','custom_header_html_placeholder','HTML in header of page, no special tags: script, style, iframe...','2023-07-02 19:58:52','2023-07-02 19:58:52'),(1200,1,'en','packages/theme/theme','custom_body_html','Body HTML','2023-07-02 19:58:52','2023-07-02 19:58:52'),(1201,1,'en','packages/theme/theme','custom_body_html_placeholder','HTML in body of page, no special tags: script, style, iframe...','2023-07-02 19:58:52','2023-07-02 19:58:52'),(1202,1,'en','packages/theme/theme','custom_footer_html','Footer HTML','2023-07-02 19:58:52','2023-07-02 19:58:52'),(1203,1,'en','packages/theme/theme','custom_footer_html_placeholder','HTML in footer of page, no special tags: script, style, iframe...','2023-07-02 19:58:52','2023-07-02 19:58:52'),(1204,1,'en','packages/theme/theme','remove_theme_success','Remove theme successfully!','2023-07-02 19:58:52','2023-07-02 19:58:52'),(1205,1,'en','packages/theme/theme','theme_is_not_existed','This theme is not existed!','2023-07-02 19:58:52','2023-07-02 19:58:52'),(1206,1,'en','packages/theme/theme','remove','Remove','2023-07-02 19:58:52','2023-07-02 19:58:52'),(1207,1,'en','packages/theme/theme','remove_theme','Remove theme','2023-07-02 19:58:52','2023-07-02 19:58:52'),(1208,1,'en','packages/theme/theme','remove_theme_confirm_message','Do you really want to remove this theme?','2023-07-02 19:58:52','2023-07-02 19:58:52'),(1209,1,'en','packages/theme/theme','remove_theme_confirm_yes','Yes, remove it!','2023-07-02 19:58:52','2023-07-02 19:58:52'),(1210,1,'en','packages/theme/theme','total_themes','Total themes','2023-07-02 19:58:52','2023-07-02 19:58:52'),(1211,1,'en','packages/theme/theme','show_admin_bar','Show admin bar (When admin logged in, still show admin bar in website)?','2023-07-02 19:58:52','2023-07-02 19:58:52'),(1212,1,'en','packages/theme/theme','settings.title','Theme','2023-07-02 19:58:52','2023-07-02 19:58:52'),(1213,1,'en','packages/theme/theme','settings.description','Setting for theme','2023-07-02 19:58:52','2023-07-02 19:58:52'),(1214,1,'en','packages/theme/theme','settings.redirect_404_to_homepage','Redirect all not found requests to homepage?','2023-07-02 19:58:52','2023-07-02 19:58:52'),(1215,1,'en','packages/theme/theme','settings.show_guidelines','Show guidelines?','2023-07-02 19:58:52','2023-07-02 19:58:52'),(1216,1,'en','packages/theme/theme','add_new','Add new','2023-07-02 19:58:52','2023-07-02 19:58:52'),(1217,1,'en','packages/theme/theme','theme_activated_already','Theme \":name\" is activated already!','2023-07-02 19:58:52','2023-07-02 19:58:52'),(1218,1,'en','packages/theme/theme','missing_json_file','Missing file theme.json!','2023-07-02 19:58:53','2023-07-02 19:58:53'),(1219,1,'en','packages/theme/theme','theme_invalid','Theme is valid!','2023-07-02 19:58:53','2023-07-02 19:58:53'),(1220,1,'en','packages/theme/theme','published_assets_success','Publish assets for :themes successfully!','2023-07-02 19:58:53','2023-07-02 19:58:53'),(1221,1,'en','packages/theme/theme','cannot_remove_theme','Cannot remove activated theme, please activate another theme before removing \":name\"!','2023-07-02 19:58:53','2023-07-02 19:58:53'),(1222,1,'en','packages/theme/theme','theme_deleted','Theme \":name\" has been destroyed.','2023-07-02 19:58:53','2023-07-02 19:58:53'),(1223,1,'en','packages/theme/theme','removed_assets','Remove assets of a theme :name successfully!','2023-07-02 19:58:53','2023-07-02 19:58:53'),(1224,1,'en','packages/theme/theme','update_custom_css_success','Update custom CSS successfully!','2023-07-02 19:58:53','2023-07-02 19:58:53'),(1225,1,'en','packages/theme/theme','update_custom_js_success','Update custom JS successfully!','2023-07-02 19:58:53','2023-07-02 19:58:53'),(1226,1,'en','packages/theme/theme','update_custom_html_success','Update custom HTML successfully!','2023-07-02 19:58:53','2023-07-02 19:58:53'),(1227,1,'en','packages/theme/theme','go_to_dashboard','Go to dashboard','2023-07-02 19:58:53','2023-07-02 19:58:53'),(1228,1,'en','packages/theme/theme','custom_css_placeholder','Using Ctrl + Space to autocomplete.','2023-07-02 19:58:53','2023-07-02 19:58:53'),(1229,1,'en','packages/theme/theme','theme_option_general','General','2023-07-02 19:58:53','2023-07-02 19:58:53'),(1230,1,'en','packages/theme/theme','theme_option_general_description','General settings','2023-07-02 19:58:53','2023-07-02 19:58:53'),(1231,1,'en','packages/theme/theme','theme_option_seo_open_graph_image','SEO default Open Graph image','2023-07-02 19:58:53','2023-07-02 19:58:53'),(1232,1,'en','packages/theme/theme','theme_option_logo','Logo','2023-07-02 19:58:53','2023-07-02 19:58:53'),(1233,1,'en','packages/theme/theme','theme_option_favicon','Favicon','2023-07-02 19:58:53','2023-07-02 19:58:53'),(1234,1,'en','packages/theme/theme','folder_is_not_writeable','Cannot write files! Folder :name is not writable. Please chmod to make it writable!','2023-07-02 19:58:53','2023-07-02 19:58:53'),(1235,1,'en','packages/widget/widget','name','Widgets','2023-07-02 19:58:53','2023-07-02 19:58:53'),(1236,1,'en','packages/widget/widget','create','New widget','2023-07-02 19:58:53','2023-07-02 19:58:53'),(1237,1,'en','packages/widget/widget','edit','Edit widget','2023-07-02 19:58:53','2023-07-02 19:58:53'),(1238,1,'en','packages/widget/widget','delete','Delete','2023-07-02 19:58:53','2023-07-02 19:58:53'),(1239,1,'en','packages/widget/widget','available','Available Widgets','2023-07-02 19:58:53','2023-07-02 19:58:53'),(1240,1,'en','packages/widget/widget','instruction','To activate a widget drag it to a sidebar or click on it. To deactivate a widget and delete its settings, drag it back.','2023-07-02 19:58:53','2023-07-02 19:58:53'),(1241,1,'en','packages/widget/widget','number_tag_display','Number tags will be display','2023-07-02 19:58:53','2023-07-02 19:58:53'),(1242,1,'en','packages/widget/widget','number_post_display','Number posts will be display','2023-07-02 19:58:53','2023-07-02 19:58:53'),(1243,1,'en','packages/widget/widget','select_menu','Select Menu','2023-07-02 19:58:53','2023-07-02 19:58:53'),(1244,1,'en','packages/widget/widget','widget_text','Text','2023-07-02 19:58:53','2023-07-02 19:58:53'),(1245,1,'en','packages/widget/widget','widget_text_description','Arbitrary text or HTML.','2023-07-02 19:58:53','2023-07-02 19:58:53'),(1246,1,'en','packages/widget/widget','widget_recent_post','Recent Posts','2023-07-02 19:58:53','2023-07-02 19:58:53'),(1247,1,'en','packages/widget/widget','widget_recent_post_description','Recent posts widget.','2023-07-02 19:58:53','2023-07-02 19:58:53'),(1248,1,'en','packages/widget/widget','widget_custom_menu','Custom Menu','2023-07-02 19:58:53','2023-07-02 19:58:53'),(1249,1,'en','packages/widget/widget','widget_custom_menu_description','Add a custom menu to your widget area.','2023-07-02 19:58:53','2023-07-02 19:58:53'),(1250,1,'en','packages/widget/widget','widget_tag','Tags','2023-07-02 19:58:53','2023-07-02 19:58:53'),(1251,1,'en','packages/widget/widget','widget_tag_description','Popular tags','2023-07-02 19:58:53','2023-07-02 19:58:53'),(1252,1,'en','packages/widget/widget','save_success','Save widget successfully!','2023-07-02 19:58:53','2023-07-02 19:58:53'),(1253,1,'en','packages/widget/widget','delete_success','Delete widget successfully!','2023-07-02 19:58:53','2023-07-02 19:58:53'),(1254,1,'en','packages/widget/widget','primary_sidebar_name','Primary sidebar','2023-07-02 19:58:53','2023-07-02 19:58:53'),(1255,1,'en','packages/widget/widget','primary_sidebar_description','Primary sidebar section','2023-07-02 19:58:53','2023-07-02 19:58:53'),(1256,1,'en','plugins/analytics/analytics','sessions','Sessions','2023-07-02 19:58:53','2023-07-02 19:58:53'),(1257,1,'en','plugins/analytics/analytics','visitors','Visitors','2023-07-02 19:58:53','2023-07-02 19:58:53'),(1258,1,'en','plugins/analytics/analytics','pageviews','Pageviews','2023-07-02 19:58:53','2023-07-02 19:58:53'),(1259,1,'en','plugins/analytics/analytics','bounce_rate','Bounce Rate','2023-07-02 19:58:53','2023-07-02 19:58:53'),(1260,1,'en','plugins/analytics/analytics','page_session','Pages/Session','2023-07-02 19:58:53','2023-07-02 19:58:53'),(1261,1,'en','plugins/analytics/analytics','avg_duration','Avg. Duration','2023-07-02 19:58:53','2023-07-02 19:58:53'),(1262,1,'en','plugins/analytics/analytics','percent_new_session','Percent new session','2023-07-02 19:58:53','2023-07-02 19:58:53'),(1263,1,'en','plugins/analytics/analytics','new_users','New visitors','2023-07-02 19:58:53','2023-07-02 19:58:53'),(1264,1,'en','plugins/analytics/analytics','visits','visits','2023-07-02 19:58:53','2023-07-02 19:58:53'),(1265,1,'en','plugins/analytics/analytics','views','views','2023-07-02 19:58:53','2023-07-02 19:58:53'),(1266,1,'en','plugins/analytics/analytics','property_id_not_specified','You must provide a valid view id. The document here: <a href=\"https://docs.botble.com/cms/master/plugin-analytics\" target=\"_blank\">https://docs.botble.com/cms/master/plugin-analytics</a>','2023-07-02 19:58:53','2023-07-02 19:58:53'),(1267,1,'en','plugins/analytics/analytics','credential_is_not_valid','Analytics credentials is not valid. The document here: <a href=\"https://docs.botble.com/cms/master/plugin-analytics\" target=\"_blank\">https://docs.botble.com/cms/master/plugin-analytics</a>','2023-07-02 19:58:53','2023-07-02 19:58:53'),(1268,1,'en','plugins/analytics/analytics','start_date_can_not_before_end_date','Start date :start_date cannot be after end date :end_date','2023-07-02 19:58:53','2023-07-02 19:58:53'),(1269,1,'en','plugins/analytics/analytics','wrong_configuration','To view analytics you\'ll need to get a Google Analytics client id and add it to your settings. <br /> You also need JSON credential data. <br /> The document here: <a href=\"https://docs.botble.com/cms/master/plugin-analytics\" target=\"_blank\">https://docs.botble.com/cms/master/plugin-analytics</a>','2023-07-02 19:58:53','2023-07-02 19:58:53'),(1270,1,'en','plugins/analytics/analytics','property_id_is_invalid','Property ID is invalid. Check this: https://developers.google.com/analytics/devguides/reporting/data/v1/property-id','2023-07-02 19:58:53','2023-07-02 19:58:53'),(1271,1,'en','plugins/analytics/analytics','settings.title','Google Analytics','2023-07-02 19:58:53','2023-07-02 19:58:53'),(1272,1,'en','plugins/analytics/analytics','settings.description','Config Credentials for Google Analytics','2023-07-02 19:58:53','2023-07-02 19:58:53'),(1273,1,'en','plugins/analytics/analytics','settings.google_tag_id','Google tag ID','2023-07-02 19:58:53','2023-07-02 19:58:53'),(1274,1,'en','plugins/analytics/analytics','settings.google_tag_id_placeholder','Example: G-76NX8HY29D','2023-07-02 19:58:53','2023-07-02 19:58:53'),(1275,1,'en','plugins/analytics/analytics','settings.analytics_property_id','Property ID for GA4','2023-07-02 19:58:53','2023-07-02 19:58:53'),(1276,1,'en','plugins/analytics/analytics','settings.analytics_property_id_description','Google Analytics Property ID (GA4)','2023-07-02 19:58:53','2023-07-02 19:58:53'),(1277,1,'en','plugins/analytics/analytics','settings.json_credential','Service Account Credentials','2023-07-02 19:58:53','2023-07-02 19:58:53'),(1278,1,'en','plugins/analytics/analytics','settings.json_credential_description','Service Account Credentials','2023-07-02 19:58:53','2023-07-02 19:58:53'),(1279,1,'en','plugins/analytics/analytics','widget_analytics_page','Top Most Visit Pages','2023-07-02 19:58:53','2023-07-02 19:58:53'),(1280,1,'en','plugins/analytics/analytics','widget_analytics_browser','Top Browsers','2023-07-02 19:58:53','2023-07-02 19:58:53'),(1281,1,'en','plugins/analytics/analytics','widget_analytics_referrer','Top Referrers','2023-07-02 19:58:53','2023-07-02 19:58:53'),(1282,1,'en','plugins/analytics/analytics','widget_analytics_general','Site Analytics','2023-07-02 19:58:53','2023-07-02 19:58:53'),(1283,1,'en','plugins/analytics/analytics','missing_library_warning','Analytics plugin error: Missing third-party libraries, please run \"composer update\" to install them.','2023-07-02 19:58:53','2023-07-02 19:58:53'),(1284,1,'en','plugins/audit-log/history','name','Activities Logs','2023-07-02 19:58:53','2023-07-02 19:58:53'),(1285,1,'en','plugins/audit-log/history','created','created','2023-07-02 19:58:53','2023-07-02 19:58:53'),(1286,1,'en','plugins/audit-log/history','updated','updated','2023-07-02 19:58:53','2023-07-02 19:58:53'),(1287,1,'en','plugins/audit-log/history','deleted','deleted','2023-07-02 19:58:53','2023-07-02 19:58:53'),(1288,1,'en','plugins/audit-log/history','logged in','logged in','2023-07-02 19:58:53','2023-07-02 19:58:53'),(1289,1,'en','plugins/audit-log/history','logged out','logged out','2023-07-02 19:58:53','2023-07-02 19:58:53'),(1290,1,'en','plugins/audit-log/history','changed password','changed password','2023-07-02 19:58:53','2023-07-02 19:58:53'),(1291,1,'en','plugins/audit-log/history','updated profile','updated profile','2023-07-02 19:58:53','2023-07-02 19:58:53'),(1292,1,'en','plugins/audit-log/history','attached','attached','2023-07-02 19:58:53','2023-07-02 19:58:53'),(1293,1,'en','plugins/audit-log/history','shared','shared','2023-07-02 19:58:53','2023-07-02 19:58:53'),(1294,1,'en','plugins/audit-log/history','to the system','to the system','2023-07-02 19:58:53','2023-07-02 19:58:53'),(1295,1,'en','plugins/audit-log/history','of the system','of the system','2023-07-02 19:58:53','2023-07-02 19:58:53'),(1296,1,'en','plugins/audit-log/history','menu','menu','2023-07-02 19:58:53','2023-07-02 19:58:53'),(1297,1,'en','plugins/audit-log/history','post','post','2023-07-02 19:58:53','2023-07-02 19:58:53'),(1298,1,'en','plugins/audit-log/history','page','page','2023-07-02 19:58:53','2023-07-02 19:58:53'),(1299,1,'en','plugins/audit-log/history','category','category','2023-07-02 19:58:53','2023-07-02 19:58:53'),(1300,1,'en','plugins/audit-log/history','tag','tag','2023-07-02 19:58:53','2023-07-02 19:58:53'),(1301,1,'en','plugins/audit-log/history','user','user','2023-07-02 19:58:53','2023-07-02 19:58:53'),(1302,1,'en','plugins/audit-log/history','contact','contact','2023-07-02 19:58:53','2023-07-02 19:58:53'),(1303,1,'en','plugins/audit-log/history','backup','backup','2023-07-02 19:58:53','2023-07-02 19:58:53'),(1304,1,'en','plugins/audit-log/history','custom-field','custom field','2023-07-02 19:58:53','2023-07-02 19:58:53'),(1305,1,'en','plugins/audit-log/history','widget_audit_logs','Activities Logs','2023-07-02 19:58:53','2023-07-02 19:58:53'),(1306,1,'en','plugins/audit-log/history','action','Action','2023-07-02 19:58:53','2023-07-02 19:58:53'),(1307,1,'en','plugins/audit-log/history','user_agent','User Agent','2023-07-02 19:58:53','2023-07-02 19:58:53'),(1308,1,'en','plugins/audit-log/history','system','System','2023-07-02 19:58:53','2023-07-02 19:58:53'),(1309,1,'en','plugins/audit-log/history','delete_all','Delete all records','2023-07-02 19:58:53','2023-07-02 19:58:53'),(1310,1,'en','plugins/backup/backup','name','Backup','2023-07-02 19:58:53','2023-07-02 19:58:53'),(1311,1,'en','plugins/backup/backup','backup_description','Backup database and uploads folder.','2023-07-02 19:58:53','2023-07-02 19:58:53'),(1312,1,'en','plugins/backup/backup','create_backup_success','Created backup successfully!','2023-07-02 19:58:53','2023-07-02 19:58:53'),(1313,1,'en','plugins/backup/backup','delete_backup_success','Delete backup successfully!','2023-07-02 19:58:53','2023-07-02 19:58:53'),(1314,1,'en','plugins/backup/backup','restore_backup_success','Restore backup successfully!','2023-07-02 19:58:53','2023-07-02 19:58:53'),(1315,1,'en','plugins/backup/backup','generate_btn','Generate backup','2023-07-02 19:58:53','2023-07-02 19:58:53'),(1316,1,'en','plugins/backup/backup','create','Create a backup','2023-07-02 19:58:53','2023-07-02 19:58:53'),(1317,1,'en','plugins/backup/backup','restore','Restore a backup','2023-07-02 19:58:53','2023-07-02 19:58:53'),(1318,1,'en','plugins/backup/backup','create_btn','Create','2023-07-02 19:58:53','2023-07-02 19:58:53'),(1319,1,'en','plugins/backup/backup','restore_btn','Restore','2023-07-02 19:58:53','2023-07-02 19:58:53'),(1320,1,'en','plugins/backup/backup','restore_confirm_msg','Do you really want to restore this revision?','2023-07-02 19:58:53','2023-07-02 19:58:53'),(1321,1,'en','plugins/backup/backup','download_uploads_folder','Download backup of uploads folder','2023-07-02 19:58:53','2023-07-02 19:58:53'),(1322,1,'en','plugins/backup/backup','download_database','Download backup of database','2023-07-02 19:58:53','2023-07-02 19:58:53'),(1323,1,'en','plugins/backup/backup','restore_tooltip','Restore this backup','2023-07-02 19:58:53','2023-07-02 19:58:53'),(1324,1,'en','plugins/backup/backup','demo_alert','Hi guest, if you see demo site is destroyed, please help me <a href=\":link\">go here</a> and restore demo site to the latest revision! Thank you so much!','2023-07-02 19:58:53','2023-07-02 19:58:53'),(1325,1,'en','plugins/backup/backup','menu_name','Backups','2023-07-02 19:58:53','2023-07-02 19:58:53'),(1326,1,'en','plugins/backup/backup','size','Size','2023-07-02 19:58:53','2023-07-02 19:58:53'),(1327,1,'en','plugins/backup/backup','no_backups','There is no backup now!','2023-07-02 19:58:53','2023-07-02 19:58:53'),(1328,1,'en','plugins/backup/backup','proc_open_disabled_error','Function <strong>proc_open()</strong> has been disabled so the system cannot backup the database. Please contact your hosting provider to enable it.','2023-07-02 19:58:53','2023-07-02 19:58:53'),(1329,1,'en','plugins/backup/backup','database_backup_not_existed','Backup database is not existed!','2023-07-02 19:58:53','2023-07-02 19:58:53'),(1330,1,'en','plugins/backup/backup','uploads_folder_backup_not_existed','Backup uploads folder is not existed!','2023-07-02 19:58:53','2023-07-02 19:58:53'),(1331,1,'en','plugins/backup/backup','important_message1','This is a simple backup feature, it is a solution for you if your site has < 1GB data and can be used for quickly backup your site.','2023-07-02 19:58:53','2023-07-02 19:58:53'),(1332,1,'en','plugins/backup/backup','important_message2','If you have more than 1GB images/files in local storage, you should use backup feature of your hosting or VPS.','2023-07-02 19:58:53','2023-07-02 19:58:53'),(1333,1,'en','plugins/backup/backup','important_message3','To backup your database, function <strong>proc_open()</strong> or <strong>system()</strong> must be enabled. Contact your hosting provider to enable it if it is disabled.','2023-07-02 19:58:53','2023-07-02 19:58:53'),(1334,1,'en','plugins/backup/backup','important_message4','It is not a full backup, it is just back up uploaded files and your database.','2023-07-02 19:58:53','2023-07-02 19:58:53'),(1335,1,'en','plugins/backup/backup','cannot_restore_database','Cannot restore database. The database backup is missing!','2023-07-02 19:58:53','2023-07-02 19:58:53'),(1336,1,'en','plugins/blog/base','menu_name','Blog','2023-07-02 19:58:53','2023-07-02 19:58:53'),(1337,1,'en','plugins/blog/base','blog_page','Blog Page','2023-07-02 19:58:53','2023-07-02 19:58:53'),(1338,1,'en','plugins/blog/base','select','-- Select --','2023-07-02 19:58:53','2023-07-02 19:58:53'),(1339,1,'en','plugins/blog/base','blog_page_id','Blog page','2023-07-02 19:58:53','2023-07-02 19:58:53'),(1340,1,'en','plugins/blog/base','number_posts_per_page','Number posts per page','2023-07-02 19:58:53','2023-07-02 19:58:53'),(1341,1,'en','plugins/blog/base','write_some_tags','Write some tags','2023-07-02 19:58:53','2023-07-02 19:58:53'),(1342,1,'en','plugins/blog/base','short_code_name','Blog posts','2023-07-02 19:58:53','2023-07-02 19:58:53'),(1343,1,'en','plugins/blog/base','short_code_description','Add blog posts','2023-07-02 19:58:53','2023-07-02 19:58:53'),(1344,1,'en','plugins/blog/base','number_posts_per_page_in_category','Number of posts per page in a category','2023-07-02 19:58:53','2023-07-02 19:58:53'),(1345,1,'en','plugins/blog/base','number_posts_per_page_in_tag','Number of posts per page in a tag','2023-07-02 19:58:53','2023-07-02 19:58:53'),(1346,1,'en','plugins/blog/base','settings.title','Blog','2023-07-02 19:58:53','2023-07-02 19:58:53'),(1347,1,'en','plugins/blog/base','settings.description','Settings for Blog','2023-07-02 19:58:53','2023-07-02 19:58:53'),(1348,1,'en','plugins/blog/base','settings.enable_blog_post_schema','Enable Blog Post Schema?','2023-07-02 19:58:53','2023-07-02 19:58:53'),(1349,1,'en','plugins/blog/base','settings.enable_blog_post_schema_description','Learn more: https://schema.org/Article','2023-07-02 19:58:53','2023-07-02 19:58:53'),(1350,1,'en','plugins/blog/base','settings.schema_type','Schema type','2023-07-02 19:58:53','2023-07-02 19:58:53'),(1351,1,'en','plugins/blog/categories','create','Create new category','2023-07-02 19:58:53','2023-07-02 19:58:53'),(1352,1,'en','plugins/blog/categories','menu','Categories','2023-07-02 19:58:53','2023-07-02 19:58:53'),(1353,1,'en','plugins/blog/categories','edit_this_category','Edit this category','2023-07-02 19:58:53','2023-07-02 19:58:53'),(1354,1,'en','plugins/blog/categories','menu_name','Categories','2023-07-02 19:58:53','2023-07-02 19:58:53'),(1355,1,'en','plugins/blog/categories','none','None','2023-07-02 19:58:53','2023-07-02 19:58:53'),(1356,1,'en','plugins/blog/categories','total_posts','Total posts: :total','2023-07-02 19:58:53','2023-07-02 19:58:53'),(1357,1,'en','plugins/blog/member','dob','Born :date','2023-07-02 19:58:53','2023-07-02 19:58:53'),(1358,1,'en','plugins/blog/member','draft_posts','Draft Posts','2023-07-02 19:58:53','2023-07-02 19:58:53'),(1359,1,'en','plugins/blog/member','pending_posts','Pending Posts','2023-07-02 19:58:53','2023-07-02 19:58:53'),(1360,1,'en','plugins/blog/member','published_posts','Published Posts','2023-07-02 19:58:53','2023-07-02 19:58:53'),(1361,1,'en','plugins/blog/member','posts','Posts','2023-07-02 19:58:53','2023-07-02 19:58:53'),(1362,1,'en','plugins/blog/member','write_post','Write a post','2023-07-02 19:58:53','2023-07-02 19:58:53'),(1363,1,'en','plugins/blog/posts','create','Create new post','2023-07-02 19:58:53','2023-07-02 19:58:53'),(1364,1,'en','plugins/blog/posts','form.name','Name','2023-07-02 19:58:53','2023-07-02 19:58:53'),(1365,1,'en','plugins/blog/posts','form.name_placeholder','Post\'s name (Maximum :c characters)','2023-07-02 19:58:53','2023-07-02 19:58:53'),(1366,1,'en','plugins/blog/posts','form.description','Description','2023-07-02 19:58:53','2023-07-02 19:58:53'),(1367,1,'en','plugins/blog/posts','form.description_placeholder','Short description for post (Maximum :c characters)','2023-07-02 19:58:53','2023-07-02 19:58:53'),(1368,1,'en','plugins/blog/posts','form.categories','Categories','2023-07-02 19:58:53','2023-07-02 19:58:53'),(1369,1,'en','plugins/blog/posts','form.tags','Tags','2023-07-02 19:58:53','2023-07-02 19:58:53'),(1370,1,'en','plugins/blog/posts','form.tags_placeholder','Tags','2023-07-02 19:58:53','2023-07-02 19:58:53'),(1371,1,'en','plugins/blog/posts','form.content','Content','2023-07-02 19:58:53','2023-07-02 19:58:53'),(1372,1,'en','plugins/blog/posts','form.is_featured','Is featured?','2023-07-02 19:58:53','2023-07-02 19:58:53'),(1373,1,'en','plugins/blog/posts','form.note','Note content','2023-07-02 19:58:53','2023-07-02 19:58:53'),(1374,1,'en','plugins/blog/posts','form.format_type','Format','2023-07-02 19:58:53','2023-07-02 19:58:53'),(1375,1,'en','plugins/blog/posts','cannot_delete','Post could not be deleted','2023-07-02 19:58:53','2023-07-02 19:58:53'),(1376,1,'en','plugins/blog/posts','post_deleted','Post deleted','2023-07-02 19:58:53','2023-07-02 19:58:53'),(1377,1,'en','plugins/blog/posts','posts','Posts','2023-07-02 19:58:53','2023-07-02 19:58:53'),(1378,1,'en','plugins/blog/posts','post','Post','2023-07-02 19:58:53','2023-07-02 19:58:53'),(1379,1,'en','plugins/blog/posts','edit_this_post','Edit this post','2023-07-02 19:58:53','2023-07-02 19:58:53'),(1380,1,'en','plugins/blog/posts','no_new_post_now','There is no new post now!','2023-07-02 19:58:53','2023-07-02 19:58:53'),(1381,1,'en','plugins/blog/posts','menu_name','Posts','2023-07-02 19:58:53','2023-07-02 19:58:53'),(1382,1,'en','plugins/blog/posts','widget_posts_recent','Recent Posts','2023-07-02 19:58:53','2023-07-02 19:58:53'),(1383,1,'en','plugins/blog/posts','categories','Categories','2023-07-02 19:58:53','2023-07-02 19:58:53'),(1384,1,'en','plugins/blog/posts','category','Category','2023-07-02 19:58:53','2023-07-02 19:58:53'),(1385,1,'en','plugins/blog/posts','author','Author','2023-07-02 19:58:53','2023-07-02 19:58:53'),(1386,1,'en','plugins/blog/tags','form.name','Name','2023-07-02 19:58:53','2023-07-02 19:58:53'),(1387,1,'en','plugins/blog/tags','form.name_placeholder','Tag\'s name (Maximum 120 characters)','2023-07-02 19:58:53','2023-07-02 19:58:53'),(1388,1,'en','plugins/blog/tags','form.description','Description','2023-07-02 19:58:53','2023-07-02 19:58:53'),(1389,1,'en','plugins/blog/tags','form.description_placeholder','Short description for tag (Maximum 400 characters)','2023-07-02 19:58:53','2023-07-02 19:58:53'),(1390,1,'en','plugins/blog/tags','form.categories','Categories','2023-07-02 19:58:53','2023-07-02 19:58:53'),(1391,1,'en','plugins/blog/tags','notices.no_select','Please select at least one tag to take this action!','2023-07-02 19:58:53','2023-07-02 19:58:53'),(1392,1,'en','plugins/blog/tags','create','Create new tag','2023-07-02 19:58:53','2023-07-02 19:58:53'),(1393,1,'en','plugins/blog/tags','cannot_delete','Tag could not be deleted','2023-07-02 19:58:53','2023-07-02 19:58:53'),(1394,1,'en','plugins/blog/tags','deleted','Tag deleted','2023-07-02 19:58:53','2023-07-02 19:58:53'),(1395,1,'en','plugins/blog/tags','menu','Tags','2023-07-02 19:58:53','2023-07-02 19:58:53'),(1396,1,'en','plugins/blog/tags','edit_this_tag','Edit this tag','2023-07-02 19:58:53','2023-07-02 19:58:53'),(1397,1,'en','plugins/blog/tags','menu_name','Tags','2023-07-02 19:58:53','2023-07-02 19:58:53'),(1398,1,'en','plugins/captcha/captcha','settings.title','Captcha','2023-07-02 19:58:53','2023-07-02 19:58:53'),(1399,1,'en','plugins/captcha/captcha','settings.description','Settings for Google Captcha','2023-07-02 19:58:53','2023-07-02 19:58:53'),(1400,1,'en','plugins/captcha/captcha','settings.captcha_site_key','Captcha Site Key','2023-07-02 19:58:53','2023-07-02 19:58:53'),(1401,1,'en','plugins/captcha/captcha','settings.captcha_secret','Captcha Secret','2023-07-02 19:58:53','2023-07-02 19:58:53'),(1402,1,'en','plugins/captcha/captcha','settings.enable_captcha','Enable Captcha?','2023-07-02 19:58:53','2023-07-02 19:58:53'),(1403,1,'en','plugins/captcha/captcha','settings.helper','Go here to get credentials https://www.google.com/recaptcha/admin#list.','2023-07-02 19:58:54','2023-07-02 19:58:54'),(1404,1,'en','plugins/captcha/captcha','settings.hide_badge','Hide recaptcha badge (for v3)','2023-07-02 19:58:54','2023-07-02 19:58:54'),(1405,1,'en','plugins/captcha/captcha','settings.type','Type','2023-07-02 19:58:54','2023-07-02 19:58:54'),(1406,1,'en','plugins/captcha/captcha','settings.v2_description','V2 (Verify requests with a challenge)','2023-07-02 19:58:54','2023-07-02 19:58:54'),(1407,1,'en','plugins/captcha/captcha','settings.v3_description','V3 (Verify requests with a score)','2023-07-02 19:58:54','2023-07-02 19:58:54'),(1408,1,'en','plugins/captcha/captcha','numbers.0','Zero','2023-07-02 19:58:54','2023-07-02 19:58:54'),(1409,1,'en','plugins/captcha/captcha','numbers.1','One','2023-07-02 19:58:54','2023-07-02 19:58:54'),(1410,1,'en','plugins/captcha/captcha','numbers.2','Two','2023-07-02 19:58:54','2023-07-02 19:58:54'),(1411,1,'en','plugins/captcha/captcha','numbers.3','Three','2023-07-02 19:58:54','2023-07-02 19:58:54'),(1412,1,'en','plugins/captcha/captcha','numbers.4','Four','2023-07-02 19:58:54','2023-07-02 19:58:54'),(1413,1,'en','plugins/captcha/captcha','numbers.5','Five','2023-07-02 19:58:54','2023-07-02 19:58:54'),(1414,1,'en','plugins/captcha/captcha','numbers.6','Six','2023-07-02 19:58:54','2023-07-02 19:58:54'),(1415,1,'en','plugins/captcha/captcha','numbers.7','Seven','2023-07-02 19:58:54','2023-07-02 19:58:54'),(1416,1,'en','plugins/captcha/captcha','numbers.8','Eight','2023-07-02 19:58:54','2023-07-02 19:58:54'),(1417,1,'en','plugins/captcha/captcha','numbers.9','Nine','2023-07-02 19:58:54','2023-07-02 19:58:54'),(1418,1,'en','plugins/captcha/captcha','numbers.10','Ten','2023-07-02 19:58:54','2023-07-02 19:58:54'),(1419,1,'en','plugins/captcha/captcha','numbers.11','Eleven','2023-07-02 19:58:54','2023-07-02 19:58:54'),(1420,1,'en','plugins/captcha/captcha','numbers.12','Twelve','2023-07-02 19:58:54','2023-07-02 19:58:54'),(1421,1,'en','plugins/captcha/captcha','operands.+','plus','2023-07-02 19:58:54','2023-07-02 19:58:54'),(1422,1,'en','plugins/captcha/captcha','operands.-','minus','2023-07-02 19:58:54','2023-07-02 19:58:54'),(1423,1,'en','plugins/captcha/captcha','operands.*','times','2023-07-02 19:58:54','2023-07-02 19:58:54'),(1424,1,'en','plugins/captcha/captcha','operands./','divided by','2023-07-02 19:58:54','2023-07-02 19:58:54'),(1425,1,'en','plugins/contact/contact','menu','Contact','2023-07-02 19:58:54','2023-07-02 19:58:54'),(1426,1,'en','plugins/contact/contact','edit','View contact','2023-07-02 19:58:54','2023-07-02 19:58:54'),(1427,1,'en','plugins/contact/contact','tables.phone','Phone','2023-07-02 19:58:54','2023-07-02 19:58:54'),(1428,1,'en','plugins/contact/contact','tables.email','Email','2023-07-02 19:58:54','2023-07-02 19:58:54'),(1429,1,'en','plugins/contact/contact','tables.full_name','Full Name','2023-07-02 19:58:54','2023-07-02 19:58:54'),(1430,1,'en','plugins/contact/contact','tables.time','Time','2023-07-02 19:58:54','2023-07-02 19:58:54'),(1431,1,'en','plugins/contact/contact','tables.address','Address','2023-07-02 19:58:54','2023-07-02 19:58:54'),(1432,1,'en','plugins/contact/contact','tables.subject','Subject','2023-07-02 19:58:54','2023-07-02 19:58:54'),(1433,1,'en','plugins/contact/contact','tables.content','Content','2023-07-02 19:58:54','2023-07-02 19:58:54'),(1434,1,'en','plugins/contact/contact','contact_information','Contact information','2023-07-02 19:58:54','2023-07-02 19:58:54'),(1435,1,'en','plugins/contact/contact','replies','Replies','2023-07-02 19:58:54','2023-07-02 19:58:54'),(1436,1,'en','plugins/contact/contact','email.header','Email','2023-07-02 19:58:54','2023-07-02 19:58:54'),(1437,1,'en','plugins/contact/contact','email.title','New contact from your site','2023-07-02 19:58:54','2023-07-02 19:58:54'),(1438,1,'en','plugins/contact/contact','form.name.required','Name is required','2023-07-02 19:58:54','2023-07-02 19:58:54'),(1439,1,'en','plugins/contact/contact','form.email.required','Email is required','2023-07-02 19:58:54','2023-07-02 19:58:54'),(1440,1,'en','plugins/contact/contact','form.email.email','The email address is not valid','2023-07-02 19:58:54','2023-07-02 19:58:54'),(1441,1,'en','plugins/contact/contact','form.content.required','Content is required','2023-07-02 19:58:54','2023-07-02 19:58:54'),(1442,1,'en','plugins/contact/contact','contact_sent_from','This contact information sent from','2023-07-02 19:58:54','2023-07-02 19:58:54'),(1443,1,'en','plugins/contact/contact','sender','Sender','2023-07-02 19:58:54','2023-07-02 19:58:54'),(1444,1,'en','plugins/contact/contact','sender_email','Email','2023-07-02 19:58:54','2023-07-02 19:58:54'),(1445,1,'en','plugins/contact/contact','sender_address','Address','2023-07-02 19:58:54','2023-07-02 19:58:54'),(1446,1,'en','plugins/contact/contact','sender_phone','Phone','2023-07-02 19:58:54','2023-07-02 19:58:54'),(1447,1,'en','plugins/contact/contact','message_content','Message content','2023-07-02 19:58:54','2023-07-02 19:58:54'),(1448,1,'en','plugins/contact/contact','sent_from','Email sent from','2023-07-02 19:58:54','2023-07-02 19:58:54'),(1449,1,'en','plugins/contact/contact','form_name','Name','2023-07-02 19:58:54','2023-07-02 19:58:54'),(1450,1,'en','plugins/contact/contact','form_email','Email','2023-07-02 19:58:54','2023-07-02 19:58:54'),(1451,1,'en','plugins/contact/contact','form_address','Address','2023-07-02 19:58:54','2023-07-02 19:58:54'),(1452,1,'en','plugins/contact/contact','form_subject','Subject','2023-07-02 19:58:54','2023-07-02 19:58:54'),(1453,1,'en','plugins/contact/contact','form_phone','Phone','2023-07-02 19:58:54','2023-07-02 19:58:54'),(1454,1,'en','plugins/contact/contact','form_message','Message','2023-07-02 19:58:54','2023-07-02 19:58:54'),(1455,1,'en','plugins/contact/contact','required_field','The field with (<span style=\"color: red\">*</span>) is required.','2023-07-02 19:58:54','2023-07-02 19:58:54'),(1456,1,'en','plugins/contact/contact','send_btn','Send message','2023-07-02 19:58:54','2023-07-02 19:58:54'),(1457,1,'en','plugins/contact/contact','new_msg_notice','You have <span class=\"bold\">:count</span> New Messages','2023-07-02 19:58:54','2023-07-02 19:58:54'),(1458,1,'en','plugins/contact/contact','view_all','View all','2023-07-02 19:58:54','2023-07-02 19:58:54'),(1459,1,'en','plugins/contact/contact','statuses.read','Read','2023-07-02 19:58:54','2023-07-02 19:58:54'),(1460,1,'en','plugins/contact/contact','statuses.unread','Unread','2023-07-02 19:58:54','2023-07-02 19:58:54'),(1461,1,'en','plugins/contact/contact','phone','Phone','2023-07-02 19:58:54','2023-07-02 19:58:54'),(1462,1,'en','plugins/contact/contact','address','Address','2023-07-02 19:58:54','2023-07-02 19:58:54'),(1463,1,'en','plugins/contact/contact','message','Message','2023-07-02 19:58:54','2023-07-02 19:58:54'),(1464,1,'en','plugins/contact/contact','settings.email.title','Contact','2023-07-02 19:58:54','2023-07-02 19:58:54'),(1465,1,'en','plugins/contact/contact','settings.email.description','Contact email configuration','2023-07-02 19:58:54','2023-07-02 19:58:54'),(1466,1,'en','plugins/contact/contact','settings.email.templates.notice_title','Send notice to administrator','2023-07-02 19:58:54','2023-07-02 19:58:54'),(1467,1,'en','plugins/contact/contact','settings.email.templates.notice_description','Email template to send notice to administrator when system get new contact','2023-07-02 19:58:54','2023-07-02 19:58:54'),(1468,1,'en','plugins/contact/contact','settings.title','Contact','2023-07-02 19:58:54','2023-07-02 19:58:54'),(1469,1,'en','plugins/contact/contact','settings.description','Settings for contact plugin','2023-07-02 19:58:54','2023-07-02 19:58:54'),(1470,1,'en','plugins/contact/contact','settings.blacklist_keywords','Blacklist keywords','2023-07-02 19:58:54','2023-07-02 19:58:54'),(1471,1,'en','plugins/contact/contact','settings.blacklist_keywords_placeholder','keywords...','2023-07-02 19:58:54','2023-07-02 19:58:54'),(1472,1,'en','plugins/contact/contact','settings.blacklist_keywords_helper','Blacklist contact requests if it includes those keywords in the content field (separate by comma).','2023-07-02 19:58:54','2023-07-02 19:58:54'),(1473,1,'en','plugins/contact/contact','settings.blacklist_email_domains','Blacklist email domains','2023-07-02 19:58:54','2023-07-02 19:58:54'),(1474,1,'en','plugins/contact/contact','settings.blacklist_email_domains_placeholder','domain...','2023-07-02 19:58:54','2023-07-02 19:58:54'),(1475,1,'en','plugins/contact/contact','settings.blacklist_email_domains_helper','Blacklist contact requests if the email domain is in blacklist domains (separate by comma).','2023-07-02 19:58:54','2023-07-02 19:58:54'),(1476,1,'en','plugins/contact/contact','settings.enable_math_captcha','Enable math captcha?','2023-07-02 19:58:54','2023-07-02 19:58:54'),(1477,1,'en','plugins/contact/contact','no_reply','No reply yet!','2023-07-02 19:58:54','2023-07-02 19:58:54'),(1478,1,'en','plugins/contact/contact','reply','Reply','2023-07-02 19:58:54','2023-07-02 19:58:54'),(1479,1,'en','plugins/contact/contact','send','Send','2023-07-02 19:58:54','2023-07-02 19:58:54'),(1480,1,'en','plugins/contact/contact','shortcode_name','Contact form','2023-07-02 19:58:54','2023-07-02 19:58:54'),(1481,1,'en','plugins/contact/contact','shortcode_description','Add a contact form','2023-07-02 19:58:54','2023-07-02 19:58:54'),(1482,1,'en','plugins/contact/contact','shortcode_content_description','Add shortcode [contact-form][/contact-form] to editor?','2023-07-02 19:58:54','2023-07-02 19:58:54'),(1483,1,'en','plugins/contact/contact','message_sent_success','Message sent successfully!','2023-07-02 19:58:54','2023-07-02 19:58:54'),(1484,1,'en','plugins/cookie-consent/cookie-consent','theme_options.name','Cookie Consent','2023-07-02 19:58:54','2023-07-02 19:58:54'),(1485,1,'en','plugins/cookie-consent/cookie-consent','theme_options.description','Cookie consent settings','2023-07-02 19:58:54','2023-07-02 19:58:54'),(1486,1,'en','plugins/cookie-consent/cookie-consent','theme_options.enable','Enable cookie consent?','2023-07-02 19:58:54','2023-07-02 19:58:54'),(1487,1,'en','plugins/cookie-consent/cookie-consent','theme_options.message','Message','2023-07-02 19:58:54','2023-07-02 19:58:54'),(1488,1,'en','plugins/cookie-consent/cookie-consent','theme_options.button_text','Button text','2023-07-02 19:58:54','2023-07-02 19:58:54'),(1489,1,'en','plugins/cookie-consent/cookie-consent','theme_options.max_width','Max width (px)','2023-07-02 19:58:54','2023-07-02 19:58:54'),(1490,1,'en','plugins/cookie-consent/cookie-consent','theme_options.background_color','Background color','2023-07-02 19:58:54','2023-07-02 19:58:54'),(1491,1,'en','plugins/cookie-consent/cookie-consent','theme_options.text_color','Text color','2023-07-02 19:58:54','2023-07-02 19:58:54'),(1492,1,'en','plugins/cookie-consent/cookie-consent','theme_options.learn_more_url','Learn more URL','2023-07-02 19:58:54','2023-07-02 19:58:54'),(1493,1,'en','plugins/cookie-consent/cookie-consent','theme_options.learn_more_text','Learn more text','2023-07-02 19:58:54','2023-07-02 19:58:54'),(1494,1,'en','plugins/cookie-consent/cookie-consent','theme_options.style','Style','2023-07-02 19:58:54','2023-07-02 19:58:54'),(1495,1,'en','plugins/cookie-consent/cookie-consent','theme_options.full_width','Full width','2023-07-02 19:58:54','2023-07-02 19:58:54'),(1496,1,'en','plugins/cookie-consent/cookie-consent','theme_options.minimal','Minimal','2023-07-02 19:58:54','2023-07-02 19:58:54'),(1497,1,'en','plugins/cookie-consent/cookie-consent','message','Your experience on this site will be improved by allowing cookies.','2023-07-02 19:58:54','2023-07-02 19:58:54'),(1498,1,'en','plugins/cookie-consent/cookie-consent','button_text','Allow cookies','2023-07-02 19:58:54','2023-07-02 19:58:54'),(1499,1,'en','plugins/ecommerce/addresses','address','Address','2023-07-02 19:58:54','2023-07-02 19:58:54'),(1500,1,'en','plugins/ecommerce/addresses','addresses','Addresses','2023-07-02 19:58:54','2023-07-02 19:58:54'),(1501,1,'en','plugins/ecommerce/addresses','address_placeholder','Enter address','2023-07-02 19:58:54','2023-07-02 19:58:54'),(1502,1,'en','plugins/ecommerce/addresses','zip','Zip code','2023-07-02 19:58:54','2023-07-02 19:58:54'),(1503,1,'en','plugins/ecommerce/addresses','zip_placeholder','Enter zip code','2023-07-02 19:58:54','2023-07-02 19:58:54'),(1504,1,'en','plugins/ecommerce/addresses','city','City','2023-07-02 19:58:54','2023-07-02 19:58:54'),(1505,1,'en','plugins/ecommerce/addresses','city_placeholder','Enter city','2023-07-02 19:58:54','2023-07-02 19:58:54'),(1506,1,'en','plugins/ecommerce/addresses','state','State','2023-07-02 19:58:54','2023-07-02 19:58:54'),(1507,1,'en','plugins/ecommerce/addresses','state_placeholder','Enter state','2023-07-02 19:58:54','2023-07-02 19:58:54'),(1508,1,'en','plugins/ecommerce/addresses','country','Country','2023-07-02 19:58:54','2023-07-02 19:58:54'),(1509,1,'en','plugins/ecommerce/addresses','use_this_address_as_default','Use this address as default','2023-07-02 19:58:54','2023-07-02 19:58:54'),(1510,1,'en','plugins/ecommerce/addresses','name','Full name','2023-07-02 19:58:54','2023-07-02 19:58:54'),(1511,1,'en','plugins/ecommerce/addresses','name_placeholder','Enter name','2023-07-02 19:58:54','2023-07-02 19:58:54'),(1512,1,'en','plugins/ecommerce/addresses','phone','Phone','2023-07-02 19:58:54','2023-07-02 19:58:54'),(1513,1,'en','plugins/ecommerce/addresses','phone_placeholder','Enter phone','2023-07-02 19:58:54','2023-07-02 19:58:54'),(1514,1,'en','plugins/ecommerce/addresses','email','Email','2023-07-02 19:58:54','2023-07-02 19:58:54'),(1515,1,'en','plugins/ecommerce/addresses','email_placeholder','Enter email','2023-07-02 19:58:54','2023-07-02 19:58:54'),(1516,1,'en','plugins/ecommerce/addresses','select_state','Select state...','2023-07-02 19:58:54','2023-07-02 19:58:54'),(1517,1,'en','plugins/ecommerce/addresses','select_city','Select city...','2023-07-02 19:58:54','2023-07-02 19:58:54'),(1518,1,'en','plugins/ecommerce/addresses','select_country','Select country...','2023-07-02 19:58:54','2023-07-02 19:58:54'),(1519,1,'en','plugins/ecommerce/addresses','add_address','Add Address','2023-07-02 19:58:54','2023-07-02 19:58:54'),(1520,1,'en','plugins/ecommerce/addresses','new_address','New address','2023-07-02 19:58:54','2023-07-02 19:58:54'),(1521,1,'en','plugins/ecommerce/addresses','edit_address','Edit address','2023-07-02 19:58:54','2023-07-02 19:58:54'),(1522,1,'en','plugins/ecommerce/addresses','action','Action','2023-07-02 19:58:54','2023-07-02 19:58:54'),(1523,1,'en','plugins/ecommerce/addresses','add','Add','2023-07-02 19:58:54','2023-07-02 19:58:54'),(1524,1,'en','plugins/ecommerce/addresses','save','Save','2023-07-02 19:58:54','2023-07-02 19:58:54'),(1525,1,'en','plugins/ecommerce/addresses','no_data','No data to display','2023-07-02 19:58:54','2023-07-02 19:58:54'),(1526,1,'en','plugins/ecommerce/addresses','no_option','No option','2023-07-02 19:58:54','2023-07-02 19:58:54'),(1527,1,'en','plugins/ecommerce/brands','name','Brands','2023-07-02 19:58:54','2023-07-02 19:58:54'),(1528,1,'en','plugins/ecommerce/brands','create','New brand','2023-07-02 19:58:54','2023-07-02 19:58:54'),(1529,1,'en','plugins/ecommerce/brands','edit','Edit brand','2023-07-02 19:58:54','2023-07-02 19:58:54'),(1530,1,'en','plugins/ecommerce/brands','form.name','Name','2023-07-02 19:58:54','2023-07-02 19:58:54'),(1531,1,'en','plugins/ecommerce/brands','form.name_placeholder','Brand\'s name (Maximum 255 characters)','2023-07-02 19:58:54','2023-07-02 19:58:54'),(1532,1,'en','plugins/ecommerce/brands','form.description','Description','2023-07-02 19:58:54','2023-07-02 19:58:54'),(1533,1,'en','plugins/ecommerce/brands','form.description_placeholder','Short description for brand (Maximum 400 characters)','2023-07-02 19:58:54','2023-07-02 19:58:54'),(1534,1,'en','plugins/ecommerce/brands','form.website','Website','2023-07-02 19:58:54','2023-07-02 19:58:54'),(1535,1,'en','plugins/ecommerce/brands','form.logo','Logo','2023-07-02 19:58:54','2023-07-02 19:58:54'),(1536,1,'en','plugins/ecommerce/brands','form.is_featured','Is featured','2023-07-02 19:58:54','2023-07-02 19:58:54'),(1537,1,'en','plugins/ecommerce/brands','logo','Logo','2023-07-02 19:58:54','2023-07-02 19:58:54'),(1538,1,'en','plugins/ecommerce/brands','website','Website','2023-07-02 19:58:54','2023-07-02 19:58:54'),(1539,1,'en','plugins/ecommerce/brands','notices.no_select','Please select at least one record to take this action!','2023-07-02 19:58:54','2023-07-02 19:58:54'),(1540,1,'en','plugins/ecommerce/brands','notices.update_success_message','Update successfully','2023-07-02 19:58:54','2023-07-02 19:58:54'),(1541,1,'en','plugins/ecommerce/brands','cannot_delete','Brand could not be deleted','2023-07-02 19:58:54','2023-07-02 19:58:54'),(1542,1,'en','plugins/ecommerce/brands','brand_deleted','Brand deleted','2023-07-02 19:58:54','2023-07-02 19:58:54'),(1543,1,'en','plugins/ecommerce/brands','menu','Brands','2023-07-02 19:58:54','2023-07-02 19:58:54'),(1544,1,'en','plugins/ecommerce/brands','no_brand','No brand','2023-07-02 19:58:54','2023-07-02 19:58:54'),(1545,1,'en','plugins/ecommerce/brands','intro.title','Manage brands','2023-07-02 19:58:54','2023-07-02 19:58:54'),(1546,1,'en','plugins/ecommerce/brands','intro.description','Manage product brands such as Nike, Adidas, Bitis ...','2023-07-02 19:58:54','2023-07-02 19:58:54'),(1547,1,'en','plugins/ecommerce/brands','intro.button_text','Create brand','2023-07-02 19:58:54','2023-07-02 19:58:54'),(1548,1,'en','plugins/ecommerce/bulk-import','name','Bulk Import','2023-07-02 19:58:54','2023-07-02 19:58:54'),(1549,1,'en','plugins/ecommerce/bulk-import','loading_text','Importing','2023-07-02 19:58:54','2023-07-02 19:58:54'),(1550,1,'en','plugins/ecommerce/bulk-import','imported_successfully','Imported successfully.','2023-07-02 19:58:54','2023-07-02 19:58:54'),(1551,1,'en','plugins/ecommerce/bulk-import','please_choose_the_file_mime','Please choose the file mime :types','2023-07-02 19:58:54','2023-07-02 19:58:54'),(1552,1,'en','plugins/ecommerce/bulk-import','please_choose_the_file','Please choose the file','2023-07-02 19:58:54','2023-07-02 19:58:54'),(1553,1,'en','plugins/ecommerce/bulk-import','start_import','Start Import','2023-07-02 19:58:54','2023-07-02 19:58:54'),(1554,1,'en','plugins/ecommerce/bulk-import','note','Note!','2023-07-02 19:58:54','2023-07-02 19:58:54'),(1555,1,'en','plugins/ecommerce/bulk-import','warning_before_importing','If this is your first time using this feature, please read the documentation or contact the Administrator for access to the correct functionality!','2023-07-02 19:58:54','2023-07-02 19:58:54'),(1556,1,'en','plugins/ecommerce/bulk-import','results','Result: :success successes, :failed failures','2023-07-02 19:58:54','2023-07-02 19:58:54'),(1557,1,'en','plugins/ecommerce/bulk-import','failures','Failures','2023-07-02 19:58:54','2023-07-02 19:58:54'),(1558,1,'en','plugins/ecommerce/bulk-import','tables.import','Import','2023-07-02 19:58:54','2023-07-02 19:58:54'),(1559,1,'en','plugins/ecommerce/bulk-import','template','Template','2023-07-02 19:58:54','2023-07-02 19:58:54'),(1560,1,'en','plugins/ecommerce/bulk-import','rules','Rules','2023-07-02 19:58:54','2023-07-02 19:58:54'),(1561,1,'en','plugins/ecommerce/bulk-import','choose_file_with_mime','Choose file with mime: (:types)','2023-07-02 19:58:54','2023-07-02 19:58:54'),(1562,1,'en','plugins/ecommerce/bulk-import','choose_file','Choose file','2023-07-02 19:58:54','2023-07-02 19:58:54'),(1563,1,'en','plugins/ecommerce/bulk-import','menu','Import products','2023-07-02 19:58:54','2023-07-02 19:58:54'),(1564,1,'en','plugins/ecommerce/bulk-import','download-csv-file','Download CSV template','2023-07-02 19:58:54','2023-07-02 19:58:54'),(1565,1,'en','plugins/ecommerce/bulk-import','download-excel-file','Download Excel template','2023-07-02 19:58:54','2023-07-02 19:58:54'),(1566,1,'en','plugins/ecommerce/bulk-import','downloading','Downloading...','2023-07-02 19:58:54','2023-07-02 19:58:54'),(1567,1,'en','plugins/ecommerce/bulk-import','export.template.input_error','Input error','2023-07-02 19:58:55','2023-07-02 19:58:55'),(1568,1,'en','plugins/ecommerce/bulk-import','export.template.number_not_allowed','Number is not allowed!','2023-07-02 19:58:55','2023-07-02 19:58:55'),(1569,1,'en','plugins/ecommerce/bulk-import','export.template.allowed_input','Allowed input','2023-07-02 19:58:55','2023-07-02 19:58:55'),(1570,1,'en','plugins/ecommerce/bulk-import','export.template.prompt_decimal','Only numbers or decimals are accepted and greater than or equal to :min.','2023-07-02 19:58:55','2023-07-02 19:58:55'),(1571,1,'en','plugins/ecommerce/bulk-import','export.template.prompt_whole_number','Only numbers are accepted and greater than or equal to :min.','2023-07-02 19:58:55','2023-07-02 19:58:55'),(1572,1,'en','plugins/ecommerce/bulk-import','export.template.prompt_list','Please pick a value from the drop-down list.','2023-07-02 19:58:55','2023-07-02 19:58:55'),(1573,1,'en','plugins/ecommerce/bulk-import','export.template.pick_from_list','Pick from list','2023-07-02 19:58:55','2023-07-02 19:58:55'),(1574,1,'en','plugins/ecommerce/bulk-import','export.template.value_not_in_list','Value is not in list.','2023-07-02 19:58:55','2023-07-02 19:58:55'),(1575,1,'en','plugins/ecommerce/bulk-import','import_failed_description','Import failed, please check the errors below!','2023-07-02 19:58:55','2023-07-02 19:58:55'),(1576,1,'en','plugins/ecommerce/bulk-import','column','Column','2023-07-02 19:58:55','2023-07-02 19:58:55'),(1577,1,'en','plugins/ecommerce/bulk-import','row','Row','2023-07-02 19:58:55','2023-07-02 19:58:55'),(1578,1,'en','plugins/ecommerce/bulk-import','attribute','Attribute','2023-07-02 19:58:55','2023-07-02 19:58:55'),(1579,1,'en','plugins/ecommerce/bulk-import','errors','Errors','2023-07-02 19:58:55','2023-07-02 19:58:55'),(1580,1,'en','plugins/ecommerce/bulk-import','import_types.name','Import type','2023-07-02 19:58:55','2023-07-02 19:58:55'),(1581,1,'en','plugins/ecommerce/bulk-import','import_types.all','All','2023-07-02 19:58:55','2023-07-02 19:58:55'),(1582,1,'en','plugins/ecommerce/bulk-import','import_types.products','Products','2023-07-02 19:58:55','2023-07-02 19:58:55'),(1583,1,'en','plugins/ecommerce/bulk-import','import_types.variations','Variations','2023-07-02 19:58:55','2023-07-02 19:58:55'),(1584,1,'en','plugins/ecommerce/bulk-import','import_products','Import products','2023-07-02 19:58:55','2023-07-02 19:58:55'),(1585,1,'en','plugins/ecommerce/currency','currencies','Currencies','2023-07-02 19:58:55','2023-07-02 19:58:55'),(1586,1,'en','plugins/ecommerce/currency','setting_description','List of currencies using on website','2023-07-02 19:58:55','2023-07-02 19:58:55'),(1587,1,'en','plugins/ecommerce/currency','name','Name','2023-07-02 19:58:55','2023-07-02 19:58:55'),(1588,1,'en','plugins/ecommerce/currency','symbol','Symbol','2023-07-02 19:58:55','2023-07-02 19:58:55'),(1589,1,'en','plugins/ecommerce/currency','number_of_decimals','Number of decimals','2023-07-02 19:58:55','2023-07-02 19:58:55'),(1590,1,'en','plugins/ecommerce/currency','exchange_rate','Exchange rate','2023-07-02 19:58:55','2023-07-02 19:58:55'),(1591,1,'en','plugins/ecommerce/currency','is_prefix_symbol','Position of symbol','2023-07-02 19:58:55','2023-07-02 19:58:55'),(1592,1,'en','plugins/ecommerce/currency','is_default','Is default?','2023-07-02 19:58:55','2023-07-02 19:58:55'),(1593,1,'en','plugins/ecommerce/currency','remove','Remove','2023-07-02 19:58:55','2023-07-02 19:58:55'),(1594,1,'en','plugins/ecommerce/currency','new_currency','Add a new currency','2023-07-02 19:58:55','2023-07-02 19:58:55'),(1595,1,'en','plugins/ecommerce/currency','save_settings','Save settings','2023-07-02 19:58:55','2023-07-02 19:58:55'),(1596,1,'en','plugins/ecommerce/currency','before_number','Before number','2023-07-02 19:58:55','2023-07-02 19:58:55'),(1597,1,'en','plugins/ecommerce/currency','after_number','After number','2023-07-02 19:58:55','2023-07-02 19:58:55'),(1598,1,'en','plugins/ecommerce/currency','require_at_least_one_currency','The system requires at least one currency!','2023-07-02 19:58:55','2023-07-02 19:58:55'),(1599,1,'en','plugins/ecommerce/currency','enable_auto_detect_visitor_currency','Enable auto-detect visitor currency?','2023-07-02 19:58:55','2023-07-02 19:58:55'),(1600,1,'en','plugins/ecommerce/currency','auto_detect_visitor_currency_description','It detects visitor currency based on browser language. It will override default currency selection.','2023-07-02 19:58:55','2023-07-02 19:58:55'),(1601,1,'en','plugins/ecommerce/currency','add_space_between_price_and_currency','Add a space between price and currency?','2023-07-02 19:58:55','2023-07-02 19:58:55'),(1602,1,'en','plugins/ecommerce/currency','invalid_currency_name','Invalid currency code, it must be in :currencies.','2023-07-02 19:58:55','2023-07-02 19:58:55'),(1603,1,'en','plugins/ecommerce/currency','instruction','Please check list currency code here: https://en.wikipedia.org/wiki/ISO_4217','2023-07-02 19:58:55','2023-07-02 19:58:55'),(1604,1,'en','plugins/ecommerce/currency','code','Code','2023-07-02 19:58:55','2023-07-02 19:58:55'),(1605,1,'en','plugins/ecommerce/currency','api_key','API exchange rates key','2023-07-02 19:58:55','2023-07-02 19:58:55'),(1606,1,'en','plugins/ecommerce/currency','update_currency_rates','Update currency rates','2023-07-02 19:58:55','2023-07-02 19:58:55'),(1607,1,'en','plugins/ecommerce/currency','clear_cache_rates','Clear cache rates','2023-07-02 19:58:55','2023-07-02 19:58:55'),(1608,1,'en','plugins/ecommerce/currency','no_api_key','No API key','2023-07-02 19:58:55','2023-07-02 19:58:55'),(1609,1,'en','plugins/ecommerce/currency','api_key_helper','Get exchange rate API key on :link','2023-07-02 19:58:55','2023-07-02 19:58:55'),(1610,1,'en','plugins/ecommerce/currency','use_exchange_rate_from_api','Use exchange rate from API?','2023-07-02 19:58:55','2023-07-02 19:58:55'),(1611,1,'en','plugins/ecommerce/currency','clear_cache_rates_successfully','Clear cache currency rates successfully.','2023-07-02 19:58:55','2023-07-02 19:58:55'),(1612,1,'en','plugins/ecommerce/customer','name','Customers','2023-07-02 19:58:55','2023-07-02 19:58:55'),(1613,1,'en','plugins/ecommerce/customer','create','Create a customer','2023-07-02 19:58:55','2023-07-02 19:58:55'),(1614,1,'en','plugins/ecommerce/customer','edit','Edit customer \":name\"','2023-07-02 19:58:55','2023-07-02 19:58:55'),(1615,1,'en','plugins/ecommerce/customer','email','Email','2023-07-02 19:58:55','2023-07-02 19:58:55'),(1616,1,'en','plugins/ecommerce/customer','email_placeholder','Ex: example@gmail.com','2023-07-02 19:58:55','2023-07-02 19:58:55'),(1617,1,'en','plugins/ecommerce/customer','password','Password','2023-07-02 19:58:55','2023-07-02 19:58:55'),(1618,1,'en','plugins/ecommerce/customer','change_password','Change password?','2023-07-02 19:58:55','2023-07-02 19:58:55'),(1619,1,'en','plugins/ecommerce/customer','password_confirmation','Password confirmation','2023-07-02 19:58:55','2023-07-02 19:58:55'),(1620,1,'en','plugins/ecommerce/customer','intro.title','Manage customers','2023-07-02 19:58:55','2023-07-02 19:58:55'),(1621,1,'en','plugins/ecommerce/customer','intro.description','When a customer buy your product(s), you will know their order histories.','2023-07-02 19:58:55','2023-07-02 19:58:55'),(1622,1,'en','plugins/ecommerce/customer','intro.button_text','Create customer','2023-07-02 19:58:55','2023-07-02 19:58:55'),(1623,1,'en','plugins/ecommerce/customer','phone','Phone','2023-07-02 19:58:55','2023-07-02 19:58:55'),(1624,1,'en','plugins/ecommerce/customer','phone_placeholder','Phone','2023-07-02 19:58:55','2023-07-02 19:58:55'),(1625,1,'en','plugins/ecommerce/customer','avatar','Avatar','2023-07-02 19:58:55','2023-07-02 19:58:55'),(1626,1,'en','plugins/ecommerce/customer','dob','Date of birth','2023-07-02 19:58:55','2023-07-02 19:58:55'),(1627,1,'en','plugins/ecommerce/customer','statuses.activated','Activated','2023-07-02 19:58:55','2023-07-02 19:58:55'),(1628,1,'en','plugins/ecommerce/customer','statuses.locked','Locked','2023-07-02 19:58:55','2023-07-02 19:58:55'),(1629,1,'en','plugins/ecommerce/customer','email_verified','Email verified?','2023-07-02 19:58:55','2023-07-02 19:58:55'),(1630,1,'en','plugins/ecommerce/customer','verify_email.confirm_heading','Verify email confirmation','2023-07-02 19:58:55','2023-07-02 19:58:55'),(1631,1,'en','plugins/ecommerce/customer','verify_email.confirm_description','Are you sure you want to verify email this customer?','2023-07-02 19:58:55','2023-07-02 19:58:55'),(1632,1,'en','plugins/ecommerce/customer','verify_email.notification','This customer is not verified email yet? :approve_link to verify email.','2023-07-02 19:58:55','2023-07-02 19:58:55'),(1633,1,'en','plugins/ecommerce/customer','verify_email.approve_here','click here','2023-07-02 19:58:55','2023-07-02 19:58:55'),(1634,1,'en','plugins/ecommerce/customer','verify_email.confirm_button','Verify','2023-07-02 19:58:55','2023-07-02 19:58:55'),(1635,1,'en','plugins/ecommerce/discount','name','Discounts','2023-07-02 19:58:55','2023-07-02 19:58:55'),(1636,1,'en','plugins/ecommerce/discount','create','Create discount','2023-07-02 19:58:55','2023-07-02 19:58:55'),(1637,1,'en','plugins/ecommerce/discount','invalid_coupon','This coupon is invalid or expired!','2023-07-02 19:58:55','2023-07-02 19:58:55'),(1638,1,'en','plugins/ecommerce/discount','cannot_use_same_time_with_other_discount_program','Cannot use this coupon in the same time with other discount program!','2023-07-02 19:58:55','2023-07-02 19:58:55'),(1639,1,'en','plugins/ecommerce/discount','not_used','This coupon is not used yet!','2023-07-02 19:58:55','2023-07-02 19:58:55'),(1640,1,'en','plugins/ecommerce/discount','detail','Detail','2023-07-02 19:58:55','2023-07-02 19:58:55'),(1641,1,'en','plugins/ecommerce/discount','used','Used','2023-07-02 19:58:55','2023-07-02 19:58:55'),(1642,1,'en','plugins/ecommerce/discount','intro.title','Manage discount/coupon code','2023-07-02 19:58:55','2023-07-02 19:58:55'),(1643,1,'en','plugins/ecommerce/discount','intro.description','Create coupon code or promotion for your products.','2023-07-02 19:58:55','2023-07-02 19:58:55'),(1644,1,'en','plugins/ecommerce/discount','intro.button_text','Create discount','2023-07-02 19:58:55','2023-07-02 19:58:55'),(1645,1,'en','plugins/ecommerce/discount','expired','Expired','2023-07-02 19:58:55','2023-07-02 19:58:55'),(1646,1,'en','plugins/ecommerce/discount','discount_promotion','Discount promotion','2023-07-02 19:58:55','2023-07-02 19:58:55'),(1647,1,'en','plugins/ecommerce/discount','can','can','2023-07-02 19:58:55','2023-07-02 19:58:55'),(1648,1,'en','plugins/ecommerce/discount','cannot','cannot','2023-07-02 19:58:55','2023-07-02 19:58:55'),(1649,1,'en','plugins/ecommerce/discount','use_with_promotion','be used with promotion','2023-07-02 19:58:55','2023-07-02 19:58:55'),(1650,1,'en','plugins/ecommerce/discount','create_discount_validate_title_required_if','Please enter the name of the promotion','2023-07-02 19:58:55','2023-07-02 19:58:55'),(1651,1,'en','plugins/ecommerce/discount','create_discount_validate_code_required_if','Please enter the promotion code','2023-07-02 19:58:55','2023-07-02 19:58:55'),(1652,1,'en','plugins/ecommerce/discount','create_discount_validate_value_required','Amount must be greater than 0','2023-07-02 19:58:55','2023-07-02 19:58:55'),(1653,1,'en','plugins/ecommerce/discount','create_discount_validate_target_required','No object selected for promotion','2023-07-02 19:58:55','2023-07-02 19:58:55'),(1654,1,'en','plugins/ecommerce/discount','enums.type-options.amount','Amount - Fixed','2023-07-02 19:58:55','2023-07-02 19:58:55'),(1655,1,'en','plugins/ecommerce/discount','enums.type-options.percentage','Discount %','2023-07-02 19:58:55','2023-07-02 19:58:55'),(1656,1,'en','plugins/ecommerce/discount','enums.type-options.shipping','Free shipping','2023-07-02 19:58:55','2023-07-02 19:58:55'),(1657,1,'en','plugins/ecommerce/discount','enums.type-options.same-price','Same price','2023-07-02 19:58:55','2023-07-02 19:58:55'),(1658,1,'en','plugins/ecommerce/discount','discount','Discount','2023-07-02 19:58:55','2023-07-02 19:58:55'),(1659,1,'en','plugins/ecommerce/discount','create_coupon_code','Create coupon code','2023-07-02 19:58:55','2023-07-02 19:58:55'),(1660,1,'en','plugins/ecommerce/discount','create_discount_promotion','Create discount promotion','2023-07-02 19:58:55','2023-07-02 19:58:55'),(1661,1,'en','plugins/ecommerce/discount','generate_coupon_code','Generate coupon code','2023-07-02 19:58:55','2023-07-02 19:58:55'),(1662,1,'en','plugins/ecommerce/discount','customers_will_enter_this_coupon_code_when_they_checkout','Customers will enter this coupon code when they checkout','2023-07-02 19:58:55','2023-07-02 19:58:55'),(1663,1,'en','plugins/ecommerce/discount','select_type_of_discount','Select type of discount','2023-07-02 19:58:55','2023-07-02 19:58:55'),(1664,1,'en','plugins/ecommerce/discount','coupon_code','Coupon code','2023-07-02 19:58:55','2023-07-02 19:58:55'),(1665,1,'en','plugins/ecommerce/discount','promotion','Promotion','2023-07-02 19:58:55','2023-07-02 19:58:55'),(1666,1,'en','plugins/ecommerce/discount','can_be_used_with_promotion','Can be used with promotion','2023-07-02 19:58:55','2023-07-02 19:58:55'),(1667,1,'en','plugins/ecommerce/discount','unlimited_coupon','Unlimited coupon','2023-07-02 19:58:55','2023-07-02 19:58:55'),(1668,1,'en','plugins/ecommerce/discount','enter_number','Enter number','2023-07-02 19:58:55','2023-07-02 19:58:55'),(1669,1,'en','plugins/ecommerce/discount','coupon_type','Coupon type','2023-07-02 19:58:55','2023-07-02 19:58:55'),(1670,1,'en','plugins/ecommerce/discount','percentage_discount','Percentage discount (%)','2023-07-02 19:58:55','2023-07-02 19:58:55'),(1671,1,'en','plugins/ecommerce/discount','free_shipping','Free shipping','2023-07-02 19:58:55','2023-07-02 19:58:55'),(1672,1,'en','plugins/ecommerce/discount','same_price','Same price','2023-07-02 19:58:55','2023-07-02 19:58:55'),(1673,1,'en','plugins/ecommerce/discount','apply_for','apply for','2023-07-02 19:58:55','2023-07-02 19:58:55'),(1674,1,'en','plugins/ecommerce/discount','all_orders','All orders','2023-07-02 19:58:55','2023-07-02 19:58:55'),(1675,1,'en','plugins/ecommerce/discount','order_amount_from','Order amount from','2023-07-02 19:58:55','2023-07-02 19:58:55'),(1676,1,'en','plugins/ecommerce/discount','product_collection','Product collection','2023-07-02 19:58:55','2023-07-02 19:58:55'),(1677,1,'en','plugins/ecommerce/discount','product','Product','2023-07-02 19:58:55','2023-07-02 19:58:55'),(1678,1,'en','plugins/ecommerce/discount','customer','Customer','2023-07-02 19:58:55','2023-07-02 19:58:55'),(1679,1,'en','plugins/ecommerce/discount','variant','Variant','2023-07-02 19:58:55','2023-07-02 19:58:55'),(1680,1,'en','plugins/ecommerce/discount','search_product','Search product','2023-07-02 19:58:55','2023-07-02 19:58:55'),(1681,1,'en','plugins/ecommerce/discount','no_products_found','No products found!','2023-07-02 19:58:55','2023-07-02 19:58:55'),(1682,1,'en','plugins/ecommerce/discount','search_customer','Search customer','2023-07-02 19:58:55','2023-07-02 19:58:55'),(1683,1,'en','plugins/ecommerce/discount','no_customer_found','No customer found!','2023-07-02 19:58:55','2023-07-02 19:58:55'),(1684,1,'en','plugins/ecommerce/discount','one_time_per_order','One time per order','2023-07-02 19:58:55','2023-07-02 19:58:55'),(1685,1,'en','plugins/ecommerce/discount','one_time_per_product_in_cart','One time per product in cart','2023-07-02 19:58:55','2023-07-02 19:58:55'),(1686,1,'en','plugins/ecommerce/discount','number_of_products','Number of products required to apply','2023-07-02 19:58:55','2023-07-02 19:58:55'),(1687,1,'en','plugins/ecommerce/discount','selected_products','Selected products','2023-07-02 19:58:55','2023-07-02 19:58:55'),(1688,1,'en','plugins/ecommerce/discount','selected_customers','Selected customers','2023-07-02 19:58:55','2023-07-02 19:58:55'),(1689,1,'en','plugins/ecommerce/discount','time','Time','2023-07-02 19:58:55','2023-07-02 19:58:55'),(1690,1,'en','plugins/ecommerce/discount','start_date','Start date','2023-07-02 19:58:55','2023-07-02 19:58:55'),(1691,1,'en','plugins/ecommerce/discount','end_date','End date','2023-07-02 19:58:55','2023-07-02 19:58:55'),(1692,1,'en','plugins/ecommerce/discount','never_expired','Never expired','2023-07-02 19:58:55','2023-07-02 19:58:55'),(1693,1,'en','plugins/ecommerce/discount','save','Save','2023-07-02 19:58:55','2023-07-02 19:58:55'),(1694,1,'en','plugins/ecommerce/discount','enter_promotion_name','Enter promotion name','2023-07-02 19:58:55','2023-07-02 19:58:55'),(1695,1,'en','plugins/ecommerce/discount','enter_coupon_name','Enter coupon name','2023-07-02 19:58:55','2023-07-02 19:58:55'),(1696,1,'en','plugins/ecommerce/discount','cancel','Cancel','2023-07-02 19:58:55','2023-07-02 19:58:55'),(1697,1,'en','plugins/ecommerce/discount','is','Is','2023-07-02 19:58:55','2023-07-02 19:58:55'),(1698,1,'en','plugins/ecommerce/discount','when_shipping_fee_less_than','when shipping fee less than','2023-07-02 19:58:55','2023-07-02 19:58:55'),(1699,1,'en','plugins/ecommerce/discount','minimum_order_amount_error','You are under :minimum_amount to apply the coupon, you must add :add_more more items to your cart','2023-07-02 19:58:55','2023-07-02 19:58:55'),(1700,1,'en','plugins/ecommerce/discount','once_per_customer','Once per customer','2023-07-02 19:58:55','2023-07-02 19:58:55'),(1701,1,'en','plugins/ecommerce/discount','you_need_login_to_use_coupon_code','You need to login to use this coupon code','2023-07-02 19:58:55','2023-07-02 19:58:55'),(1702,1,'en','plugins/ecommerce/discount','you_used_coupon_code','You have already used this coupon code','2023-07-02 19:58:55','2023-07-02 19:58:55'),(1703,1,'en','plugins/ecommerce/discount','customer_used_coupon_code','Customers who have used this discount code','2023-07-02 19:58:55','2023-07-02 19:58:55'),(1704,1,'en','plugins/ecommerce/ecommerce','settings','Settings','2023-07-02 19:58:55','2023-07-02 19:58:55'),(1705,1,'en','plugins/ecommerce/ecommerce','name','Ecommerce','2023-07-02 19:58:55','2023-07-02 19:58:55'),(1706,1,'en','plugins/ecommerce/ecommerce','setting.email.title','E-commerce','2023-07-02 19:58:55','2023-07-02 19:58:55'),(1707,1,'en','plugins/ecommerce/ecommerce','setting.email.description','Ecommerce email config','2023-07-02 19:58:55','2023-07-02 19:58:55'),(1708,1,'en','plugins/ecommerce/ecommerce','setting.email.order_confirm_subject','Subject of order confirmation email','2023-07-02 19:58:55','2023-07-02 19:58:55'),(1709,1,'en','plugins/ecommerce/ecommerce','setting.email.order_confirm_subject_placeholder','The subject of email confirmation send to the customer','2023-07-02 19:58:55','2023-07-02 19:58:55'),(1710,1,'en','plugins/ecommerce/ecommerce','setting.email.order_confirm_content','Content of order confirmation email','2023-07-02 19:58:55','2023-07-02 19:58:55'),(1711,1,'en','plugins/ecommerce/ecommerce','setting.email.order_status_change_subject','Subject of email when changing order\'s status','2023-07-02 19:58:56','2023-07-02 19:58:56'),(1712,1,'en','plugins/ecommerce/ecommerce','setting.email.order_status_change_subject_placeholder','Subject of email when changing order\'s status send to customer','2023-07-02 19:58:56','2023-07-02 19:58:56'),(1713,1,'en','plugins/ecommerce/ecommerce','setting.email.order_status_change_content','Content of email when changing order\'s status','2023-07-02 19:58:56','2023-07-02 19:58:56'),(1714,1,'en','plugins/ecommerce/ecommerce','setting.email.from_email','Email from','2023-07-02 19:58:56','2023-07-02 19:58:56'),(1715,1,'en','plugins/ecommerce/ecommerce','setting.email.from_email_placeholder','Email from address to display in mail. Ex: example@gmail.com','2023-07-02 19:58:56','2023-07-02 19:58:56'),(1716,1,'en','plugins/ecommerce/ecommerce','setting.title','Basic information','2023-07-02 19:58:56','2023-07-02 19:58:56'),(1717,1,'en','plugins/ecommerce/ecommerce','setting.state','State','2023-07-02 19:58:56','2023-07-02 19:58:56'),(1718,1,'en','plugins/ecommerce/ecommerce','setting.city','City','2023-07-02 19:58:56','2023-07-02 19:58:56'),(1719,1,'en','plugins/ecommerce/ecommerce','setting.country','Country','2023-07-02 19:58:56','2023-07-02 19:58:56'),(1720,1,'en','plugins/ecommerce/ecommerce','setting.weight_unit_gram','Gram (g)','2023-07-02 19:58:56','2023-07-02 19:58:56'),(1721,1,'en','plugins/ecommerce/ecommerce','setting.weight_unit_kilogram','Kilogram (kg)','2023-07-02 19:58:56','2023-07-02 19:58:56'),(1722,1,'en','plugins/ecommerce/ecommerce','setting.weight_unit_lb','Pound (lb)','2023-07-02 19:58:56','2023-07-02 19:58:56'),(1723,1,'en','plugins/ecommerce/ecommerce','setting.weight_unit_oz','Ounce (oz)','2023-07-02 19:58:56','2023-07-02 19:58:56'),(1724,1,'en','plugins/ecommerce/ecommerce','setting.height_unit_cm','Centimeter (cm)','2023-07-02 19:58:56','2023-07-02 19:58:56'),(1725,1,'en','plugins/ecommerce/ecommerce','setting.height_unit_m','Meter (m)','2023-07-02 19:58:56','2023-07-02 19:58:56'),(1726,1,'en','plugins/ecommerce/ecommerce','setting.height_unit_inch','Inch','2023-07-02 19:58:56','2023-07-02 19:58:56'),(1727,1,'en','plugins/ecommerce/ecommerce','setting.store_locator_title','Store locators','2023-07-02 19:58:56','2023-07-02 19:58:56'),(1728,1,'en','plugins/ecommerce/ecommerce','setting.store_locator_description','All the lists of your chains, main stores, branches, etc. The locations can be used to track sales and to help us configure tax rates to charge when selling products.','2023-07-02 19:58:56','2023-07-02 19:58:56'),(1729,1,'en','plugins/ecommerce/ecommerce','setting.phone','Phone','2023-07-02 19:58:56','2023-07-02 19:58:56'),(1730,1,'en','plugins/ecommerce/ecommerce','setting.email_address','Email','2023-07-02 19:58:56','2023-07-02 19:58:56'),(1731,1,'en','plugins/ecommerce/ecommerce','setting.address','Address','2023-07-02 19:58:56','2023-07-02 19:58:56'),(1732,1,'en','plugins/ecommerce/ecommerce','setting.is_primary','Primary?','2023-07-02 19:58:56','2023-07-02 19:58:56'),(1733,1,'en','plugins/ecommerce/ecommerce','setting.add_new','Add new','2023-07-02 19:58:56','2023-07-02 19:58:56'),(1734,1,'en','plugins/ecommerce/ecommerce','setting.or','Or','2023-07-02 19:58:56','2023-07-02 19:58:56'),(1735,1,'en','plugins/ecommerce/ecommerce','setting.change_primary_store','change default store locator','2023-07-02 19:58:56','2023-07-02 19:58:56'),(1736,1,'en','plugins/ecommerce/ecommerce','setting.other_settings','Other settings','2023-07-02 19:58:56','2023-07-02 19:58:56'),(1737,1,'en','plugins/ecommerce/ecommerce','setting.other_settings_description','Settings for cart, review...','2023-07-02 19:58:56','2023-07-02 19:58:56'),(1738,1,'en','plugins/ecommerce/ecommerce','setting.enable_cart','Enable shopping cart?','2023-07-02 19:58:56','2023-07-02 19:58:56'),(1739,1,'en','plugins/ecommerce/ecommerce','setting.enable_tax','Enable tax?','2023-07-02 19:58:56','2023-07-02 19:58:56'),(1740,1,'en','plugins/ecommerce/ecommerce','setting.display_product_price_including_taxes','Display product price including taxes?','2023-07-02 19:58:56','2023-07-02 19:58:56'),(1741,1,'en','plugins/ecommerce/ecommerce','setting.enable_review','Enable review?','2023-07-02 19:58:56','2023-07-02 19:58:56'),(1742,1,'en','plugins/ecommerce/ecommerce','setting.enable_quick_buy_button','Enable quick buy button?','2023-07-02 19:58:56','2023-07-02 19:58:56'),(1743,1,'en','plugins/ecommerce/ecommerce','setting.quick_buy_target','Quick buy target page?','2023-07-02 19:58:56','2023-07-02 19:58:56'),(1744,1,'en','plugins/ecommerce/ecommerce','setting.checkout_page','Checkout page','2023-07-02 19:58:56','2023-07-02 19:58:56'),(1745,1,'en','plugins/ecommerce/ecommerce','setting.cart_page','Cart page','2023-07-02 19:58:56','2023-07-02 19:58:56'),(1746,1,'en','plugins/ecommerce/ecommerce','setting.add_location','Add location','2023-07-02 19:58:56','2023-07-02 19:58:56'),(1747,1,'en','plugins/ecommerce/ecommerce','setting.edit_location','Edit location','2023-07-02 19:58:56','2023-07-02 19:58:56'),(1748,1,'en','plugins/ecommerce/ecommerce','setting.delete_location','Delete location','2023-07-02 19:58:56','2023-07-02 19:58:56'),(1749,1,'en','plugins/ecommerce/ecommerce','setting.change_primary_location','Change primary location','2023-07-02 19:58:56','2023-07-02 19:58:56'),(1750,1,'en','plugins/ecommerce/ecommerce','setting.delete_location_confirmation','Are you sure you want to delete this location? This action cannot be undo.','2023-07-02 19:58:56','2023-07-02 19:58:56'),(1751,1,'en','plugins/ecommerce/ecommerce','setting.save_location','Save location','2023-07-02 19:58:56','2023-07-02 19:58:56'),(1752,1,'en','plugins/ecommerce/ecommerce','setting.accept','Accept','2023-07-02 19:58:56','2023-07-02 19:58:56'),(1753,1,'en','plugins/ecommerce/ecommerce','setting.select_country','Select country...','2023-07-02 19:58:56','2023-07-02 19:58:56'),(1754,1,'en','plugins/ecommerce/ecommerce','setting.zip_code_enabled','Enable Zip Code?','2023-07-02 19:58:56','2023-07-02 19:58:56'),(1755,1,'en','plugins/ecommerce/ecommerce','setting.thousands_separator','Thousands separator','2023-07-02 19:58:56','2023-07-02 19:58:56'),(1756,1,'en','plugins/ecommerce/ecommerce','setting.decimal_separator','Decimal separator','2023-07-02 19:58:56','2023-07-02 19:58:56'),(1757,1,'en','plugins/ecommerce/ecommerce','setting.separator_period','Period (.)','2023-07-02 19:58:56','2023-07-02 19:58:56'),(1758,1,'en','plugins/ecommerce/ecommerce','setting.separator_comma','Comma (,)','2023-07-02 19:58:56','2023-07-02 19:58:56'),(1759,1,'en','plugins/ecommerce/ecommerce','setting.separator_space','Space ( )','2023-07-02 19:58:56','2023-07-02 19:58:56'),(1760,1,'en','plugins/ecommerce/ecommerce','setting.available_countries','Available countries','2023-07-02 19:58:56','2023-07-02 19:58:56'),(1761,1,'en','plugins/ecommerce/ecommerce','setting.all','All','2023-07-02 19:58:56','2023-07-02 19:58:56'),(1762,1,'en','plugins/ecommerce/ecommerce','setting.verify_customer_email','Verify customer\'s email?','2023-07-02 19:58:56','2023-07-02 19:58:56'),(1763,1,'en','plugins/ecommerce/ecommerce','setting.minimum_order_amount','Minimum order amount to place an order (:currency).','2023-07-02 19:58:56','2023-07-02 19:58:56'),(1764,1,'en','plugins/ecommerce/ecommerce','setting.enable_guest_checkout','Enable guest checkout?','2023-07-02 19:58:56','2023-07-02 19:58:56'),(1765,1,'en','plugins/ecommerce/ecommerce','setting.show_number_of_products','Show number of products in the product single','2023-07-02 19:58:56','2023-07-02 19:58:56'),(1766,1,'en','plugins/ecommerce/ecommerce','setting.payment_method_cod_minimum_amount','Minimum order amount - :currency (Optional)','2023-07-02 19:58:56','2023-07-02 19:58:56'),(1767,1,'en','plugins/ecommerce/ecommerce','setting.review.max_file_size','Review max file size (MB)','2023-07-02 19:58:56','2023-07-02 19:58:56'),(1768,1,'en','plugins/ecommerce/ecommerce','setting.review.max_file_number','Review max file number','2023-07-02 19:58:56','2023-07-02 19:58:56'),(1769,1,'en','plugins/ecommerce/ecommerce','setting.using_custom_font_for_invoice','Using custom font for invoice?','2023-07-02 19:58:56','2023-07-02 19:58:56'),(1770,1,'en','plugins/ecommerce/ecommerce','setting.invoice_font_family','Invoice font family (Only work for Latin language)','2023-07-02 19:58:56','2023-07-02 19:58:56'),(1771,1,'en','plugins/ecommerce/ecommerce','setting.enable_invoice_stamp','Enable invoice stamp?','2023-07-02 19:58:56','2023-07-02 19:58:56'),(1772,1,'en','plugins/ecommerce/ecommerce','setting.invoice_support_arabic_language','Support Arabic language in invoice?','2023-07-02 19:58:56','2023-07-02 19:58:56'),(1773,1,'en','plugins/ecommerce/ecommerce','setting.disable_order_invoice_until_order_confirmed','Disable order invoice until order confirmed?','2023-07-02 19:58:56','2023-07-02 19:58:56'),(1774,1,'en','plugins/ecommerce/ecommerce','setting.vat_number','VAT number','2023-07-02 19:58:56','2023-07-02 19:58:56'),(1775,1,'en','plugins/ecommerce/ecommerce','setting.tax_id','Tax ID','2023-07-02 19:58:56','2023-07-02 19:58:56'),(1776,1,'en','plugins/ecommerce/ecommerce','setting.enable_recaptcha_in_register_page','Enable Recaptcha in the registration page?','2023-07-02 19:58:56','2023-07-02 19:58:56'),(1777,1,'en','plugins/ecommerce/ecommerce','setting.enable_math_captcha_in_register_page','Enable Math captcha in the registration page?','2023-07-02 19:58:56','2023-07-02 19:58:56'),(1778,1,'en','plugins/ecommerce/ecommerce','setting.enable_recaptcha_in_register_page_description','Need to setup Captcha in Admin -> Settings -> General first.','2023-07-02 19:58:56','2023-07-02 19:58:56'),(1779,1,'en','plugins/ecommerce/ecommerce','setting.show_out_of_stock_products','Show out of stock products?','2023-07-02 19:58:56','2023-07-02 19:58:56'),(1780,1,'en','plugins/ecommerce/ecommerce','setting.default_tax_rate','Default tax rate','2023-07-02 19:58:56','2023-07-02 19:58:56'),(1781,1,'en','plugins/ecommerce/ecommerce','setting.default_tax_rate_description','Important: it will be applied if no tax selected in product.','2023-07-02 19:58:56','2023-07-02 19:58:56'),(1782,1,'en','plugins/ecommerce/ecommerce','setting.how_to_display_product_variation_images','How to display product variation images?','2023-07-02 19:58:56','2023-07-02 19:58:56'),(1783,1,'en','plugins/ecommerce/ecommerce','setting.only_variation_images','Only variation images','2023-07-02 19:58:56','2023-07-02 19:58:56'),(1784,1,'en','plugins/ecommerce/ecommerce','setting.variation_images_and_main_product_images','Variation images + main product images','2023-07-02 19:58:56','2023-07-02 19:58:56'),(1785,1,'en','plugins/ecommerce/ecommerce','setting.load_countries_states_cities_from_location_plugin','Load countries, states, cities from plugin location?','2023-07-02 19:58:56','2023-07-02 19:58:56'),(1786,1,'en','plugins/ecommerce/ecommerce','setting.load_countries_states_cities_from_location_plugin_placeholder','After changing this option, you need to update all addresses again. You should set it once.','2023-07-02 19:58:56','2023-07-02 19:58:56'),(1787,1,'en','plugins/ecommerce/ecommerce','setting.enable_wishlist','Enable wishlist?','2023-07-02 19:58:56','2023-07-02 19:58:56'),(1788,1,'en','plugins/ecommerce/ecommerce','setting.enable_compare','Enable compare?','2023-07-02 19:58:56','2023-07-02 19:58:56'),(1789,1,'en','plugins/ecommerce/ecommerce','setting.enable_order_tracking','Enable order tracking?','2023-07-02 19:58:56','2023-07-02 19:58:56'),(1790,1,'en','plugins/ecommerce/ecommerce','setting.recently_viewed.enable','Enable customer recently viewed products?','2023-07-02 19:58:56','2023-07-02 19:58:56'),(1791,1,'en','plugins/ecommerce/ecommerce','setting.recently_viewed.max','Maximum number of customer recently viewed products','2023-07-02 19:58:56','2023-07-02 19:58:56'),(1792,1,'en','plugins/ecommerce/ecommerce','setting.recently_viewed.max_helper','If you set 0, it will save all products.','2023-07-02 19:58:56','2023-07-02 19:58:56'),(1793,1,'en','plugins/ecommerce/ecommerce','setting.search_products','Search products','2023-07-02 19:58:56','2023-07-02 19:58:56'),(1794,1,'en','plugins/ecommerce/ecommerce','setting.search_products_description','Config rules to search products','2023-07-02 19:58:56','2023-07-02 19:58:56'),(1795,1,'en','plugins/ecommerce/ecommerce','setting.search_for_an_exact_phrase','Search for an exact phrase?','2023-07-02 19:58:56','2023-07-02 19:58:56'),(1796,1,'en','plugins/ecommerce/ecommerce','setting.search_products_by','Search products by:','2023-07-02 19:58:56','2023-07-02 19:58:56'),(1797,1,'en','plugins/ecommerce/ecommerce','setting.tracking_settings','Tracking settings','2023-07-02 19:58:56','2023-07-02 19:58:56'),(1798,1,'en','plugins/ecommerce/ecommerce','setting.tracking_settings_description','Manage tracking: UTM, Facebook, Google Tag Manager...','2023-07-02 19:58:56','2023-07-02 19:58:56'),(1799,1,'en','plugins/ecommerce/ecommerce','setting.enable_facebook_pixel','Enable Facebook Pixel (Meta Pixel)?','2023-07-02 19:58:56','2023-07-02 19:58:56'),(1800,1,'en','plugins/ecommerce/ecommerce','setting.facebook_pixel_id','Facebook Pixel ID','2023-07-02 19:58:56','2023-07-02 19:58:56'),(1801,1,'en','plugins/ecommerce/ecommerce','setting.facebook_pixel_helper','Go to https://developers.facebook.com/docs/meta-pixel to create Facebook Pixel.','2023-07-02 19:58:56','2023-07-02 19:58:56'),(1802,1,'en','plugins/ecommerce/ecommerce','setting.enable_google_tag_manager','Enable Google Tag Manager?','2023-07-02 19:58:56','2023-07-02 19:58:56'),(1803,1,'en','plugins/ecommerce/ecommerce','setting.google_tag_manager_code','Google Tag Manager code','2023-07-02 19:58:56','2023-07-02 19:58:56'),(1804,1,'en','plugins/ecommerce/ecommerce','setting.google_tag_manager_helper','Go to https://ads.google.com/aw/conversions to create Google Ads Conversions.','2023-07-02 19:58:56','2023-07-02 19:58:56'),(1805,1,'en','plugins/ecommerce/ecommerce','setting.webhook','Webhook','2023-07-02 19:58:56','2023-07-02 19:58:56'),(1806,1,'en','plugins/ecommerce/ecommerce','setting.webhook_description','Send webhook when order placed.','2023-07-02 19:58:56','2023-07-02 19:58:56'),(1807,1,'en','plugins/ecommerce/ecommerce','setting.shipping','Shipping','2023-07-02 19:58:56','2023-07-02 19:58:56'),(1808,1,'en','plugins/ecommerce/ecommerce','setting.shipping_description','Settings for shipping','2023-07-02 19:58:56','2023-07-02 19:58:56'),(1809,1,'en','plugins/ecommerce/ecommerce','setting.hide_other_shipping_options_if_it_has_free_shipping','Hide other shipping options if it has free shipping in the list?','2023-07-02 19:58:56','2023-07-02 19:58:56'),(1810,1,'en','plugins/ecommerce/ecommerce','setting.order_placed_webhook_url','Order placed webhook URL (method: POST)','2023-07-02 19:58:56','2023-07-02 19:58:56'),(1811,1,'en','plugins/ecommerce/ecommerce','setting.return_request','Return Request','2023-07-02 19:58:56','2023-07-02 19:58:56'),(1812,1,'en','plugins/ecommerce/ecommerce','setting.return_request_description','Number of days a customer can request a return after the order is completed.','2023-07-02 19:58:56','2023-07-02 19:58:56'),(1813,1,'en','plugins/ecommerce/ecommerce','setting.returnable_days','Refundable days','2023-07-02 19:58:56','2023-07-02 19:58:56'),(1814,1,'en','plugins/ecommerce/ecommerce','setting.billing_address_enabled','Enable billing address?','2023-07-02 19:58:56','2023-07-02 19:58:56'),(1815,1,'en','plugins/ecommerce/ecommerce','setting.activate_custom_return_product_quantity','Activate custom return product quantity?','2023-07-02 19:58:56','2023-07-02 19:58:56'),(1816,1,'en','plugins/ecommerce/ecommerce','setting.allow_partial_return','Allow partial return?','2023-07-02 19:58:56','2023-07-02 19:58:56'),(1817,1,'en','plugins/ecommerce/ecommerce','setting.allow_partial_return_description','Customer can return a few products, do not need to return all products in an order.','2023-07-02 19:58:56','2023-07-02 19:58:56'),(1818,1,'en','plugins/ecommerce/ecommerce','setting.activate_custom_return_product_quantity_description','Allow customer to change the quantity of the product they want to return.','2023-07-02 19:58:56','2023-07-02 19:58:56'),(1819,1,'en','plugins/ecommerce/ecommerce','setting.digital_product','Digital product','2023-07-02 19:58:56','2023-07-02 19:58:56'),(1820,1,'en','plugins/ecommerce/ecommerce','setting.digital_product_title','Is enabled to support the digital products?','2023-07-02 19:58:56','2023-07-02 19:58:56'),(1821,1,'en','plugins/ecommerce/ecommerce','setting.allow_guest_checkout_for_digital_products','Allow guest checkout for digital products?','2023-07-02 19:58:56','2023-07-02 19:58:56'),(1822,1,'en','plugins/ecommerce/ecommerce','setting.company_settings','Company settings','2023-07-02 19:58:56','2023-07-02 19:58:56'),(1823,1,'en','plugins/ecommerce/ecommerce','setting.company_settings_description','Settings Company information for invoicing','2023-07-02 19:58:56','2023-07-02 19:58:56'),(1824,1,'en','plugins/ecommerce/ecommerce','setting.company_name','Company name','2023-07-02 19:58:56','2023-07-02 19:58:56'),(1825,1,'en','plugins/ecommerce/ecommerce','setting.company_address','Company address','2023-07-02 19:58:56','2023-07-02 19:58:56'),(1826,1,'en','plugins/ecommerce/ecommerce','setting.company_zipcode','Company zipcode','2023-07-02 19:58:56','2023-07-02 19:58:56'),(1827,1,'en','plugins/ecommerce/ecommerce','setting.company_email','Company email','2023-07-02 19:58:56','2023-07-02 19:58:56'),(1828,1,'en','plugins/ecommerce/ecommerce','setting.company_phone','Company phone','2023-07-02 19:58:56','2023-07-02 19:58:56'),(1829,1,'en','plugins/ecommerce/ecommerce','setting.company_logo','Company logo','2023-07-02 19:58:56','2023-07-02 19:58:56'),(1830,1,'en','plugins/ecommerce/ecommerce','setting.company_tax_id','Company tax ID','2023-07-02 19:58:56','2023-07-02 19:58:56'),(1831,1,'en','plugins/ecommerce/ecommerce','setting.invoice_code_prefix','Invoice code prefix','2023-07-02 19:58:56','2023-07-02 19:58:56'),(1832,1,'en','plugins/ecommerce/ecommerce','setting.only_allow_customers_purchased_to_review','Only customers who have purchased the product can review the product?','2023-07-02 19:58:56','2023-07-02 19:58:56'),(1833,1,'en','plugins/ecommerce/ecommerce','setting.enable_order_auto_confirmed','Auto confirm order?','2023-07-02 19:58:56','2023-07-02 19:58:56'),(1834,1,'en','plugins/ecommerce/ecommerce','setting.is_enabled_order_return','Is enabled order return?','2023-07-02 19:58:56','2023-07-02 19:58:56'),(1835,1,'en','plugins/ecommerce/ecommerce','setting.is_enabled_product_options','Is enabled product options?','2023-07-02 19:58:56','2023-07-02 19:58:56'),(1836,1,'en','plugins/ecommerce/ecommerce','setting.exchange_rate.choose_api_provider','Choose API provider','2023-07-02 19:58:56','2023-07-02 19:58:56'),(1837,1,'en','plugins/ecommerce/ecommerce','setting.exchange_rate.select','-- Select --','2023-07-02 19:58:56','2023-07-02 19:58:56'),(1838,1,'en','plugins/ecommerce/ecommerce','setting.exchange_rate.provider.api_layer','API Layer','2023-07-02 19:58:56','2023-07-02 19:58:56'),(1839,1,'en','plugins/ecommerce/ecommerce','setting.exchange_rate.provider.open_exchange_rate','Open Exchange Rates','2023-07-02 19:58:56','2023-07-02 19:58:56'),(1840,1,'en','plugins/ecommerce/ecommerce','setting.exchange_rate.open_exchange_app_id','Open Exchange Rates App ID','2023-07-02 19:58:56','2023-07-02 19:58:56'),(1841,1,'en','plugins/ecommerce/ecommerce','setting.display_bank_info_at_the_checkout_success_page','Display bank info at the checkout success page?','2023-07-02 19:58:56','2023-07-02 19:58:56'),(1842,1,'en','plugins/ecommerce/ecommerce','setting.mandatory_form_fields_at_checkout','Mandatory fields at the checkout page:','2023-07-02 19:58:56','2023-07-02 19:58:56'),(1843,1,'en','plugins/ecommerce/ecommerce','setting.hide_form_fields_at_checkout','Hide customer fields at checkout page:','2023-07-02 19:58:56','2023-07-02 19:58:56'),(1844,1,'en','plugins/ecommerce/ecommerce','setting.display_tax_fields_at_checkout_page','Display tax information fields at the checkout page?','2023-07-02 19:58:56','2023-07-02 19:58:56'),(1845,1,'en','plugins/ecommerce/ecommerce','store_address','Store address','2023-07-02 19:58:56','2023-07-02 19:58:56'),(1846,1,'en','plugins/ecommerce/ecommerce','store_phone','Store phone','2023-07-02 19:58:56','2023-07-02 19:58:56'),(1847,1,'en','plugins/ecommerce/ecommerce','order_id','Order ID','2023-07-02 19:58:56','2023-07-02 19:58:56'),(1848,1,'en','plugins/ecommerce/ecommerce','order_token','Order token','2023-07-02 19:58:56','2023-07-02 19:58:56'),(1849,1,'en','plugins/ecommerce/ecommerce','customer_name','Customer name','2023-07-02 19:58:56','2023-07-02 19:58:56'),(1850,1,'en','plugins/ecommerce/ecommerce','customer_email','Customer email','2023-07-02 19:58:56','2023-07-02 19:58:56'),(1851,1,'en','plugins/ecommerce/ecommerce','customer_phone','Customer phone','2023-07-02 19:58:56','2023-07-02 19:58:56'),(1852,1,'en','plugins/ecommerce/ecommerce','customer_address','Customer address','2023-07-02 19:58:56','2023-07-02 19:58:56'),(1853,1,'en','plugins/ecommerce/ecommerce','product_list','List products in order','2023-07-02 19:58:56','2023-07-02 19:58:56'),(1854,1,'en','plugins/ecommerce/ecommerce','order_note','Order note','2023-07-02 19:58:56','2023-07-02 19:58:56'),(1855,1,'en','plugins/ecommerce/ecommerce','payment_detail','Payment detail','2023-07-02 19:58:56','2023-07-02 19:58:56'),(1856,1,'en','plugins/ecommerce/ecommerce','shipping_method','Shipping method','2023-07-02 19:58:56','2023-07-02 19:58:56'),(1857,1,'en','plugins/ecommerce/ecommerce','payment_method','Payment method','2023-07-02 19:58:56','2023-07-02 19:58:56'),(1858,1,'en','plugins/ecommerce/ecommerce','standard_and_format','Standard & Format','2023-07-02 19:58:56','2023-07-02 19:58:56'),(1859,1,'en','plugins/ecommerce/ecommerce','standard_and_format_description','Standards and formats are used to calculate things like product prices, shipping weights, and order times.','2023-07-02 19:58:57','2023-07-02 19:58:57'),(1860,1,'en','plugins/ecommerce/ecommerce','change_order_format','Edit order code format (optional)','2023-07-02 19:58:57','2023-07-02 19:58:57'),(1861,1,'en','plugins/ecommerce/ecommerce','change_order_format_description','The default order code starts at: number. You can change the start or end string to create the order code you want, for example \"DH-: number\" or \": number-A\"','2023-07-02 19:58:57','2023-07-02 19:58:57'),(1862,1,'en','plugins/ecommerce/ecommerce','start_with','Start with','2023-07-02 19:58:57','2023-07-02 19:58:57'),(1863,1,'en','plugins/ecommerce/ecommerce','end_with','End with','2023-07-02 19:58:57','2023-07-02 19:58:57'),(1864,1,'en','plugins/ecommerce/ecommerce','order_will_be_shown','Your order code will be shown','2023-07-02 19:58:57','2023-07-02 19:58:57'),(1865,1,'en','plugins/ecommerce/ecommerce','weight_unit','Unit of weight','2023-07-02 19:58:57','2023-07-02 19:58:57'),(1866,1,'en','plugins/ecommerce/ecommerce','height_unit','Unit length / height','2023-07-02 19:58:57','2023-07-02 19:58:57'),(1867,1,'en','plugins/ecommerce/ecommerce','theme_options.name','Ecommerce','2023-07-02 19:58:57','2023-07-02 19:58:57'),(1868,1,'en','plugins/ecommerce/ecommerce','theme_options.description','Theme options for Ecommerce','2023-07-02 19:58:57','2023-07-02 19:58:57'),(1869,1,'en','plugins/ecommerce/ecommerce','theme_options.number_products_per_page','Number of products per page','2023-07-02 19:58:57','2023-07-02 19:58:57'),(1870,1,'en','plugins/ecommerce/ecommerce','theme_options.number_of_cross_sale_product','Number of cross sale products in product detail page','2023-07-02 19:58:57','2023-07-02 19:58:57'),(1871,1,'en','plugins/ecommerce/ecommerce','theme_options.max_price_filter','Maximum price to filter','2023-07-02 19:58:57','2023-07-02 19:58:57'),(1872,1,'en','plugins/ecommerce/ecommerce','theme_options.logo_in_the_checkout_page','Logo in the checkout page (Default is the main logo)','2023-07-02 19:58:57','2023-07-02 19:58:57'),(1873,1,'en','plugins/ecommerce/ecommerce','basic_settings','Basic settings','2023-07-02 19:58:57','2023-07-02 19:58:57'),(1874,1,'en','plugins/ecommerce/ecommerce','advanced_settings','Advanced settings','2023-07-02 19:58:57','2023-07-02 19:58:57'),(1875,1,'en','plugins/ecommerce/ecommerce','product_review_list','Product review list','2023-07-02 19:58:57','2023-07-02 19:58:57'),(1876,1,'en','plugins/ecommerce/ecommerce','forms.duplicate','Duplicate','2023-07-02 19:58:57','2023-07-02 19:58:57'),(1877,1,'en','plugins/ecommerce/ecommerce','forms.duplicate_success_message','Duplicate product successfully!','2023-07-02 19:58:57','2023-07-02 19:58:57'),(1878,1,'en','plugins/ecommerce/email','customer_new_order_title','Order confirmation','2023-07-02 19:58:57','2023-07-02 19:58:57'),(1879,1,'en','plugins/ecommerce/email','customer_new_order_description','Send email confirmation to customer when an order placed','2023-07-02 19:58:57','2023-07-02 19:58:57'),(1880,1,'en','plugins/ecommerce/email','order_cancellation_title','Order cancellation','2023-07-02 19:58:57','2023-07-02 19:58:57'),(1881,1,'en','plugins/ecommerce/email','order_cancellation_description','Send to custom when they cancelled order','2023-07-02 19:58:57','2023-07-02 19:58:57'),(1882,1,'en','plugins/ecommerce/email','delivery_confirmation_title','Delivering confirmation','2023-07-02 19:58:57','2023-07-02 19:58:57'),(1883,1,'en','plugins/ecommerce/email','delivery_confirmation_description','Send to customer when order is delivering','2023-07-02 19:58:57','2023-07-02 19:58:57'),(1884,1,'en','plugins/ecommerce/email','order_delivered_title','Order delivered','2023-07-02 19:58:57','2023-07-02 19:58:57'),(1885,1,'en','plugins/ecommerce/email','order_delivered_description','Send to customer when order is delivered','2023-07-02 19:58:57','2023-07-02 19:58:57'),(1886,1,'en','plugins/ecommerce/email','admin_new_order_title','Notice about new order','2023-07-02 19:58:57','2023-07-02 19:58:57'),(1887,1,'en','plugins/ecommerce/email','admin_new_order_description','Send to administrators when an order placed','2023-07-02 19:58:57','2023-07-02 19:58:57'),(1888,1,'en','plugins/ecommerce/email','order_confirmation_title','Order confirmation','2023-07-02 19:58:57','2023-07-02 19:58:57'),(1889,1,'en','plugins/ecommerce/email','order_confirmation_description','Send to customer when they order was confirmed by admins','2023-07-02 19:58:57','2023-07-02 19:58:57'),(1890,1,'en','plugins/ecommerce/email','payment_confirmation_title','Payment confirmation','2023-07-02 19:58:57','2023-07-02 19:58:57'),(1891,1,'en','plugins/ecommerce/email','payment_confirmation_description','Send to customer when their payment was confirmed','2023-07-02 19:58:57','2023-07-02 19:58:57'),(1892,1,'en','plugins/ecommerce/email','order_recover_title','Incomplete order','2023-07-02 19:58:57','2023-07-02 19:58:57'),(1893,1,'en','plugins/ecommerce/email','order_recover_description','Send to custom to remind them about incomplete orders','2023-07-02 19:58:57','2023-07-02 19:58:57'),(1894,1,'en','plugins/ecommerce/email','view_order','View order','2023-07-02 19:58:57','2023-07-02 19:58:57'),(1895,1,'en','plugins/ecommerce/email','link_go_to_our_shop','or <a href=\":link\">Go to our shop</a>','2023-07-02 19:58:57','2023-07-02 19:58:57'),(1896,1,'en','plugins/ecommerce/email','order_number','Order number: <strong>:order_id</strong>','2023-07-02 19:58:57','2023-07-02 19:58:57'),(1897,1,'en','plugins/ecommerce/email','order_information','Order information:','2023-07-02 19:58:57','2023-07-02 19:58:57'),(1898,1,'en','plugins/ecommerce/email','order_return_request_title','Order return request','2023-07-02 19:58:57','2023-07-02 19:58:57'),(1899,1,'en','plugins/ecommerce/email','order_return_request_description','Send to customer when they return order','2023-07-02 19:58:57','2023-07-02 19:58:57'),(1900,1,'en','plugins/ecommerce/export','products.name','Export products','2023-07-02 19:58:57','2023-07-02 19:58:57'),(1901,1,'en','plugins/ecommerce/export','products.title','Export Products (CSV)','2023-07-02 19:58:57','2023-07-02 19:58:57'),(1902,1,'en','plugins/ecommerce/export','products.total_products','Total products','2023-07-02 19:58:57','2023-07-02 19:58:57'),(1903,1,'en','plugins/ecommerce/export','products.total_variations','Total variations','2023-07-02 19:58:57','2023-07-02 19:58:57'),(1904,1,'en','plugins/ecommerce/export','start_export','Start export','2023-07-02 19:58:57','2023-07-02 19:58:57'),(1905,1,'en','plugins/ecommerce/export','exporting','Exporting...','2023-07-02 19:58:57','2023-07-02 19:58:57'),(1906,1,'en','plugins/ecommerce/export','export','Export','2023-07-02 19:58:57','2023-07-02 19:58:57'),(1907,1,'en','plugins/ecommerce/flash-sale','name','Flash sales','2023-07-02 19:58:57','2023-07-02 19:58:57'),(1908,1,'en','plugins/ecommerce/flash-sale','create','New flash sale','2023-07-02 19:58:57','2023-07-02 19:58:57'),(1909,1,'en','plugins/ecommerce/flash-sale','edit','Edit flash sale','2023-07-02 19:58:57','2023-07-02 19:58:57'),(1910,1,'en','plugins/ecommerce/flash-sale','products','Products','2023-07-02 19:58:57','2023-07-02 19:58:57'),(1911,1,'en','plugins/ecommerce/invoice-template','name','Invoice template','2023-07-02 19:58:57','2023-07-02 19:58:57'),(1912,1,'en','plugins/ecommerce/invoice-template','setting','Invoice Settings','2023-07-02 19:58:57','2023-07-02 19:58:57'),(1913,1,'en','plugins/ecommerce/invoice-template','setting_description','Settings for Invoice template','2023-07-02 19:58:57','2023-07-02 19:58:57'),(1914,1,'en','plugins/ecommerce/invoice-template','setting_content','Content','2023-07-02 19:58:57','2023-07-02 19:58:57'),(1915,1,'en','plugins/ecommerce/invoice-template','preview','Preview','2023-07-02 19:58:57','2023-07-02 19:58:57'),(1916,1,'en','plugins/ecommerce/invoice-template','preview_heading','Preview Invoice template','2023-07-02 19:58:57','2023-07-02 19:58:57'),(1917,1,'en','plugins/ecommerce/invoice','name','Invoices','2023-07-02 19:58:57','2023-07-02 19:58:57'),(1918,1,'en','plugins/ecommerce/invoice','create','New invoice','2023-07-02 19:58:57','2023-07-02 19:58:57'),(1919,1,'en','plugins/ecommerce/invoice','edit','Edit invoice','2023-07-02 19:58:57','2023-07-02 19:58:57'),(1920,1,'en','plugins/ecommerce/invoice','print','Print Invoice','2023-07-02 19:58:57','2023-07-02 19:58:57'),(1921,1,'en','plugins/ecommerce/invoice','download','Download Invoice','2023-07-02 19:58:57','2023-07-02 19:58:57'),(1922,1,'en','plugins/ecommerce/invoice','heading','Invoice','2023-07-02 19:58:57','2023-07-02 19:58:57'),(1923,1,'en','plugins/ecommerce/invoice','invoice_for_job','','2023-07-02 19:58:57','2023-07-02 19:58:57'),(1924,1,'en','plugins/ecommerce/invoice','table.code','Code','2023-07-02 19:58:57','2023-07-02 19:58:57'),(1925,1,'en','plugins/ecommerce/invoice','table.amount','Amount','2023-07-02 19:58:57','2023-07-02 19:58:57'),(1926,1,'en','plugins/ecommerce/invoice','detail.invoice_for','Invoice For','2023-07-02 19:58:57','2023-07-02 19:58:57'),(1927,1,'en','plugins/ecommerce/invoice','detail.invoice_to','Invoice To','2023-07-02 19:58:57','2023-07-02 19:58:57'),(1928,1,'en','plugins/ecommerce/invoice','detail.tax_id','Tax ID','2023-07-02 19:58:57','2023-07-02 19:58:57'),(1929,1,'en','plugins/ecommerce/invoice','detail.code','Invoice Code','2023-07-02 19:58:57','2023-07-02 19:58:57'),(1930,1,'en','plugins/ecommerce/invoice','detail.issue_at','Issue At','2023-07-02 19:58:57','2023-07-02 19:58:57'),(1931,1,'en','plugins/ecommerce/invoice','detail.description','Description','2023-07-02 19:58:57','2023-07-02 19:58:57'),(1932,1,'en','plugins/ecommerce/invoice','detail.qty','Qty','2023-07-02 19:58:57','2023-07-02 19:58:57'),(1933,1,'en','plugins/ecommerce/invoice','detail.quantity','Quantity','2023-07-02 19:58:57','2023-07-02 19:58:57'),(1934,1,'en','plugins/ecommerce/invoice','detail.amount','Amount','2023-07-02 19:58:57','2023-07-02 19:58:57'),(1935,1,'en','plugins/ecommerce/invoice','detail.discount','Discount','2023-07-02 19:58:57','2023-07-02 19:58:57'),(1936,1,'en','plugins/ecommerce/invoice','detail.grand_total','Grand Total','2023-07-02 19:58:57','2023-07-02 19:58:57'),(1937,1,'en','plugins/ecommerce/invoice','detail.shipping_fee','Shipping Fee','2023-07-02 19:58:57','2023-07-02 19:58:57'),(1938,1,'en','plugins/ecommerce/invoice','detail.sub_total','Sub Total','2023-07-02 19:58:57','2023-07-02 19:58:57'),(1939,1,'en','plugins/ecommerce/invoice','detail.tax','Tax','2023-07-02 19:58:57','2023-07-02 19:58:57'),(1940,1,'en','plugins/ecommerce/invoice','detail.total','Total','2023-07-02 19:58:57','2023-07-02 19:58:57'),(1941,1,'en','plugins/ecommerce/invoice','detail.attributes','Attributes','2023-07-02 19:58:57','2023-07-02 19:58:57'),(1942,1,'en','plugins/ecommerce/invoice','detail.product_options','Product options','2023-07-02 19:58:57','2023-07-02 19:58:57'),(1943,1,'en','plugins/ecommerce/invoice','detail.license_code','License code','2023-07-02 19:58:57','2023-07-02 19:58:57'),(1944,1,'en','plugins/ecommerce/invoice','total_amount','Total Amount','2023-07-02 19:58:57','2023-07-02 19:58:57'),(1945,1,'en','plugins/ecommerce/invoice','payment_info','Payment Info','2023-07-02 19:58:57','2023-07-02 19:58:57'),(1946,1,'en','plugins/ecommerce/invoice','payment_method','Payment Method','2023-07-02 19:58:57','2023-07-02 19:58:57'),(1947,1,'en','plugins/ecommerce/invoice','payment_status','Payment Status','2023-07-02 19:58:57','2023-07-02 19:58:57'),(1948,1,'en','plugins/ecommerce/invoice','generate_invoices','Generate Invoices','2023-07-02 19:58:57','2023-07-02 19:58:57'),(1949,1,'en','plugins/ecommerce/invoice','generate_success_message','Generated :count invoices successfully','2023-07-02 19:58:57','2023-07-02 19:58:57'),(1950,1,'en','plugins/ecommerce/order','statuses.pending','Pending','2023-07-02 19:58:57','2023-07-02 19:58:57'),(1951,1,'en','plugins/ecommerce/order','statuses.processing','Processing','2023-07-02 19:58:57','2023-07-02 19:58:57'),(1952,1,'en','plugins/ecommerce/order','statuses.completed','Completed','2023-07-02 19:58:57','2023-07-02 19:58:57'),(1953,1,'en','plugins/ecommerce/order','statuses.canceled','Canceled','2023-07-02 19:58:57','2023-07-02 19:58:57'),(1954,1,'en','plugins/ecommerce/order','statuses.partial_returned','Partial returned','2023-07-02 19:58:57','2023-07-02 19:58:57'),(1955,1,'en','plugins/ecommerce/order','statuses.returned','Returned','2023-07-02 19:58:57','2023-07-02 19:58:57'),(1956,1,'en','plugins/ecommerce/order','return_statuses.pending','Pending','2023-07-02 19:58:57','2023-07-02 19:58:57'),(1957,1,'en','plugins/ecommerce/order','return_statuses.processing','Processing','2023-07-02 19:58:57','2023-07-02 19:58:57'),(1958,1,'en','plugins/ecommerce/order','return_statuses.completed','Completed','2023-07-02 19:58:57','2023-07-02 19:58:57'),(1959,1,'en','plugins/ecommerce/order','return_statuses.canceled','Canceled','2023-07-02 19:58:57','2023-07-02 19:58:57'),(1960,1,'en','plugins/ecommerce/order','menu','Orders','2023-07-02 19:58:57','2023-07-02 19:58:57'),(1961,1,'en','plugins/ecommerce/order','create','Create an order','2023-07-02 19:58:57','2023-07-02 19:58:57'),(1962,1,'en','plugins/ecommerce/order','cancel_error','The order is delivering or not completed','2023-07-02 19:58:57','2023-07-02 19:58:57'),(1963,1,'en','plugins/ecommerce/order','cancel_success','You do cancel the order successful','2023-07-02 19:58:57','2023-07-02 19:58:57'),(1964,1,'en','plugins/ecommerce/order','return_error','The order is delivering or not completed','2023-07-02 19:58:57','2023-07-02 19:58:57'),(1965,1,'en','plugins/ecommerce/order','return_success','Requested product(s) return successfully!','2023-07-02 19:58:57','2023-07-02 19:58:57'),(1966,1,'en','plugins/ecommerce/order','incomplete_order','Incomplete orders','2023-07-02 19:58:57','2023-07-02 19:58:57'),(1967,1,'en','plugins/ecommerce/order','order_id','Order ID','2023-07-02 19:58:57','2023-07-02 19:58:57'),(1968,1,'en','plugins/ecommerce/order','product_id','Product ID','2023-07-02 19:58:57','2023-07-02 19:58:57'),(1969,1,'en','plugins/ecommerce/order','customer_label','Customer','2023-07-02 19:58:57','2023-07-02 19:58:57'),(1970,1,'en','plugins/ecommerce/order','tax_amount','Tax Amount','2023-07-02 19:58:57','2023-07-02 19:58:57'),(1971,1,'en','plugins/ecommerce/order','shipping_amount','Shipping amount','2023-07-02 19:58:57','2023-07-02 19:58:57'),(1972,1,'en','plugins/ecommerce/order','payment_method','Payment method','2023-07-02 19:58:57','2023-07-02 19:58:57'),(1973,1,'en','plugins/ecommerce/order','payment_status_label','Payment status','2023-07-02 19:58:57','2023-07-02 19:58:57'),(1974,1,'en','plugins/ecommerce/order','manage_orders','Manage orders','2023-07-02 19:58:57','2023-07-02 19:58:57'),(1975,1,'en','plugins/ecommerce/order','order_intro_description','Once your store has orders, this is where you will process and track those orders.','2023-07-02 19:58:57','2023-07-02 19:58:57'),(1976,1,'en','plugins/ecommerce/order','create_new_order','Create a new order','2023-07-02 19:58:57','2023-07-02 19:58:57'),(1977,1,'en','plugins/ecommerce/order','manage_incomplete_orders','Manage incomplete orders','2023-07-02 19:58:57','2023-07-02 19:58:57'),(1978,1,'en','plugins/ecommerce/order','incomplete_orders_intro_description','Incomplete order is an order created when a customer adds a product to the cart, proceeds to fill out the purchase information but does not complete the checkout process.','2023-07-02 19:58:57','2023-07-02 19:58:57'),(1979,1,'en','plugins/ecommerce/order','invoice_for_order','Invoice for order','2023-07-02 19:58:57','2023-07-02 19:58:57'),(1980,1,'en','plugins/ecommerce/order','created','Created','2023-07-02 19:58:57','2023-07-02 19:58:57'),(1981,1,'en','plugins/ecommerce/order','invoice','Invoice','2023-07-02 19:58:57','2023-07-02 19:58:57'),(1982,1,'en','plugins/ecommerce/order','return','Order Return Request','2023-07-02 19:58:57','2023-07-02 19:58:57'),(1983,1,'en','plugins/ecommerce/order','is_return','Return checkbox','2023-07-02 19:58:57','2023-07-02 19:58:57'),(1984,1,'en','plugins/ecommerce/order','total_refund_amount','Total refund amount','2023-07-02 19:58:57','2023-07-02 19:58:57'),(1985,1,'en','plugins/ecommerce/order','total_amount_can_be_refunded','Total amount can be refunded','2023-07-02 19:58:57','2023-07-02 19:58:57'),(1986,1,'en','plugins/ecommerce/order','refund_reason','Refund reason','2023-07-02 19:58:57','2023-07-02 19:58:57'),(1987,1,'en','plugins/ecommerce/order','products','product(s)','2023-07-02 19:58:57','2023-07-02 19:58:57'),(1988,1,'en','plugins/ecommerce/order','default','Default','2023-07-02 19:58:57','2023-07-02 19:58:57'),(1989,1,'en','plugins/ecommerce/order','system','System','2023-07-02 19:58:57','2023-07-02 19:58:57'),(1990,1,'en','plugins/ecommerce/order','new_order_from','New order :order_id from :customer','2023-07-02 19:58:57','2023-07-02 19:58:57'),(1991,1,'en','plugins/ecommerce/order','confirmation_email_was_sent_to_customer','The email confirmation was sent to customer','2023-07-02 19:58:57','2023-07-02 19:58:57'),(1992,1,'en','plugins/ecommerce/order','address_name_required','The name field is required.','2023-07-02 19:58:57','2023-07-02 19:58:57'),(1993,1,'en','plugins/ecommerce/order','address_phone_required','The phone field is required.','2023-07-02 19:58:57','2023-07-02 19:58:57'),(1994,1,'en','plugins/ecommerce/order','address_email_required','The email field is required.','2023-07-02 19:58:57','2023-07-02 19:58:57'),(1995,1,'en','plugins/ecommerce/order','address_email_unique','The customer with that email is existed, please choose other email or login with this email!','2023-07-02 19:58:57','2023-07-02 19:58:57'),(1996,1,'en','plugins/ecommerce/order','address_state_required','The state field is required.','2023-07-02 19:58:57','2023-07-02 19:58:57'),(1997,1,'en','plugins/ecommerce/order','address_city_required','The city field is required.','2023-07-02 19:58:57','2023-07-02 19:58:57'),(1998,1,'en','plugins/ecommerce/order','address_country_required','The country field is required.','2023-07-02 19:58:57','2023-07-02 19:58:57'),(1999,1,'en','plugins/ecommerce/order','address_address_required','The address field is required.','2023-07-02 19:58:57','2023-07-02 19:58:57'),(2000,1,'en','plugins/ecommerce/order','address_zipcode_required','The zipcode field is required.','2023-07-02 19:58:57','2023-07-02 19:58:57'),(2001,1,'en','plugins/ecommerce/order','create_order_from_payment_page','Order was created from checkout page','2023-07-02 19:58:57','2023-07-02 19:58:57'),(2002,1,'en','plugins/ecommerce/order','create_order_from_admin_page','Order was created from admin page','2023-07-02 19:58:57','2023-07-02 19:58:57'),(2003,1,'en','plugins/ecommerce/order','order_was_verified_by','Order was verified by %user_name%','2023-07-02 19:58:57','2023-07-02 19:58:57'),(2004,1,'en','plugins/ecommerce/order','new_order','New order :order_id','2023-07-02 19:58:57','2023-07-02 19:58:57'),(2005,1,'en','plugins/ecommerce/order','payment_was_confirmed_by','Payment was confirmed (amount :money) by %user_name%','2023-07-02 19:58:57','2023-07-02 19:58:57'),(2006,1,'en','plugins/ecommerce/order','edit_order','Edit order :code','2023-07-02 19:58:57','2023-07-02 19:58:57'),(2007,1,'en','plugins/ecommerce/order','confirm_order_success','Confirm order successfully!','2023-07-02 19:58:57','2023-07-02 19:58:57'),(2008,1,'en','plugins/ecommerce/order','error_when_sending_email','There is an error when sending email','2023-07-02 19:58:57','2023-07-02 19:58:57'),(2009,1,'en','plugins/ecommerce/order','sent_confirmation_email_success','Sent confirmation email successfully!','2023-07-02 19:58:57','2023-07-02 19:58:57'),(2010,1,'en','plugins/ecommerce/order','order_was_sent_to_shipping_team','Order was sent to shipping team','2023-07-02 19:58:57','2023-07-02 19:58:57'),(2011,1,'en','plugins/ecommerce/order','by_username','by %user_name%','2023-07-02 19:58:57','2023-07-02 19:58:57'),(2012,1,'en','plugins/ecommerce/order','shipping_was_created_from','Shipping was created from order %order_id%','2023-07-02 19:58:57','2023-07-02 19:58:57'),(2013,1,'en','plugins/ecommerce/order','shipping_was_canceled_success','Shipping was cancelled successfully!','2023-07-02 19:58:57','2023-07-02 19:58:57'),(2014,1,'en','plugins/ecommerce/order','shipping_was_canceled_by','Shipping was cancelled by %user_name%','2023-07-02 19:58:57','2023-07-02 19:58:57'),(2015,1,'en','plugins/ecommerce/order','update_shipping_address_success','Update shipping address successfully!','2023-07-02 19:58:57','2023-07-02 19:58:57'),(2016,1,'en','plugins/ecommerce/order','order_was_canceled_by','Order was cancelled by %user_name%','2023-07-02 19:58:57','2023-07-02 19:58:57'),(2017,1,'en','plugins/ecommerce/order','order_was_returned_by','Order was returned by %user_name%','2023-07-02 19:58:57','2023-07-02 19:58:57'),(2018,1,'en','plugins/ecommerce/order','confirm_payment_success','Confirm payment successfully!','2023-07-02 19:58:57','2023-07-02 19:58:57'),(2019,1,'en','plugins/ecommerce/order','refund_amount_invalid','Refund amount must be lower or equal :price','2023-07-02 19:58:57','2023-07-02 19:58:57'),(2020,1,'en','plugins/ecommerce/order','number_of_products_invalid','Number of products refund is not valid!','2023-07-02 19:58:57','2023-07-02 19:58:57'),(2021,1,'en','plugins/ecommerce/order','cannot_found_payment_for_this_order','Cannot found payment for this order!','2023-07-02 19:58:57','2023-07-02 19:58:57'),(2022,1,'en','plugins/ecommerce/order','refund_success_with_price','Refund success :price','2023-07-02 19:58:57','2023-07-02 19:58:57'),(2023,1,'en','plugins/ecommerce/order','refund_success','Refund successfully!','2023-07-02 19:58:57','2023-07-02 19:58:57'),(2024,1,'en','plugins/ecommerce/order','order_is_not_existed','Order is not existed!','2023-07-02 19:58:57','2023-07-02 19:58:57'),(2025,1,'en','plugins/ecommerce/order','reorder','Reorder','2023-07-02 19:58:57','2023-07-02 19:58:57'),(2026,1,'en','plugins/ecommerce/order','sent_email_incomplete_order_success','Sent email to remind about incomplete order successfully!','2023-07-02 19:58:57','2023-07-02 19:58:57'),(2027,1,'en','plugins/ecommerce/order','applied_coupon_success','Applied coupon \":code\" successfully!','2023-07-02 19:58:57','2023-07-02 19:58:57'),(2028,1,'en','plugins/ecommerce/order','new_order_notice','You have <span class=\"bold\">:count</span> New Order(s)','2023-07-02 19:58:57','2023-07-02 19:58:57'),(2029,1,'en','plugins/ecommerce/order','view_all','View all','2023-07-02 19:58:57','2023-07-02 19:58:57'),(2030,1,'en','plugins/ecommerce/order','cancel_order','Cancel order','2023-07-02 19:58:57','2023-07-02 19:58:57'),(2031,1,'en','plugins/ecommerce/order','order_canceled','Order canceled','2023-07-02 19:58:57','2023-07-02 19:58:57'),(2032,1,'en','plugins/ecommerce/order','order_was_canceled_at','Order was canceled at','2023-07-02 19:58:57','2023-07-02 19:58:57'),(2033,1,'en','plugins/ecommerce/order','return_order','Return order','2023-07-02 19:58:57','2023-07-02 19:58:57'),(2034,1,'en','plugins/ecommerce/order','order_returned','Order returned','2023-07-02 19:58:57','2023-07-02 19:58:57'),(2035,1,'en','plugins/ecommerce/order','order_was_returned_at','Order was returned at','2023-07-02 19:58:58','2023-07-02 19:58:58'),(2036,1,'en','plugins/ecommerce/order','completed','Completed','2023-07-02 19:58:58','2023-07-02 19:58:58'),(2037,1,'en','plugins/ecommerce/order','uncompleted','Uncompleted','2023-07-02 19:58:58','2023-07-02 19:58:58'),(2038,1,'en','plugins/ecommerce/order','sku','SKU','2023-07-02 19:58:58','2023-07-02 19:58:58'),(2039,1,'en','plugins/ecommerce/order','warehouse','Warehouse','2023-07-02 19:58:58','2023-07-02 19:58:58'),(2040,1,'en','plugins/ecommerce/order','sub_amount','Sub amount','2023-07-02 19:58:58','2023-07-02 19:58:58'),(2041,1,'en','plugins/ecommerce/order','coupon_code','Coupon code: \":code\"','2023-07-02 19:58:58','2023-07-02 19:58:58'),(2042,1,'en','plugins/ecommerce/order','shipping_fee','Shipping fee','2023-07-02 19:58:58','2023-07-02 19:58:58'),(2043,1,'en','plugins/ecommerce/order','tax','Tax','2023-07-02 19:58:58','2023-07-02 19:58:58'),(2044,1,'en','plugins/ecommerce/order','refunded_amount','Refunded amount','2023-07-02 19:58:58','2023-07-02 19:58:58'),(2045,1,'en','plugins/ecommerce/order','amount_received','The amount actually received','2023-07-02 19:58:58','2023-07-02 19:58:58'),(2046,1,'en','plugins/ecommerce/order','download_invoice','Download invoice','2023-07-02 19:58:58','2023-07-02 19:58:58'),(2047,1,'en','plugins/ecommerce/order','print_invoice','Print invoice','2023-07-02 19:58:58','2023-07-02 19:58:58'),(2048,1,'en','plugins/ecommerce/order','add_note','Add note...','2023-07-02 19:58:58','2023-07-02 19:58:58'),(2049,1,'en','plugins/ecommerce/order','order_was_confirmed','Order was confirmed','2023-07-02 19:58:58','2023-07-02 19:58:58'),(2050,1,'en','plugins/ecommerce/order','confirm_order','Confirm order','2023-07-02 19:58:58','2023-07-02 19:58:58'),(2051,1,'en','plugins/ecommerce/order','confirm','Confirm','2023-07-02 19:58:58','2023-07-02 19:58:58'),(2052,1,'en','plugins/ecommerce/order','order_was_canceled','Order was canceled','2023-07-02 19:58:58','2023-07-02 19:58:58'),(2053,1,'en','plugins/ecommerce/order','order_was_returned','Order was returned','2023-07-02 19:58:58','2023-07-02 19:58:58'),(2054,1,'en','plugins/ecommerce/order','pending_payment','Pending payment','2023-07-02 19:58:58','2023-07-02 19:58:58'),(2055,1,'en','plugins/ecommerce/order','payment_was_accepted','Payment :money was accepted','2023-07-02 19:58:58','2023-07-02 19:58:58'),(2056,1,'en','plugins/ecommerce/order','payment_was_refunded','Payment was refunded','2023-07-02 19:58:58','2023-07-02 19:58:58'),(2057,1,'en','plugins/ecommerce/order','confirm_payment','Confirm payment','2023-07-02 19:58:58','2023-07-02 19:58:58'),(2058,1,'en','plugins/ecommerce/order','refund','Refund','2023-07-02 19:58:58','2023-07-02 19:58:58'),(2059,1,'en','plugins/ecommerce/order','all_products_are_not_delivered','All products are not delivered','2023-07-02 19:58:58','2023-07-02 19:58:58'),(2060,1,'en','plugins/ecommerce/order','delivery','Delivery','2023-07-02 19:58:58','2023-07-02 19:58:58'),(2061,1,'en','plugins/ecommerce/order','history','History','2023-07-02 19:58:58','2023-07-02 19:58:58'),(2062,1,'en','plugins/ecommerce/order','order_number','Order number','2023-07-02 19:58:58','2023-07-02 19:58:58'),(2063,1,'en','plugins/ecommerce/order','from','from','2023-07-02 19:58:58','2023-07-02 19:58:58'),(2064,1,'en','plugins/ecommerce/order','status','Status','2023-07-02 19:58:58','2023-07-02 19:58:58'),(2065,1,'en','plugins/ecommerce/order','successfully','Successfully','2023-07-02 19:58:58','2023-07-02 19:58:58'),(2066,1,'en','plugins/ecommerce/order','transaction_type','Transaction\'s type','2023-07-02 19:58:58','2023-07-02 19:58:58'),(2067,1,'en','plugins/ecommerce/order','staff','Staff','2023-07-02 19:58:58','2023-07-02 19:58:58'),(2068,1,'en','plugins/ecommerce/order','refund_date','Refund date','2023-07-02 19:58:58','2023-07-02 19:58:58'),(2069,1,'en','plugins/ecommerce/order','n_a','N\\A','2023-07-02 19:58:58','2023-07-02 19:58:58'),(2070,1,'en','plugins/ecommerce/order','payment_date','Payment date','2023-07-02 19:58:58','2023-07-02 19:58:58'),(2071,1,'en','plugins/ecommerce/order','payment_gateway','Payment gateway','2023-07-02 19:58:58','2023-07-02 19:58:58'),(2072,1,'en','plugins/ecommerce/order','transaction_amount','Transaction amount','2023-07-02 19:58:58','2023-07-02 19:58:58'),(2073,1,'en','plugins/ecommerce/order','resend','Resend','2023-07-02 19:58:58','2023-07-02 19:58:58'),(2074,1,'en','plugins/ecommerce/order','default_store','Default store','2023-07-02 19:58:58','2023-07-02 19:58:58'),(2075,1,'en','plugins/ecommerce/order','update_address','Update address','2023-07-02 19:58:58','2023-07-02 19:58:58'),(2076,1,'en','plugins/ecommerce/order','have_an_account_already','Have an account already','2023-07-02 19:58:58','2023-07-02 19:58:58'),(2077,1,'en','plugins/ecommerce/order','dont_have_an_account_yet','Don\'t have an account yet','2023-07-02 19:58:58','2023-07-02 19:58:58'),(2078,1,'en','plugins/ecommerce/order','mark_payment_as_confirmed','Mark <span>:method</span> as confirmed','2023-07-02 19:58:58','2023-07-02 19:58:58'),(2079,1,'en','plugins/ecommerce/order','resend_order_confirmation','Resend order confirmation','2023-07-02 19:58:58','2023-07-02 19:58:58'),(2080,1,'en','plugins/ecommerce/order','resend_order_confirmation_description','Confirmation email will be sent to <strong>:email</strong>?','2023-07-02 19:58:58','2023-07-02 19:58:58'),(2081,1,'en','plugins/ecommerce/order','send','Send','2023-07-02 19:58:58','2023-07-02 19:58:58'),(2082,1,'en','plugins/ecommerce/order','update','Update','2023-07-02 19:58:58','2023-07-02 19:58:58'),(2083,1,'en','plugins/ecommerce/order','cancel_shipping_confirmation','Cancel shipping confirmation?','2023-07-02 19:58:58','2023-07-02 19:58:58'),(2084,1,'en','plugins/ecommerce/order','cancel_shipping_confirmation_description','Cancel shipping confirmation?','2023-07-02 19:58:58','2023-07-02 19:58:58'),(2085,1,'en','plugins/ecommerce/order','cancel_order_confirmation','Cancel order confirmation?','2023-07-02 19:58:58','2023-07-02 19:58:58'),(2086,1,'en','plugins/ecommerce/order','cancel_order_confirmation_description','Are you sure you want to cancel this order? This action cannot rollback','2023-07-02 19:58:58','2023-07-02 19:58:58'),(2087,1,'en','plugins/ecommerce/order','return_order_confirmation','Return order confirmation?','2023-07-02 19:58:58','2023-07-02 19:58:58'),(2088,1,'en','plugins/ecommerce/order','return_order_confirmation_description','Are you sure you want to return this order? This action cannot rollback','2023-07-02 19:58:58','2023-07-02 19:58:58'),(2089,1,'en','plugins/ecommerce/order','confirm_payment_confirmation_description','Processed by <strong>:method</strong>. Did you receive payment outside the system? This payment won\'t be saved into system and cannot be refunded','2023-07-02 19:58:58','2023-07-02 19:58:58'),(2090,1,'en','plugins/ecommerce/order','save_note','Save note','2023-07-02 19:58:58','2023-07-02 19:58:58'),(2091,1,'en','plugins/ecommerce/order','order_note','Order note','2023-07-02 19:58:58','2023-07-02 19:58:58'),(2092,1,'en','plugins/ecommerce/order','order_note_placeholder','Note about order, ex: time or shipping instruction.','2023-07-02 19:58:58','2023-07-02 19:58:58'),(2093,1,'en','plugins/ecommerce/order','order_amount','Order amount','2023-07-02 19:58:58','2023-07-02 19:58:58'),(2094,1,'en','plugins/ecommerce/order','additional_information','Additional information','2023-07-02 19:58:58','2023-07-02 19:58:58'),(2095,1,'en','plugins/ecommerce/order','notice_about_incomplete_order','Notice about incomplete order','2023-07-02 19:58:58','2023-07-02 19:58:58'),(2096,1,'en','plugins/ecommerce/order','notice_about_incomplete_order_description','Remind email about uncompleted order will be send to <strong>:email</strong>?','2023-07-02 19:58:58','2023-07-02 19:58:58'),(2097,1,'en','plugins/ecommerce/order','incomplete_order_description_1','An incomplete order is when a potential customer places items in their shopping cart, and goes all the way through to the payment page, but then doesn\'t complete the transaction.','2023-07-02 19:58:58','2023-07-02 19:58:58'),(2098,1,'en','plugins/ecommerce/order','incomplete_order_description_2','If you have contacted customers and they want to continue buying, you can help them complete their order by following the link:','2023-07-02 19:58:58','2023-07-02 19:58:58'),(2099,1,'en','plugins/ecommerce/order','send_an_email_to_recover_this_order','Send an email to customer to recover this order','2023-07-02 19:58:58','2023-07-02 19:58:58'),(2100,1,'en','plugins/ecommerce/order','see_maps','See maps','2023-07-02 19:58:58','2023-07-02 19:58:58'),(2101,1,'en','plugins/ecommerce/order','one_or_more_products_dont_have_enough_quantity','One or more products don\'t have enough quantity!','2023-07-02 19:58:58','2023-07-02 19:58:58'),(2102,1,'en','plugins/ecommerce/order','cannot_send_order_recover_to_mail','The email could not be found so it can\'t send a recovery email to the customer.','2023-07-02 19:58:58','2023-07-02 19:58:58'),(2103,1,'en','plugins/ecommerce/order','payment_info','Payment Info','2023-07-02 19:58:58','2023-07-02 19:58:58'),(2104,1,'en','plugins/ecommerce/order','payment_method_refund_automatic','Your customer will be refunded using :method automatically.','2023-07-02 19:58:58','2023-07-02 19:58:58'),(2105,1,'en','plugins/ecommerce/order','order','Order','2023-07-02 19:58:58','2023-07-02 19:58:58'),(2106,1,'en','plugins/ecommerce/order','order_information','Order information','2023-07-02 19:58:58','2023-07-02 19:58:58'),(2107,1,'en','plugins/ecommerce/order','create_a_new_product','Create a new product','2023-07-02 19:58:58','2023-07-02 19:58:58'),(2108,1,'en','plugins/ecommerce/order','out_of_stock','Out of stock','2023-07-02 19:58:58','2023-07-02 19:58:58'),(2109,1,'en','plugins/ecommerce/order','products_available','product(s) available','2023-07-02 19:58:58','2023-07-02 19:58:58'),(2110,1,'en','plugins/ecommerce/order','no_products_found','No products found!','2023-07-02 19:58:58','2023-07-02 19:58:58'),(2111,1,'en','plugins/ecommerce/order','note','Note','2023-07-02 19:58:58','2023-07-02 19:58:58'),(2112,1,'en','plugins/ecommerce/order','note_for_order','Note for order...','2023-07-02 19:58:58','2023-07-02 19:58:58'),(2113,1,'en','plugins/ecommerce/order','amount','Amount','2023-07-02 19:58:58','2023-07-02 19:58:58'),(2114,1,'en','plugins/ecommerce/order','add_discount','Add discount','2023-07-02 19:58:58','2023-07-02 19:58:58'),(2115,1,'en','plugins/ecommerce/order','discount','Discount','2023-07-02 19:58:58','2023-07-02 19:58:58'),(2116,1,'en','plugins/ecommerce/order','add_shipping_fee','Add shipping fee','2023-07-02 19:58:58','2023-07-02 19:58:58'),(2117,1,'en','plugins/ecommerce/order','shipping','Shipping','2023-07-02 19:58:58','2023-07-02 19:58:58'),(2118,1,'en','plugins/ecommerce/order','total_amount','Total amount','2023-07-02 19:58:58','2023-07-02 19:58:58'),(2119,1,'en','plugins/ecommerce/order','confirm_payment_and_create_order','Confirm payment and create order','2023-07-02 19:58:58','2023-07-02 19:58:58'),(2120,1,'en','plugins/ecommerce/order','paid','Paid','2023-07-02 19:58:58','2023-07-02 19:58:58'),(2121,1,'en','plugins/ecommerce/order','pay_later','Pay later','2023-07-02 19:58:58','2023-07-02 19:58:58'),(2122,1,'en','plugins/ecommerce/order','customer_information','Customer information','2023-07-02 19:58:58','2023-07-02 19:58:58'),(2123,1,'en','plugins/ecommerce/order','create_new_customer','Create new customer','2023-07-02 19:58:58','2023-07-02 19:58:58'),(2124,1,'en','plugins/ecommerce/order','no_customer_found','No customer found!','2023-07-02 19:58:58','2023-07-02 19:58:58'),(2125,1,'en','plugins/ecommerce/order','customer','Customer','2023-07-02 19:58:58','2023-07-02 19:58:58'),(2126,1,'en','plugins/ecommerce/order','orders','order(s)','2023-07-02 19:58:58','2023-07-02 19:58:58'),(2127,1,'en','plugins/ecommerce/order','shipping_address','Shipping Address','2023-07-02 19:58:58','2023-07-02 19:58:58'),(2128,1,'en','plugins/ecommerce/order','shipping_info','Shipping information','2023-07-02 19:58:58','2023-07-02 19:58:58'),(2129,1,'en','plugins/ecommerce/order','billing_address','Billing Address','2023-07-02 19:58:58','2023-07-02 19:58:58'),(2130,1,'en','plugins/ecommerce/order','see_on_maps','See on maps','2023-07-02 19:58:58','2023-07-02 19:58:58'),(2131,1,'en','plugins/ecommerce/order','name','Name','2023-07-02 19:58:58','2023-07-02 19:58:58'),(2132,1,'en','plugins/ecommerce/order','price','Price','2023-07-02 19:58:58','2023-07-02 19:58:58'),(2133,1,'en','plugins/ecommerce/order','product_name','Product name','2023-07-02 19:58:58','2023-07-02 19:58:58'),(2134,1,'en','plugins/ecommerce/order','total','Total','2023-07-02 19:58:58','2023-07-02 19:58:58'),(2135,1,'en','plugins/ecommerce/order','action','Action','2023-07-02 19:58:58','2023-07-02 19:58:58'),(2136,1,'en','plugins/ecommerce/order','add_product','Add product','2023-07-02 19:58:58','2023-07-02 19:58:58'),(2137,1,'en','plugins/ecommerce/order','enter_free_text','Enter free text','2023-07-02 19:58:58','2023-07-02 19:58:58'),(2138,1,'en','plugins/ecommerce/order','promotion_discount_amount','Promotion amount','2023-07-02 19:58:58','2023-07-02 19:58:58'),(2139,1,'en','plugins/ecommerce/order','add','Add','2023-07-02 19:58:58','2023-07-02 19:58:58'),(2140,1,'en','plugins/ecommerce/order','store','Store','2023-07-02 19:58:58','2023-07-02 19:58:58'),(2141,1,'en','plugins/ecommerce/order','please_choose_product_option','Please choose product option','2023-07-02 19:58:58','2023-07-02 19:58:58'),(2142,1,'en','plugins/ecommerce/order','sku_optional','SKU (optional)','2023-07-02 19:58:58','2023-07-02 19:58:58'),(2143,1,'en','plugins/ecommerce/order','with_storehouse_management','With storehouse management?','2023-07-02 19:58:58','2023-07-02 19:58:58'),(2144,1,'en','plugins/ecommerce/order','quantity','Quantity','2023-07-02 19:58:58','2023-07-02 19:58:58'),(2145,1,'en','plugins/ecommerce/order','allow_customer_checkout_when_this_product_out_of_stock','Allow customer checkout when this product out of stock?','2023-07-02 19:58:58','2023-07-02 19:58:58'),(2146,1,'en','plugins/ecommerce/order','address','Address','2023-07-02 19:58:58','2023-07-02 19:58:58'),(2147,1,'en','plugins/ecommerce/order','phone','Phone','2023-07-02 19:58:58','2023-07-02 19:58:58'),(2148,1,'en','plugins/ecommerce/order','country','Country','2023-07-02 19:58:58','2023-07-02 19:58:58'),(2149,1,'en','plugins/ecommerce/order','state','State','2023-07-02 19:58:58','2023-07-02 19:58:58'),(2150,1,'en','plugins/ecommerce/order','city','City','2023-07-02 19:58:58','2023-07-02 19:58:58'),(2151,1,'en','plugins/ecommerce/order','zip_code','Zip code','2023-07-02 19:58:58','2023-07-02 19:58:58'),(2152,1,'en','plugins/ecommerce/order','discount_based_on','Discount based on','2023-07-02 19:58:58','2023-07-02 19:58:58'),(2153,1,'en','plugins/ecommerce/order','or_coupon_code','Or coupon code','2023-07-02 19:58:58','2023-07-02 19:58:58'),(2154,1,'en','plugins/ecommerce/order','description','Description','2023-07-02 19:58:58','2023-07-02 19:58:58'),(2155,1,'en','plugins/ecommerce/order','how_to_select_configured_shipping','How to select configured shipping?','2023-07-02 19:58:58','2023-07-02 19:58:58'),(2156,1,'en','plugins/ecommerce/order','please_add_customer_information_with_the_complete_shipping_address_to_see_the_configured_shipping_rates','Please add customer information with the complete shipping address to see the configured shipping rates','2023-07-02 19:58:58','2023-07-02 19:58:58'),(2157,1,'en','plugins/ecommerce/order','please_products_and_customer_address_to_see_the_shipping_rates','Please add products and customer information with the complete shipping address to see the configured shipping rates','2023-07-02 19:58:58','2023-07-02 19:58:58'),(2158,1,'en','plugins/ecommerce/order','shipping_method_not_found','Shipping method not found','2023-07-02 19:58:58','2023-07-02 19:58:58'),(2159,1,'en','plugins/ecommerce/order','free_shipping','Free shipping','2023-07-02 19:58:58','2023-07-02 19:58:58'),(2160,1,'en','plugins/ecommerce/order','custom','Custom','2023-07-02 19:58:58','2023-07-02 19:58:58'),(2161,1,'en','plugins/ecommerce/order','email','Email','2023-07-02 19:58:58','2023-07-02 19:58:58'),(2162,1,'en','plugins/ecommerce/order','create_order','Create order','2023-07-02 19:58:58','2023-07-02 19:58:58'),(2163,1,'en','plugins/ecommerce/order','close','Close','2023-07-02 19:58:58','2023-07-02 19:58:58'),(2164,1,'en','plugins/ecommerce/order','confirm_payment_is_paid_for_this_order','Confirm payment is paid for this order','2023-07-02 19:58:58','2023-07-02 19:58:58'),(2165,1,'en','plugins/ecommerce/order','payment_status_of_the_order_is_paid_once_the_order_has_been_created_you_cannot_change_the_payment_method_or_status','Payment status of the order is Paid. Once the order has been created, you cannot change the payment method or status','2023-07-02 19:58:58','2023-07-02 19:58:58'),(2166,1,'en','plugins/ecommerce/order','select_payment_method','Select payment method','2023-07-02 19:58:58','2023-07-02 19:58:58'),(2167,1,'en','plugins/ecommerce/order','cash_on_delivery_cod','Cash on delivery (COD)','2023-07-02 19:58:58','2023-07-02 19:58:58'),(2168,1,'en','plugins/ecommerce/order','bank_transfer','Bank transfer','2023-07-02 19:58:58','2023-07-02 19:58:58'),(2169,1,'en','plugins/ecommerce/order','paid_amount','Paid amount','2023-07-02 19:58:58','2023-07-02 19:58:58'),(2170,1,'en','plugins/ecommerce/order','confirm_that_payment_for_this_order_will_be_paid_later','Confirm that payment for this order will be paid later','2023-07-02 19:58:58','2023-07-02 19:58:58'),(2171,1,'en','plugins/ecommerce/order','payment_status_of_the_order_is_pending_once_the_order_has_been_created_you_cannot_change_the_payment_method_or_status','Payment status of the order is Pending. Once the order has been created, you cannot change the payment method or status','2023-07-02 19:58:58','2023-07-02 19:58:58'),(2172,1,'en','plugins/ecommerce/order','pending_amount','Pending amount','2023-07-02 19:58:58','2023-07-02 19:58:58'),(2173,1,'en','plugins/ecommerce/order','update_email','Update email','2023-07-02 19:58:58','2023-07-02 19:58:58'),(2174,1,'en','plugins/ecommerce/order','save','Save','2023-07-02 19:58:58','2023-07-02 19:58:58'),(2175,1,'en','plugins/ecommerce/order','cancel','Cancel','2023-07-02 19:58:58','2023-07-02 19:58:58'),(2176,1,'en','plugins/ecommerce/order','create_a_new_order','Create a new order','2023-07-02 19:58:58','2023-07-02 19:58:58'),(2177,1,'en','plugins/ecommerce/order','search_or_create_new_product','Search or create a new product','2023-07-02 19:58:58','2023-07-02 19:58:58'),(2178,1,'en','plugins/ecommerce/order','search_or_create_new_customer','Search or create a new customer','2023-07-02 19:58:58','2023-07-02 19:58:58'),(2179,1,'en','plugins/ecommerce/order','discount_description','Discount description','2023-07-02 19:58:58','2023-07-02 19:58:58'),(2180,1,'en','plugins/ecommerce/order','cant_select_out_of_stock_product','Cannot select out of stock product!','2023-07-02 19:58:58','2023-07-02 19:58:58'),(2181,1,'en','plugins/ecommerce/order','referral','Referral','2023-07-02 19:58:58','2023-07-02 19:58:58'),(2182,1,'en','plugins/ecommerce/order','return_order_unique','Same :attribute already exists in a previous return request.','2023-07-02 19:58:58','2023-07-02 19:58:58'),(2183,1,'en','plugins/ecommerce/order','total_return_amount','Total return amount','2023-07-02 19:58:58','2023-07-02 19:58:58'),(2184,1,'en','plugins/ecommerce/order','change_return_order_status','Change return order status','2023-07-02 19:58:58','2023-07-02 19:58:58'),(2185,1,'en','plugins/ecommerce/order','return_reason','Return reason','2023-07-02 19:58:58','2023-07-02 19:58:58'),(2186,1,'en','plugins/ecommerce/order','referral_data.ip','IP','2023-07-02 19:58:58','2023-07-02 19:58:58'),(2187,1,'en','plugins/ecommerce/order','referral_data.landing_domain','Landing domain','2023-07-02 19:58:58','2023-07-02 19:58:58'),(2188,1,'en','plugins/ecommerce/order','referral_data.landing_page','Landing page','2023-07-02 19:58:58','2023-07-02 19:58:58'),(2189,1,'en','plugins/ecommerce/order','referral_data.landing_params','Landing params','2023-07-02 19:58:58','2023-07-02 19:58:58'),(2190,1,'en','plugins/ecommerce/order','referral_data.gclid','Gclid','2023-07-02 19:58:58','2023-07-02 19:58:58'),(2191,1,'en','plugins/ecommerce/order','referral_data.fclid','Fclid','2023-07-02 19:58:58','2023-07-02 19:58:58'),(2192,1,'en','plugins/ecommerce/order','referral_data.utm_source','UTM source','2023-07-02 19:58:58','2023-07-02 19:58:58'),(2193,1,'en','plugins/ecommerce/order','referral_data.utm_campaign','UTM campaign','2023-07-02 19:58:58','2023-07-02 19:58:58'),(2194,1,'en','plugins/ecommerce/order','referral_data.utm_medium','UTM medium','2023-07-02 19:58:58','2023-07-02 19:58:58'),(2195,1,'en','plugins/ecommerce/order','referral_data.utm_term','UTM term','2023-07-02 19:58:58','2023-07-02 19:58:58'),(2196,1,'en','plugins/ecommerce/order','referral_data.utm_content','UTM content','2023-07-02 19:58:58','2023-07-02 19:58:58'),(2197,1,'en','plugins/ecommerce/order','referral_data.referral','Referral','2023-07-02 19:58:58','2023-07-02 19:58:58'),(2198,1,'en','plugins/ecommerce/order','referral_data.referrer_url','Referral URL','2023-07-02 19:58:58','2023-07-02 19:58:58'),(2199,1,'en','plugins/ecommerce/order','referral_data.referrer_domain','Referral domain','2023-07-02 19:58:58','2023-07-02 19:58:58'),(2200,1,'en','plugins/ecommerce/order','order_address_types.shipping_address','Shipping address','2023-07-02 19:58:58','2023-07-02 19:58:58'),(2201,1,'en','plugins/ecommerce/order','order_address_types.billing_address','Billing address','2023-07-02 19:58:58','2023-07-02 19:58:58'),(2202,1,'en','plugins/ecommerce/order','order_return_reasons.damaged','Damaged product','2023-07-02 19:58:58','2023-07-02 19:58:58'),(2203,1,'en','plugins/ecommerce/order','order_return_reasons.defective','Defective','2023-07-02 19:58:58','2023-07-02 19:58:58'),(2204,1,'en','plugins/ecommerce/order','order_return_reasons.incorrect_item','Incorrect item','2023-07-02 19:58:58','2023-07-02 19:58:58'),(2205,1,'en','plugins/ecommerce/order','order_return_reasons.arrived_late','Arrived late','2023-07-02 19:58:58','2023-07-02 19:58:58'),(2206,1,'en','plugins/ecommerce/order','order_return_reasons.not_as_described','Not as described','2023-07-02 19:58:59','2023-07-02 19:58:59'),(2207,1,'en','plugins/ecommerce/order','order_return_reasons.no_longer_want','No longer want','2023-07-02 19:58:59','2023-07-02 19:58:59'),(2208,1,'en','plugins/ecommerce/order','order_return_reasons.other','Other','2023-07-02 19:58:59','2023-07-02 19:58:59'),(2209,1,'en','plugins/ecommerce/order','order_return_reason','Return reason','2023-07-02 19:58:59','2023-07-02 19:58:59'),(2210,1,'en','plugins/ecommerce/order','notices.update_return_order_status_error','Cannot update return order status! Maybe the return order status is not valid.','2023-07-02 19:58:59','2023-07-02 19:58:59'),(2211,1,'en','plugins/ecommerce/order','notices.update_return_order_status_success','Update return order status successfully!','2023-07-02 19:58:59','2023-07-02 19:58:59'),(2212,1,'en','plugins/ecommerce/order','order_return','Order returns','2023-07-02 19:58:59','2023-07-02 19:58:59'),(2213,1,'en','plugins/ecommerce/order','edit_order_return','Edit order return :code','2023-07-02 19:58:59','2023-07-02 19:58:59'),(2214,1,'en','plugins/ecommerce/order','order_return_items_count','Product item(s)','2023-07-02 19:58:59','2023-07-02 19:58:59'),(2215,1,'en','plugins/ecommerce/order','new_order_notifications.new_order','New order','2023-07-02 19:58:59','2023-07-02 19:58:59'),(2216,1,'en','plugins/ecommerce/order','new_order_notifications.view','View','2023-07-02 19:58:59','2023-07-02 19:58:59'),(2217,1,'en','plugins/ecommerce/order','new_order_notifications.description',':customer ordered :quantity :product','2023-07-02 19:58:59','2023-07-02 19:58:59'),(2218,1,'en','plugins/ecommerce/order','confirm_payment_notifications.confirm_payment','Confirm payment','2023-07-02 19:58:59','2023-07-02 19:58:59'),(2219,1,'en','plugins/ecommerce/order','confirm_payment_notifications.description','Order :order Payment was confirmed (amount :amount) by :by','2023-07-02 19:58:59','2023-07-02 19:58:59'),(2220,1,'en','plugins/ecommerce/order','update_shipping_status_notifications.update_shipping_status','Update shipping status','2023-07-02 19:58:59','2023-07-02 19:58:59'),(2221,1,'en','plugins/ecommerce/order','update_shipping_status_notifications.description','Order :order had changed shipping status :description','2023-07-02 19:58:59','2023-07-02 19:58:59'),(2222,1,'en','plugins/ecommerce/order','cancel_order_notifications.cancel_order','Cancel order','2023-07-02 19:58:59','2023-07-02 19:58:59'),(2223,1,'en','plugins/ecommerce/order','cancel_order_notifications.description','Order :order was cancelled by custom :customer','2023-07-02 19:58:59','2023-07-02 19:58:59'),(2224,1,'en','plugins/ecommerce/order','return_order_notifications.return_order','Return order','2023-07-02 19:58:59','2023-07-02 19:58:59'),(2225,1,'en','plugins/ecommerce/order','return_order_notifications.description',':customer has requested return product(s)','2023-07-02 19:58:59','2023-07-02 19:58:59'),(2226,1,'en','plugins/ecommerce/order','order_completed_notifications.order_completed','Order Completed','2023-07-02 19:58:59','2023-07-02 19:58:59'),(2227,1,'en','plugins/ecommerce/order','order_completed_notifications.description','Order :order has been completed','2023-07-02 19:58:59','2023-07-02 19:58:59'),(2228,1,'en','plugins/ecommerce/order','tax_info.name','Tax Information','2023-07-02 19:58:59','2023-07-02 19:58:59'),(2229,1,'en','plugins/ecommerce/order','tax_info.update','Update tax information','2023-07-02 19:58:59','2023-07-02 19:58:59'),(2230,1,'en','plugins/ecommerce/order','tax_info.update_success','Update tax information successfully!','2023-07-02 19:58:59','2023-07-02 19:58:59'),(2231,1,'en','plugins/ecommerce/order','tax_info.company_name','Company name','2023-07-02 19:58:59','2023-07-02 19:58:59'),(2232,1,'en','plugins/ecommerce/order','tax_info.company_address','Company address','2023-07-02 19:58:59','2023-07-02 19:58:59'),(2233,1,'en','plugins/ecommerce/order','tax_info.company_tax_code','Company tax code','2023-07-02 19:58:59','2023-07-02 19:58:59'),(2234,1,'en','plugins/ecommerce/order','tax_info.company_email','Company email','2023-07-02 19:58:59','2023-07-02 19:58:59'),(2235,1,'en','plugins/ecommerce/payment','name','Payments','2023-07-02 19:58:59','2023-07-02 19:58:59'),(2236,1,'en','plugins/ecommerce/payment','payment_method','Payment methods','2023-07-02 19:58:59','2023-07-02 19:58:59'),(2237,1,'en','plugins/ecommerce/payment','view_payment','View payment #','2023-07-02 19:58:59','2023-07-02 19:58:59'),(2238,1,'en','plugins/ecommerce/payment','charge_id','Charge ID','2023-07-02 19:58:59','2023-07-02 19:58:59'),(2239,1,'en','plugins/ecommerce/payment','amount','Amount','2023-07-02 19:58:59','2023-07-02 19:58:59'),(2240,1,'en','plugins/ecommerce/payment','currency','Currency','2023-07-02 19:58:59','2023-07-02 19:58:59'),(2241,1,'en','plugins/ecommerce/payment','user','User','2023-07-02 19:58:59','2023-07-02 19:58:59'),(2242,1,'en','plugins/ecommerce/payment','paypal_name_required','PayPal\'s name is required!','2023-07-02 19:58:59','2023-07-02 19:58:59'),(2243,1,'en','plugins/ecommerce/payment','paypal_name_max','PayPal\'s name is too long!','2023-07-02 19:58:59','2023-07-02 19:58:59'),(2244,1,'en','plugins/ecommerce/payment','status','Status','2023-07-02 19:58:59','2023-07-02 19:58:59'),(2245,1,'en','plugins/ecommerce/payment','enabled','Enabled','2023-07-02 19:58:59','2023-07-02 19:58:59'),(2246,1,'en','plugins/ecommerce/payment','disabled','Disabled','2023-07-02 19:58:59','2023-07-02 19:58:59'),(2247,1,'en','plugins/ecommerce/payment','client_id','Client ID','2023-07-02 19:58:59','2023-07-02 19:58:59'),(2248,1,'en','plugins/ecommerce/payment','client_secret','Client Secret','2023-07-02 19:58:59','2023-07-02 19:58:59'),(2249,1,'en','plugins/ecommerce/payment','mode','Mode','2023-07-02 19:58:59','2023-07-02 19:58:59'),(2250,1,'en','plugins/ecommerce/payment','sandbox','Sandbox','2023-07-02 19:58:59','2023-07-02 19:58:59'),(2251,1,'en','plugins/ecommerce/payment','live','Live','2023-07-02 19:58:59','2023-07-02 19:58:59'),(2252,1,'en','plugins/ecommerce/payment','enable_payment_log','Enable Payment Log','2023-07-02 19:58:59','2023-07-02 19:58:59'),(2253,1,'en','plugins/ecommerce/payment','yes','Yes','2023-07-02 19:58:59','2023-07-02 19:58:59'),(2254,1,'en','plugins/ecommerce/payment','no','No','2023-07-02 19:58:59','2023-07-02 19:58:59'),(2255,1,'en','plugins/ecommerce/payment','client_key','Client Key','2023-07-02 19:58:59','2023-07-02 19:58:59'),(2256,1,'en','plugins/ecommerce/payment','paypal','PayPal','2023-07-02 19:58:59','2023-07-02 19:58:59'),(2257,1,'en','plugins/ecommerce/payment','action','Action','2023-07-02 19:58:59','2023-07-02 19:58:59'),(2258,1,'en','plugins/ecommerce/payment','go_back','Go back','2023-07-02 19:58:59','2023-07-02 19:58:59'),(2259,1,'en','plugins/ecommerce/payment','view','View','2023-07-02 19:58:59','2023-07-02 19:58:59'),(2260,1,'en','plugins/ecommerce/payment','cash_on_delivery','Cash on delivery (COD)','2023-07-02 19:58:59','2023-07-02 19:58:59'),(2261,1,'en','plugins/ecommerce/payment','via_bank_transfer','Via bank transfer','2023-07-02 19:58:59','2023-07-02 19:58:59'),(2262,1,'en','plugins/ecommerce/payment','payment_via_cart','Payment via card','2023-07-02 19:58:59','2023-07-02 19:58:59'),(2263,1,'en','plugins/ecommerce/payment','card_number','Card number','2023-07-02 19:58:59','2023-07-02 19:58:59'),(2264,1,'en','plugins/ecommerce/payment','full_name','Full name','2023-07-02 19:58:59','2023-07-02 19:58:59'),(2265,1,'en','plugins/ecommerce/payment','payment_via_paypal','Payment via PayPal','2023-07-02 19:58:59','2023-07-02 19:58:59'),(2266,1,'en','plugins/ecommerce/payment','mm_yy','MM/YY','2023-07-02 19:58:59','2023-07-02 19:58:59'),(2267,1,'en','plugins/ecommerce/payment','cvc','CVC','2023-07-02 19:58:59','2023-07-02 19:58:59'),(2268,1,'en','plugins/ecommerce/payment','details','Details','2023-07-02 19:58:59','2023-07-02 19:58:59'),(2269,1,'en','plugins/ecommerce/payment','payer_name','Payer Name','2023-07-02 19:58:59','2023-07-02 19:58:59'),(2270,1,'en','plugins/ecommerce/payment','email','Email','2023-07-02 19:58:59','2023-07-02 19:58:59'),(2271,1,'en','plugins/ecommerce/payment','phone','Phone','2023-07-02 19:58:59','2023-07-02 19:58:59'),(2272,1,'en','plugins/ecommerce/payment','country','Country','2023-07-02 19:58:59','2023-07-02 19:58:59'),(2273,1,'en','plugins/ecommerce/payment','shipping_address','Shipping Address','2023-07-02 19:58:59','2023-07-02 19:58:59'),(2274,1,'en','plugins/ecommerce/payment','payment_details','Payment Details','2023-07-02 19:58:59','2023-07-02 19:58:59'),(2275,1,'en','plugins/ecommerce/payment','card','Card','2023-07-02 19:58:59','2023-07-02 19:58:59'),(2276,1,'en','plugins/ecommerce/payment','address','Address','2023-07-02 19:58:59','2023-07-02 19:58:59'),(2277,1,'en','plugins/ecommerce/payment','new_payment','Payment for order :id','2023-07-02 19:58:59','2023-07-02 19:58:59'),(2278,1,'en','plugins/ecommerce/payment','payment_id','Payment ID','2023-07-02 19:58:59','2023-07-02 19:58:59'),(2279,1,'en','plugins/ecommerce/payment','order','Order','2023-07-02 19:58:59','2023-07-02 19:58:59'),(2280,1,'en','plugins/ecommerce/payment','add_payment','Add payment','2023-07-02 19:58:59','2023-07-02 19:58:59'),(2281,1,'en','plugins/ecommerce/payment','add_new_payment','New payment','2023-07-02 19:58:59','2023-07-02 19:58:59'),(2282,1,'en','plugins/ecommerce/payment','add','Add','2023-07-02 19:58:59','2023-07-02 19:58:59'),(2283,1,'en','plugins/ecommerce/payment','no_data','No data to display','2023-07-02 19:58:59','2023-07-02 19:58:59'),(2284,1,'en','plugins/ecommerce/payment','no_option','No option','2023-07-02 19:58:59','2023-07-02 19:58:59'),(2285,1,'en','plugins/ecommerce/payment','edit_payment','Edit payment','2023-07-02 19:58:59','2023-07-02 19:58:59'),(2286,1,'en','plugins/ecommerce/payment','save','Save','2023-07-02 19:58:59','2023-07-02 19:58:59'),(2287,1,'en','plugins/ecommerce/prices','name','Price','2023-07-02 19:58:59','2023-07-02 19:58:59'),(2288,1,'en','plugins/ecommerce/prices','create','New price','2023-07-02 19:58:59','2023-07-02 19:58:59'),(2289,1,'en','plugins/ecommerce/prices','edit','Edit price','2023-07-02 19:58:59','2023-07-02 19:58:59'),(2290,1,'en','plugins/ecommerce/prices','list','List price','2023-07-02 19:58:59','2023-07-02 19:58:59'),(2291,1,'en','plugins/ecommerce/product-attribute-sets','name','Product attribute sets','2023-07-02 19:58:59','2023-07-02 19:58:59'),(2292,1,'en','plugins/ecommerce/product-attribute-sets','create','New product attribute set','2023-07-02 19:58:59','2023-07-02 19:58:59'),(2293,1,'en','plugins/ecommerce/product-attribute-sets','edit','Edit product attribute set','2023-07-02 19:58:59','2023-07-02 19:58:59'),(2294,1,'en','plugins/ecommerce/product-attribute-sets','visible_in_categories','Visible in categories','2023-07-02 19:58:59','2023-07-02 19:58:59'),(2295,1,'en','plugins/ecommerce/product-attribute-sets','product_with_more_version','Product with more version','2023-07-02 19:58:59','2023-07-02 19:58:59'),(2296,1,'en','plugins/ecommerce/product-attribute-sets','create_a_version','Create a version','2023-07-02 19:58:59','2023-07-02 19:58:59'),(2297,1,'en','plugins/ecommerce/product-attribute-sets','enabled','Enabled','2023-07-02 19:58:59','2023-07-02 19:58:59'),(2298,1,'en','plugins/ecommerce/product-attribute-sets','attributes','Attributes','2023-07-02 19:58:59','2023-07-02 19:58:59'),(2299,1,'en','plugins/ecommerce/product-attribute-sets','price','Price','2023-07-02 19:58:59','2023-07-02 19:58:59'),(2300,1,'en','plugins/ecommerce/product-attribute-sets','edit_btn','Edit','2023-07-02 19:58:59','2023-07-02 19:58:59'),(2301,1,'en','plugins/ecommerce/product-attribute-sets','remove_btn','Remove','2023-07-02 19:58:59','2023-07-02 19:58:59'),(2302,1,'en','plugins/ecommerce/product-attribute-sets','product','Product','2023-07-02 19:58:59','2023-07-02 19:58:59'),(2303,1,'en','plugins/ecommerce/product-attribute-sets','back_to_product','Back to product','2023-07-02 19:58:59','2023-07-02 19:58:59'),(2304,1,'en','plugins/ecommerce/product-attribute-sets','save','Save','2023-07-02 19:58:59','2023-07-02 19:58:59'),(2305,1,'en','plugins/ecommerce/product-attribute-sets','other_existing_versions','Other existing versions','2023-07-02 19:58:59','2023-07-02 19:58:59'),(2306,1,'en','plugins/ecommerce/product-attribute-sets','version_information','Version information','2023-07-02 19:58:59','2023-07-02 19:58:59'),(2307,1,'en','plugins/ecommerce/product-attribute-sets','add_rule','Add rule','2023-07-02 19:58:59','2023-07-02 19:58:59'),(2308,1,'en','plugins/ecommerce/product-attribute-sets','rules','Rules','2023-07-02 19:58:59','2023-07-02 19:58:59'),(2309,1,'en','plugins/ecommerce/product-attribute-sets','pricing','Pricing','2023-07-02 19:58:59','2023-07-02 19:58:59'),(2310,1,'en','plugins/ecommerce/product-attribute-sets','sale_price','Sale price','2023-07-02 19:58:59','2023-07-02 19:58:59'),(2311,1,'en','plugins/ecommerce/product-attribute-sets','sale_type','Sale type','2023-07-02 19:58:59','2023-07-02 19:58:59'),(2312,1,'en','plugins/ecommerce/product-attribute-sets','no_sale_price','No sale price','2023-07-02 19:58:59','2023-07-02 19:58:59'),(2313,1,'en','plugins/ecommerce/product-attribute-sets','always_on_sale','Always on sale','2023-07-02 19:58:59','2023-07-02 19:58:59'),(2314,1,'en','plugins/ecommerce/product-attribute-sets','limited_time','Limited time','2023-07-02 19:58:59','2023-07-02 19:58:59'),(2315,1,'en','plugins/ecommerce/product-attribute-sets','from','From','2023-07-02 19:58:59','2023-07-02 19:58:59'),(2316,1,'en','plugins/ecommerce/product-attribute-sets','to','To','2023-07-02 19:58:59','2023-07-02 19:58:59'),(2317,1,'en','plugins/ecommerce/product-attribute-sets','storehouse','Storehouse','2023-07-02 19:58:59','2023-07-02 19:58:59'),(2318,1,'en','plugins/ecommerce/product-attribute-sets','no_storehouse_management','No storehouse management','2023-07-02 19:58:59','2023-07-02 19:58:59'),(2319,1,'en','plugins/ecommerce/product-attribute-sets','with_storehouse_management','With storehouse management','2023-07-02 19:58:59','2023-07-02 19:58:59'),(2320,1,'en','plugins/ecommerce/product-attribute-sets','quantity','Quantity','2023-07-02 19:58:59','2023-07-02 19:58:59'),(2321,1,'en','plugins/ecommerce/product-attribute-sets','allow_customer_checkout_out_of_stock','Allow customer checkout when this product out of stock','2023-07-02 19:58:59','2023-07-02 19:58:59'),(2322,1,'en','plugins/ecommerce/product-attribute-sets','shipping','Shipping','2023-07-02 19:58:59','2023-07-02 19:58:59'),(2323,1,'en','plugins/ecommerce/product-attribute-sets','length','Length','2023-07-02 19:58:59','2023-07-02 19:58:59'),(2324,1,'en','plugins/ecommerce/product-attribute-sets','wide','Wide','2023-07-02 19:58:59','2023-07-02 19:58:59'),(2325,1,'en','plugins/ecommerce/product-attribute-sets','height','Height','2023-07-02 19:58:59','2023-07-02 19:58:59'),(2326,1,'en','plugins/ecommerce/product-attribute-sets','weight','Weight','2023-07-02 19:58:59','2023-07-02 19:58:59'),(2327,1,'en','plugins/ecommerce/product-attribute-sets','version_images','Version images','2023-07-02 19:58:59','2023-07-02 19:58:59'),(2328,1,'en','plugins/ecommerce/product-attribute-sets','add_new_image','Add new image','2023-07-02 19:58:59','2023-07-02 19:58:59'),(2329,1,'en','plugins/ecommerce/product-attribute-sets','attribute_set','Attribute set','2023-07-02 19:58:59','2023-07-02 19:58:59'),(2330,1,'en','plugins/ecommerce/product-attribute-sets','value','Value','2023-07-02 19:58:59','2023-07-02 19:58:59'),(2331,1,'en','plugins/ecommerce/product-attribute-sets','dropdown_swatch','Dropdown Swatch','2023-07-02 19:58:59','2023-07-02 19:58:59'),(2332,1,'en','plugins/ecommerce/product-attribute-sets','visual_swatch','Visual Swatch','2023-07-02 19:58:59','2023-07-02 19:58:59'),(2333,1,'en','plugins/ecommerce/product-attribute-sets','text_swatch','Text Swatch','2023-07-02 19:58:59','2023-07-02 19:58:59'),(2334,1,'en','plugins/ecommerce/product-attribute-sets','display_layout','Display Layout','2023-07-02 19:58:59','2023-07-02 19:58:59'),(2335,1,'en','plugins/ecommerce/product-attribute-sets','searchable','Searchable','2023-07-02 19:58:59','2023-07-02 19:58:59'),(2336,1,'en','plugins/ecommerce/product-attribute-sets','comparable','Comparable','2023-07-02 19:58:59','2023-07-02 19:58:59'),(2337,1,'en','plugins/ecommerce/product-attribute-sets','use_in_product_listing','Used in product listing','2023-07-02 19:58:59','2023-07-02 19:58:59'),(2338,1,'en','plugins/ecommerce/product-attribute-sets','attributes_list','Attributes list','2023-07-02 19:58:59','2023-07-02 19:58:59'),(2339,1,'en','plugins/ecommerce/product-attribute-sets','is_default','Is default?','2023-07-02 19:58:59','2023-07-02 19:58:59'),(2340,1,'en','plugins/ecommerce/product-attribute-sets','title','Title','2023-07-02 19:58:59','2023-07-02 19:58:59'),(2341,1,'en','plugins/ecommerce/product-attribute-sets','slug','Slug','2023-07-02 19:58:59','2023-07-02 19:58:59'),(2342,1,'en','plugins/ecommerce/product-attribute-sets','color','Color','2023-07-02 19:58:59','2023-07-02 19:58:59'),(2343,1,'en','plugins/ecommerce/product-attribute-sets','image','Image','2023-07-02 19:58:59','2023-07-02 19:58:59'),(2344,1,'en','plugins/ecommerce/product-attribute-sets','remove','Remove','2023-07-02 19:58:59','2023-07-02 19:58:59'),(2345,1,'en','plugins/ecommerce/product-attribute-sets','add_new_attribute','Add new attribute','2023-07-02 19:58:59','2023-07-02 19:58:59'),(2346,1,'en','plugins/ecommerce/product-attribute-sets','use_image_from_product_variation','Use image from product variation (for Visual Swatch only)','2023-07-02 19:58:59','2023-07-02 19:58:59'),(2347,1,'en','plugins/ecommerce/product-attributes','name','Product attributes','2023-07-02 19:58:59','2023-07-02 19:58:59'),(2348,1,'en','plugins/ecommerce/product-attributes','create','New product attribute','2023-07-02 19:58:59','2023-07-02 19:58:59'),(2349,1,'en','plugins/ecommerce/product-attributes','edit','Edit product attribute','2023-07-02 19:58:59','2023-07-02 19:58:59'),(2350,1,'en','plugins/ecommerce/product-attributes','intro.title','Manage product attributes','2023-07-02 19:58:59','2023-07-02 19:58:59'),(2351,1,'en','plugins/ecommerce/product-attributes','intro.description','Product attribute such as color, width, height ...','2023-07-02 19:58:59','2023-07-02 19:58:59'),(2352,1,'en','plugins/ecommerce/product-attributes','intro.button_text','Create product attribute','2023-07-02 19:58:59','2023-07-02 19:58:59'),(2353,1,'en','plugins/ecommerce/product-categories','name','Product categories','2023-07-02 19:58:59','2023-07-02 19:58:59'),(2354,1,'en','plugins/ecommerce/product-categories','create','Create new product category','2023-07-02 19:58:59','2023-07-02 19:58:59'),(2355,1,'en','plugins/ecommerce/product-categories','edit','Edit product category','2023-07-02 19:58:59','2023-07-02 19:58:59'),(2356,1,'en','plugins/ecommerce/product-categories','list','List product categories','2023-07-02 19:58:59','2023-07-02 19:58:59'),(2357,1,'en','plugins/ecommerce/product-categories','none','None','2023-07-02 19:58:59','2023-07-02 19:58:59'),(2358,1,'en','plugins/ecommerce/product-categories','menu','Product categories','2023-07-02 19:58:59','2023-07-02 19:58:59'),(2359,1,'en','plugins/ecommerce/product-categories','intro.title','Manage product categories','2023-07-02 19:58:59','2023-07-02 19:58:59'),(2360,1,'en','plugins/ecommerce/product-categories','intro.description','Such as clothes, shoes, bags, jewelry ...','2023-07-02 19:58:59','2023-07-02 19:58:59'),(2361,1,'en','plugins/ecommerce/product-categories','intro.button_text','Create product category','2023-07-02 19:58:59','2023-07-02 19:58:59'),(2362,1,'en','plugins/ecommerce/product-categories','total_products','Total products: :total','2023-07-02 19:58:59','2023-07-02 19:58:59'),(2363,1,'en','plugins/ecommerce/product-collections','name','Product collections','2023-07-02 19:58:59','2023-07-02 19:58:59'),(2364,1,'en','plugins/ecommerce/product-collections','create','New product collection','2023-07-02 19:58:59','2023-07-02 19:58:59'),(2365,1,'en','plugins/ecommerce/product-collections','edit','Edit product collection','2023-07-02 19:58:59','2023-07-02 19:58:59'),(2366,1,'en','plugins/ecommerce/product-collections','slug_help_block','Label key: <code>:slug</code>. We will use this key for filter.','2023-07-02 19:59:00','2023-07-02 19:59:00'),(2367,1,'en','plugins/ecommerce/product-collections','intro.title','Manage product collections','2023-07-02 19:59:00','2023-07-02 19:59:00'),(2368,1,'en','plugins/ecommerce/product-collections','intro.description','Group your products into collections to make it easier for customers to find them by category.','2023-07-02 19:59:00','2023-07-02 19:59:00'),(2369,1,'en','plugins/ecommerce/product-collections','intro.button_text','Create product collection','2023-07-02 19:59:00','2023-07-02 19:59:00'),(2370,1,'en','plugins/ecommerce/product-label','name','Product labels','2023-07-02 19:59:00','2023-07-02 19:59:00'),(2371,1,'en','plugins/ecommerce/product-label','create','New product label','2023-07-02 19:59:00','2023-07-02 19:59:00'),(2372,1,'en','plugins/ecommerce/product-label','edit','Edit product label','2023-07-02 19:59:00','2023-07-02 19:59:00'),(2373,1,'en','plugins/ecommerce/product-label','color','Color','2023-07-02 19:59:00','2023-07-02 19:59:00'),(2374,1,'en','plugins/ecommerce/product-label','color_placeholder','Example: #f0f0f0','2023-07-02 19:59:00','2023-07-02 19:59:00'),(2375,1,'en','plugins/ecommerce/product-option','name','Product options','2023-07-02 19:59:00','2023-07-02 19:59:00'),(2376,1,'en','plugins/ecommerce/product-option','options','Options','2023-07-02 19:59:00','2023-07-02 19:59:00'),(2377,1,'en','plugins/ecommerce/product-option','create','New option','2023-07-02 19:59:00','2023-07-02 19:59:00'),(2378,1,'en','plugins/ecommerce/product-option','edit','Edit option :name','2023-07-02 19:59:00','2023-07-02 19:59:00'),(2379,1,'en','plugins/ecommerce/product-option','required','Is required?','2023-07-02 19:59:00','2023-07-02 19:59:00'),(2380,1,'en','plugins/ecommerce/product-option','option_value','Option value','2023-07-02 19:59:00','2023-07-02 19:59:00'),(2381,1,'en','plugins/ecommerce/product-option','option_type','Type','2023-07-02 19:59:00','2023-07-02 19:59:00'),(2382,1,'en','plugins/ecommerce/product-option','label','Label','2023-07-02 19:59:00','2023-07-02 19:59:00'),(2383,1,'en','plugins/ecommerce/product-option','price','Price','2023-07-02 19:59:00','2023-07-02 19:59:00'),(2384,1,'en','plugins/ecommerce/product-option','price_type','Price Type','2023-07-02 19:59:00','2023-07-02 19:59:00'),(2385,1,'en','plugins/ecommerce/product-option','percent','Percent','2023-07-02 19:59:00','2023-07-02 19:59:00'),(2386,1,'en','plugins/ecommerce/product-option','fixed','Fixed','2023-07-02 19:59:00','2023-07-02 19:59:00'),(2387,1,'en','plugins/ecommerce/product-option','label_placeholder','Please fill label','2023-07-02 19:59:00','2023-07-02 19:59:00'),(2388,1,'en','plugins/ecommerce/product-option','affect_price_label','Please fill affect price','2023-07-02 19:59:00','2023-07-02 19:59:00'),(2389,1,'en','plugins/ecommerce/product-option','add_new_row','Add new row','2023-07-02 19:59:00','2023-07-02 19:59:00'),(2390,1,'en','plugins/ecommerce/product-option','add_new_option','Add new option','2023-07-02 19:59:00','2023-07-02 19:59:00'),(2391,1,'en','plugins/ecommerce/product-option','select_global_option','Select Global Option','2023-07-02 19:59:00','2023-07-02 19:59:00'),(2392,1,'en','plugins/ecommerce/product-option','add_global_option','Add Global Option','2023-07-02 19:59:00','2023-07-02 19:59:00'),(2393,1,'en','plugins/ecommerce/product-option','please_select_option','Please select option','2023-07-02 19:59:00','2023-07-02 19:59:00'),(2394,1,'en','plugins/ecommerce/product-option','add_to_cart_value_required','Option :value is required','2023-07-02 19:59:00','2023-07-02 19:59:00'),(2395,1,'en','plugins/ecommerce/product-option','option_value_attribute','value :item of :value_key on option #:option_key','2023-07-02 19:59:00','2023-07-02 19:59:00'),(2396,1,'en','plugins/ecommerce/product-option','option_name_attribute','Option :key','2023-07-02 19:59:00','2023-07-02 19:59:00'),(2397,1,'en','plugins/ecommerce/product-option','option_type_attribute','Type of option :key','2023-07-02 19:59:00','2023-07-02 19:59:00'),(2398,1,'en','plugins/ecommerce/product-option','option_value_name_attribute','Values of option :key','2023-07-02 19:59:00','2023-07-02 19:59:00'),(2399,1,'en','plugins/ecommerce/product-option','please_choose_option_type','Please choose option type!','2023-07-02 19:59:00','2023-07-02 19:59:00'),(2400,1,'en','plugins/ecommerce/product-tag','name','Product tags','2023-07-02 19:59:00','2023-07-02 19:59:00'),(2401,1,'en','plugins/ecommerce/product-tag','create','New product tag','2023-07-02 19:59:00','2023-07-02 19:59:00'),(2402,1,'en','plugins/ecommerce/product-tag','edit','Edit product tag','2023-07-02 19:59:00','2023-07-02 19:59:00'),(2403,1,'en','plugins/ecommerce/products','name','Products','2023-07-02 19:59:00','2023-07-02 19:59:00'),(2404,1,'en','plugins/ecommerce/products','create','New product','2023-07-02 19:59:00','2023-07-02 19:59:00'),(2405,1,'en','plugins/ecommerce/products','create_product_type.physical','New physical product','2023-07-02 19:59:00','2023-07-02 19:59:00'),(2406,1,'en','plugins/ecommerce/products','create_product_type.digital','New digital product','2023-07-02 19:59:00','2023-07-02 19:59:00'),(2407,1,'en','plugins/ecommerce/products','edit','Edit product - :name','2023-07-02 19:59:00','2023-07-02 19:59:00'),(2408,1,'en','plugins/ecommerce/products','form.name','Name','2023-07-02 19:59:00','2023-07-02 19:59:00'),(2409,1,'en','plugins/ecommerce/products','form.name_placeholder','Product\'s name (Maximum 120 characters)','2023-07-02 19:59:00','2023-07-02 19:59:00'),(2410,1,'en','plugins/ecommerce/products','form.description','Description','2023-07-02 19:59:00','2023-07-02 19:59:00'),(2411,1,'en','plugins/ecommerce/products','form.description_placeholder','Short description for product (Maximum 400 characters)','2023-07-02 19:59:00','2023-07-02 19:59:00'),(2412,1,'en','plugins/ecommerce/products','form.categories','Categories','2023-07-02 19:59:00','2023-07-02 19:59:00'),(2413,1,'en','plugins/ecommerce/products','form.content','Content','2023-07-02 19:59:00','2023-07-02 19:59:00'),(2414,1,'en','plugins/ecommerce/products','form.price','Price','2023-07-02 19:59:00','2023-07-02 19:59:00'),(2415,1,'en','plugins/ecommerce/products','form.quantity','Quantity','2023-07-02 19:59:00','2023-07-02 19:59:00'),(2416,1,'en','plugins/ecommerce/products','form.brand','Brand','2023-07-02 19:59:00','2023-07-02 19:59:00'),(2417,1,'en','plugins/ecommerce/products','form.width','Width','2023-07-02 19:59:00','2023-07-02 19:59:00'),(2418,1,'en','plugins/ecommerce/products','form.height','Height','2023-07-02 19:59:00','2023-07-02 19:59:00'),(2419,1,'en','plugins/ecommerce/products','form.weight','Weight','2023-07-02 19:59:00','2023-07-02 19:59:00'),(2420,1,'en','plugins/ecommerce/products','form.date.start','From date','2023-07-02 19:59:00','2023-07-02 19:59:00'),(2421,1,'en','plugins/ecommerce/products','form.date.end','To date','2023-07-02 19:59:00','2023-07-02 19:59:00'),(2422,1,'en','plugins/ecommerce/products','form.image','Images','2023-07-02 19:59:00','2023-07-02 19:59:00'),(2423,1,'en','plugins/ecommerce/products','form.collections','Product collections','2023-07-02 19:59:00','2023-07-02 19:59:00'),(2424,1,'en','plugins/ecommerce/products','form.labels','Labels','2023-07-02 19:59:00','2023-07-02 19:59:00'),(2425,1,'en','plugins/ecommerce/products','form.price_sale','Price sale','2023-07-02 19:59:00','2023-07-02 19:59:00'),(2426,1,'en','plugins/ecommerce/products','form.product_type.title','Product type','2023-07-02 19:59:00','2023-07-02 19:59:00'),(2427,1,'en','plugins/ecommerce/products','form.product','Product','2023-07-02 19:59:00','2023-07-02 19:59:00'),(2428,1,'en','plugins/ecommerce/products','form.total','Total','2023-07-02 19:59:00','2023-07-02 19:59:00'),(2429,1,'en','plugins/ecommerce/products','form.sub_total','Subtotal','2023-07-02 19:59:00','2023-07-02 19:59:00'),(2430,1,'en','plugins/ecommerce/products','form.shipping_fee','Shipping fee','2023-07-02 19:59:00','2023-07-02 19:59:00'),(2431,1,'en','plugins/ecommerce/products','form.discount','Discount','2023-07-02 19:59:00','2023-07-02 19:59:00'),(2432,1,'en','plugins/ecommerce/products','form.options','Options','2023-07-02 19:59:00','2023-07-02 19:59:00'),(2433,1,'en','plugins/ecommerce/products','form.shipping.height','Height','2023-07-02 19:59:00','2023-07-02 19:59:00'),(2434,1,'en','plugins/ecommerce/products','form.shipping.length','Length','2023-07-02 19:59:00','2023-07-02 19:59:00'),(2435,1,'en','plugins/ecommerce/products','form.shipping.title','Shipping','2023-07-02 19:59:00','2023-07-02 19:59:00'),(2436,1,'en','plugins/ecommerce/products','form.shipping.weight','Weight','2023-07-02 19:59:00','2023-07-02 19:59:00'),(2437,1,'en','plugins/ecommerce/products','form.shipping.wide','Wide','2023-07-02 19:59:00','2023-07-02 19:59:00'),(2438,1,'en','plugins/ecommerce/products','form.barcode','Barcode (ISBN, UPC, GTIN, etc.) ','2023-07-02 19:59:00','2023-07-02 19:59:00'),(2439,1,'en','plugins/ecommerce/products','form.barcode_placeholder','Enter barcode','2023-07-02 19:59:00','2023-07-02 19:59:00'),(2440,1,'en','plugins/ecommerce/products','form.cost_per_item','Cost per item','2023-07-02 19:59:00','2023-07-02 19:59:00'),(2441,1,'en','plugins/ecommerce/products','form.cost_per_item_placeholder','Enter cost per item','2023-07-02 19:59:00','2023-07-02 19:59:00'),(2442,1,'en','plugins/ecommerce/products','form.cost_per_item_helper','Customers won\'t see this price.','2023-07-02 19:59:00','2023-07-02 19:59:00'),(2443,1,'en','plugins/ecommerce/products','form.stock.allow_order_when_out','Allow customer checkout when this product out of stock','2023-07-02 19:59:00','2023-07-02 19:59:00'),(2444,1,'en','plugins/ecommerce/products','form.stock.in_stock','In stock','2023-07-02 19:59:00','2023-07-02 19:59:00'),(2445,1,'en','plugins/ecommerce/products','form.stock.out_stock','Out stock','2023-07-02 19:59:00','2023-07-02 19:59:00'),(2446,1,'en','plugins/ecommerce/products','form.stock.title','Stock status','2023-07-02 19:59:00','2023-07-02 19:59:00'),(2447,1,'en','plugins/ecommerce/products','form.storehouse.no_storehouse','No storehouse management','2023-07-02 19:59:00','2023-07-02 19:59:00'),(2448,1,'en','plugins/ecommerce/products','form.storehouse.storehouse','With storehouse management','2023-07-02 19:59:00','2023-07-02 19:59:00'),(2449,1,'en','plugins/ecommerce/products','form.storehouse.title','Storehouse','2023-07-02 19:59:00','2023-07-02 19:59:00'),(2450,1,'en','plugins/ecommerce/products','form.storehouse.quantity','Quantity','2023-07-02 19:59:00','2023-07-02 19:59:00'),(2451,1,'en','plugins/ecommerce/products','form.tax','Tax','2023-07-02 19:59:00','2023-07-02 19:59:00'),(2452,1,'en','plugins/ecommerce/products','form.taxes','Taxes','2023-07-02 19:59:00','2023-07-02 19:59:00'),(2453,1,'en','plugins/ecommerce/products','form.is_default','Is default','2023-07-02 19:59:00','2023-07-02 19:59:00'),(2454,1,'en','plugins/ecommerce/products','form.action','Action','2023-07-02 19:59:00','2023-07-02 19:59:00'),(2455,1,'en','plugins/ecommerce/products','form.restock_quantity','Restock quantity','2023-07-02 19:59:00','2023-07-02 19:59:00'),(2456,1,'en','plugins/ecommerce/products','form.remain','Remain','2023-07-02 19:59:00','2023-07-02 19:59:00'),(2457,1,'en','plugins/ecommerce/products','form.choose_discount_period','Choose Discount Period','2023-07-02 19:59:00','2023-07-02 19:59:00'),(2458,1,'en','plugins/ecommerce/products','form.cancel','Cancel','2023-07-02 19:59:00','2023-07-02 19:59:00'),(2459,1,'en','plugins/ecommerce/products','form.no_results','No results!','2023-07-02 19:59:00','2023-07-02 19:59:00'),(2460,1,'en','plugins/ecommerce/products','form.value','Value','2023-07-02 19:59:00','2023-07-02 19:59:00'),(2461,1,'en','plugins/ecommerce/products','form.attribute_name','Attribute name','2023-07-02 19:59:00','2023-07-02 19:59:00'),(2462,1,'en','plugins/ecommerce/products','form.add_more_attribute','Add more attribute','2023-07-02 19:59:00','2023-07-02 19:59:00'),(2463,1,'en','plugins/ecommerce/products','form.continue','Continue','2023-07-02 19:59:00','2023-07-02 19:59:00'),(2464,1,'en','plugins/ecommerce/products','form.add_new_attributes','Add new attributes','2023-07-02 19:59:00','2023-07-02 19:59:00'),(2465,1,'en','plugins/ecommerce/products','form.add_new_attributes_description','Adding new attributes helps the product to have many options, such as size or color.','2023-07-02 19:59:00','2023-07-02 19:59:00'),(2466,1,'en','plugins/ecommerce/products','form.create_product_variations',':link to create product variations!','2023-07-02 19:59:00','2023-07-02 19:59:00'),(2467,1,'en','plugins/ecommerce/products','form.tags','Tags','2023-07-02 19:59:00','2023-07-02 19:59:00'),(2468,1,'en','plugins/ecommerce/products','form.write_some_tags','Write some tags','2023-07-02 19:59:00','2023-07-02 19:59:00'),(2469,1,'en','plugins/ecommerce/products','form.variation_existed','This variation is existed.','2023-07-02 19:59:00','2023-07-02 19:59:00'),(2470,1,'en','plugins/ecommerce/products','form.no_attributes_selected','No attributes selected!','2023-07-02 19:59:00','2023-07-02 19:59:00'),(2471,1,'en','plugins/ecommerce/products','form.added_variation_success','Added variation successfully!','2023-07-02 19:59:00','2023-07-02 19:59:00'),(2472,1,'en','plugins/ecommerce/products','form.updated_variation_success','Updated variation successfully!','2023-07-02 19:59:00','2023-07-02 19:59:00'),(2473,1,'en','plugins/ecommerce/products','form.created_all_variation_success','Created all variations successfully!','2023-07-02 19:59:00','2023-07-02 19:59:00'),(2474,1,'en','plugins/ecommerce/products','form.updated_product_attributes_success','Updated product attributes successfully!','2023-07-02 19:59:00','2023-07-02 19:59:00'),(2475,1,'en','plugins/ecommerce/products','form.stock_status','Stock status','2023-07-02 19:59:00','2023-07-02 19:59:00'),(2476,1,'en','plugins/ecommerce/products','form.auto_generate_sku','Auto generate SKU?','2023-07-02 19:59:00','2023-07-02 19:59:00'),(2477,1,'en','plugins/ecommerce/products','form.featured_image','Featured image (optional)','2023-07-02 19:59:00','2023-07-02 19:59:00'),(2478,1,'en','plugins/ecommerce/products','form.product_id','Product ID','2023-07-02 19:59:00','2023-07-02 19:59:00'),(2479,1,'en','plugins/ecommerce/products','price','Price','2023-07-02 19:59:00','2023-07-02 19:59:00'),(2480,1,'en','plugins/ecommerce/products','quantity','Quantity','2023-07-02 19:59:00','2023-07-02 19:59:00'),(2481,1,'en','plugins/ecommerce/products','type','Type','2023-07-02 19:59:00','2023-07-02 19:59:00'),(2482,1,'en','plugins/ecommerce/products','image','Thumbnail','2023-07-02 19:59:00','2023-07-02 19:59:00'),(2483,1,'en','plugins/ecommerce/products','sku','SKU','2023-07-02 19:59:00','2023-07-02 19:59:00'),(2484,1,'en','plugins/ecommerce/products','variation_sku','Variation SKU','2023-07-02 19:59:00','2023-07-02 19:59:00'),(2485,1,'en','plugins/ecommerce/products','brand','Brand','2023-07-02 19:59:00','2023-07-02 19:59:00'),(2486,1,'en','plugins/ecommerce/products','cannot_delete','Product could not be deleted','2023-07-02 19:59:00','2023-07-02 19:59:00'),(2487,1,'en','plugins/ecommerce/products','product_deleted','Product deleted','2023-07-02 19:59:00','2023-07-02 19:59:00'),(2488,1,'en','plugins/ecommerce/products','product_collections','Product collections','2023-07-02 19:59:00','2023-07-02 19:59:00'),(2489,1,'en','plugins/ecommerce/products','products','Products','2023-07-02 19:59:00','2023-07-02 19:59:00'),(2490,1,'en','plugins/ecommerce/products','menu','Products','2023-07-02 19:59:00','2023-07-02 19:59:00'),(2491,1,'en','plugins/ecommerce/products','control.button_add_image','Add image','2023-07-02 19:59:00','2023-07-02 19:59:00'),(2492,1,'en','plugins/ecommerce/products','price_sale','Sale price','2023-07-02 19:59:00','2023-07-02 19:59:00'),(2493,1,'en','plugins/ecommerce/products','price_group_title','Manager product price','2023-07-02 19:59:00','2023-07-02 19:59:00'),(2494,1,'en','plugins/ecommerce/products','store_house_group_title','Manager store house','2023-07-02 19:59:00','2023-07-02 19:59:00'),(2495,1,'en','plugins/ecommerce/products','shipping_group_title','Manager shipping','2023-07-02 19:59:00','2023-07-02 19:59:00'),(2496,1,'en','plugins/ecommerce/products','overview','Overview','2023-07-02 19:59:00','2023-07-02 19:59:00'),(2497,1,'en','plugins/ecommerce/products','attributes','Attributes','2023-07-02 19:59:00','2023-07-02 19:59:00'),(2498,1,'en','plugins/ecommerce/products','product_has_variations','Product has variations','2023-07-02 19:59:00','2023-07-02 19:59:00'),(2499,1,'en','plugins/ecommerce/products','manage_products','Manage products','2023-07-02 19:59:00','2023-07-02 19:59:00'),(2500,1,'en','plugins/ecommerce/products','add_new_product','Add a new product','2023-07-02 19:59:00','2023-07-02 19:59:00'),(2501,1,'en','plugins/ecommerce/products','start_by_adding_new_product','Start by adding new products.','2023-07-02 19:59:00','2023-07-02 19:59:00'),(2502,1,'en','plugins/ecommerce/products','edit_this_product','Edit this product','2023-07-02 19:59:00','2023-07-02 19:59:00'),(2503,1,'en','plugins/ecommerce/products','delete','Delete','2023-07-02 19:59:00','2023-07-02 19:59:00'),(2504,1,'en','plugins/ecommerce/products','related_products','Related products','2023-07-02 19:59:00','2023-07-02 19:59:00'),(2505,1,'en','plugins/ecommerce/products','cross_selling_products','Cross-selling products','2023-07-02 19:59:00','2023-07-02 19:59:00'),(2506,1,'en','plugins/ecommerce/products','up_selling_products','Up-selling products','2023-07-02 19:59:00','2023-07-02 19:59:00'),(2507,1,'en','plugins/ecommerce/products','grouped_products','Grouped products','2023-07-02 19:59:00','2023-07-02 19:59:00'),(2508,1,'en','plugins/ecommerce/products','search_products','Search products','2023-07-02 19:59:00','2023-07-02 19:59:00'),(2509,1,'en','plugins/ecommerce/products','selected_products','Selected products','2023-07-02 19:59:00','2023-07-02 19:59:00'),(2510,1,'en','plugins/ecommerce/products','edit_variation_item','Edit','2023-07-02 19:59:00','2023-07-02 19:59:00'),(2511,1,'en','plugins/ecommerce/products','variations_box_description','Click on \"Edit attribute\" to add/remove attributes of variation or click on \"Add new variation\" to add variation.','2023-07-02 19:59:00','2023-07-02 19:59:00'),(2512,1,'en','plugins/ecommerce/products','save_changes','Save changes','2023-07-02 19:59:00','2023-07-02 19:59:00'),(2513,1,'en','plugins/ecommerce/products','continue','Continue','2023-07-02 19:59:00','2023-07-02 19:59:00'),(2514,1,'en','plugins/ecommerce/products','edit_attribute','Edit attribute','2023-07-02 19:59:00','2023-07-02 19:59:00'),(2515,1,'en','plugins/ecommerce/products','select_attribute','Select attribute','2023-07-02 19:59:00','2023-07-02 19:59:00'),(2516,1,'en','plugins/ecommerce/products','add_new_variation','Add new variation','2023-07-02 19:59:00','2023-07-02 19:59:00'),(2517,1,'en','plugins/ecommerce/products','edit_variation','Edit variation','2023-07-02 19:59:00','2023-07-02 19:59:00'),(2518,1,'en','plugins/ecommerce/products','generate_all_variations','Generate all variations','2023-07-02 19:59:00','2023-07-02 19:59:00'),(2519,1,'en','plugins/ecommerce/products','generate_all_variations_confirmation','Are you sure you want to generate all variations for this product?','2023-07-02 19:59:00','2023-07-02 19:59:00'),(2520,1,'en','plugins/ecommerce/products','delete_variation','Delete variation?','2023-07-02 19:59:00','2023-07-02 19:59:00'),(2521,1,'en','plugins/ecommerce/products','delete_variation_confirmation','Are you sure you want to delete this variation? This action cannot be undo.','2023-07-02 19:59:00','2023-07-02 19:59:00'),(2522,1,'en','plugins/ecommerce/products','delete_variations_confirmation','Are you sure you want to delete those variations? This action cannot be undo.','2023-07-02 19:59:00','2023-07-02 19:59:00'),(2523,1,'en','plugins/ecommerce/products','product_create_validate_name_required','Please enter product\'s name','2023-07-02 19:59:00','2023-07-02 19:59:00'),(2524,1,'en','plugins/ecommerce/products','product_create_validate_sale_price_max','The discount must be less than the original price','2023-07-02 19:59:00','2023-07-02 19:59:00'),(2525,1,'en','plugins/ecommerce/products','product_create_validate_cost_per_item_max','The cost per item must be less than the original price','2023-07-02 19:59:00','2023-07-02 19:59:00'),(2526,1,'en','plugins/ecommerce/products','product_create_validate_sale_price_required_if','Must enter a discount when you want to schedule a promotion','2023-07-02 19:59:00','2023-07-02 19:59:00'),(2527,1,'en','plugins/ecommerce/products','product_create_validate_end_date_after','End date must be after start date','2023-07-02 19:59:00','2023-07-02 19:59:00'),(2528,1,'en','plugins/ecommerce/products','product_create_validate_start_date_required_if','Discount start date cannot be left blank when scheduling is selected','2023-07-02 19:59:00','2023-07-02 19:59:00'),(2529,1,'en','plugins/ecommerce/products','product_create_validate_sale_price','Discounts cannot be left blank when scheduling is selected','2023-07-02 19:59:00','2023-07-02 19:59:00'),(2530,1,'en','plugins/ecommerce/products','stock_statuses.in_stock','In stock','2023-07-02 19:59:00','2023-07-02 19:59:00'),(2531,1,'en','plugins/ecommerce/products','stock_statuses.out_of_stock','Out of stock','2023-07-02 19:59:00','2023-07-02 19:59:00'),(2532,1,'en','plugins/ecommerce/products','stock_statuses.on_backorder','On backorder','2023-07-02 19:59:00','2023-07-02 19:59:00'),(2533,1,'en','plugins/ecommerce/products','stock_status','Stock status','2023-07-02 19:59:00','2023-07-02 19:59:00'),(2534,1,'en','plugins/ecommerce/products','processing','Processing...','2023-07-02 19:59:00','2023-07-02 19:59:00'),(2535,1,'en','plugins/ecommerce/products','delete_selected_variations','Delete selected variations','2023-07-02 19:59:00','2023-07-02 19:59:00'),(2536,1,'en','plugins/ecommerce/products','delete_variations','Delete variations','2023-07-02 19:59:00','2023-07-02 19:59:00'),(2537,1,'en','plugins/ecommerce/products','category','Category','2023-07-02 19:59:01','2023-07-02 19:59:01'),(2538,1,'en','plugins/ecommerce/products','product_price_flash_sale_warning','This product is in flash sale <strong>:name</strong> so its price is <strong>:price</strong>.','2023-07-02 19:59:01','2023-07-02 19:59:01'),(2539,1,'en','plugins/ecommerce/products','product_price_discount_warning','This product is in discount <strong>:name</strong> so its price is <strong>:price</strong>.','2023-07-02 19:59:01','2023-07-02 19:59:01'),(2540,1,'en','plugins/ecommerce/products','product_image','Product image','2023-07-02 19:59:01','2023-07-02 19:59:01'),(2541,1,'en','plugins/ecommerce/products','product_name','Product name','2023-07-02 19:59:01','2023-07-02 19:59:01'),(2542,1,'en','plugins/ecommerce/products','types.physical','Physical','2023-07-02 19:59:01','2023-07-02 19:59:01'),(2543,1,'en','plugins/ecommerce/products','types.digital','Digital','2023-07-02 19:59:01','2023-07-02 19:59:01'),(2544,1,'en','plugins/ecommerce/products','digital_attachments.title','Digital attachments','2023-07-02 19:59:01','2023-07-02 19:59:01'),(2545,1,'en','plugins/ecommerce/products','digital_attachments.add','Add Attachment','2023-07-02 19:59:01','2023-07-02 19:59:01'),(2546,1,'en','plugins/ecommerce/products','digital_attachments.file_name','File name','2023-07-02 19:59:01','2023-07-02 19:59:01'),(2547,1,'en','plugins/ecommerce/products','digital_attachments.file_size','File size','2023-07-02 19:59:01','2023-07-02 19:59:01'),(2548,1,'en','plugins/ecommerce/products','digital_attachments.unsaved','Unsaved','2023-07-02 19:59:01','2023-07-02 19:59:01'),(2549,1,'en','plugins/ecommerce/products','digital_attachments.add_external_link','Add external link','2023-07-02 19:59:01','2023-07-02 19:59:01'),(2550,1,'en','plugins/ecommerce/products','digital_attachments.enter_file_name','Enter file name','2023-07-02 19:59:01','2023-07-02 19:59:01'),(2551,1,'en','plugins/ecommerce/products','digital_attachments.enter_external_link_download','Enter external link download','2023-07-02 19:59:01','2023-07-02 19:59:01'),(2552,1,'en','plugins/ecommerce/products','digital_attachments.enter_file_size','Enter file size','2023-07-02 19:59:01','2023-07-02 19:59:01'),(2553,1,'en','plugins/ecommerce/products','digital_attachments.external_link_download','External link download','2023-07-02 19:59:01','2023-07-02 19:59:01'),(2554,1,'en','plugins/ecommerce/products','digital_attachments.generate_license_code_after_purchasing_product','Generate license code after purchasing this product?','2023-07-02 19:59:01','2023-07-02 19:59:01'),(2555,1,'en','plugins/ecommerce/products','this_action_will_reload_page','This action will reload the page to update the data!','2023-07-02 19:59:01','2023-07-02 19:59:01'),(2556,1,'en','plugins/ecommerce/products','select','Select','2023-07-02 19:59:01','2023-07-02 19:59:01'),(2557,1,'en','plugins/ecommerce/products','set_this_variant_as_default','Set this variant as default','2023-07-02 19:59:01','2023-07-02 19:59:01'),(2558,1,'en','plugins/ecommerce/products','download','Download','2023-07-02 19:59:01','2023-07-02 19:59:01'),(2559,1,'en','plugins/ecommerce/reports','name','Report','2023-07-02 19:59:01','2023-07-02 19:59:01'),(2560,1,'en','plugins/ecommerce/reports','widget.order.title','Orders','2023-07-02 19:59:01','2023-07-02 19:59:01'),(2561,1,'en','plugins/ecommerce/reports','count.revenue','Today revenue','2023-07-02 19:59:01','2023-07-02 19:59:01'),(2562,1,'en','plugins/ecommerce/reports','count.orders','Today orders','2023-07-02 19:59:01','2023-07-02 19:59:01'),(2563,1,'en','plugins/ecommerce/reports','count.products','Total products','2023-07-02 19:59:01','2023-07-02 19:59:01'),(2564,1,'en','plugins/ecommerce/reports','count.customers','Total customers','2023-07-02 19:59:01','2023-07-02 19:59:01'),(2565,1,'en','plugins/ecommerce/reports','product_name','Product name','2023-07-02 19:59:01','2023-07-02 19:59:01'),(2566,1,'en','plugins/ecommerce/reports','quantity','Quantity','2023-07-02 19:59:01','2023-07-02 19:59:01'),(2567,1,'en','plugins/ecommerce/reports','revenue_statistics','Revenue statistics','2023-07-02 19:59:01','2023-07-02 19:59:01'),(2568,1,'en','plugins/ecommerce/reports','top_selling_products','Top Selling Products','2023-07-02 19:59:01','2023-07-02 19:59:01'),(2569,1,'en','plugins/ecommerce/reports','ranges.today','Today','2023-07-02 19:59:01','2023-07-02 19:59:01'),(2570,1,'en','plugins/ecommerce/reports','ranges.this_week','This week','2023-07-02 19:59:01','2023-07-02 19:59:01'),(2571,1,'en','plugins/ecommerce/reports','ranges.last_7_days','Last 7 days','2023-07-02 19:59:01','2023-07-02 19:59:01'),(2572,1,'en','plugins/ecommerce/reports','ranges.last_30_days','Last 30 days','2023-07-02 19:59:01','2023-07-02 19:59:01'),(2573,1,'en','plugins/ecommerce/reports','ranges.this_month','This month','2023-07-02 19:59:01','2023-07-02 19:59:01'),(2574,1,'en','plugins/ecommerce/reports','ranges.this_year','This year','2023-07-02 19:59:01','2023-07-02 19:59:01'),(2575,1,'en','plugins/ecommerce/reports','revenue_this_month','Revenue this month','2023-07-02 19:59:01','2023-07-02 19:59:01'),(2576,1,'en','plugins/ecommerce/reports','order_processing_this_month','order(s) processing in this month','2023-07-02 19:59:01','2023-07-02 19:59:01'),(2577,1,'en','plugins/ecommerce/reports','order_completed_this_month','order(s) completed in this month','2023-07-02 19:59:01','2023-07-02 19:59:01'),(2578,1,'en','plugins/ecommerce/reports','product_will_be_out_of_stock','product(s) will be out of stock soon','2023-07-02 19:59:01','2023-07-02 19:59:01'),(2579,1,'en','plugins/ecommerce/reports','product_out_of_stock','product(s) out of stock','2023-07-02 19:59:01','2023-07-02 19:59:01'),(2580,1,'en','plugins/ecommerce/reports','sales_reports','Sales Reports','2023-07-02 19:59:01','2023-07-02 19:59:01'),(2581,1,'en','plugins/ecommerce/reports','total_earnings','Total Earnings','2023-07-02 19:59:01','2023-07-02 19:59:01'),(2582,1,'en','plugins/ecommerce/reports','recent_orders','Recent Orders','2023-07-02 19:59:01','2023-07-02 19:59:01'),(2583,1,'en','plugins/ecommerce/reports','trending_products','Trending Products','2023-07-02 19:59:01','2023-07-02 19:59:01'),(2584,1,'en','plugins/ecommerce/reports','statistics','Statistics','2023-07-02 19:59:01','2023-07-02 19:59:01'),(2585,1,'en','plugins/ecommerce/reports','items_earning_sales','Items Earning Sales: :value','2023-07-02 19:59:01','2023-07-02 19:59:01'),(2586,1,'en','plugins/ecommerce/reports','revenue','Revenue','2023-07-02 19:59:01','2023-07-02 19:59:01'),(2587,1,'en','plugins/ecommerce/reports','orders','Orders','2023-07-02 19:59:01','2023-07-02 19:59:01'),(2588,1,'en','plugins/ecommerce/reports','products','Products','2023-07-02 19:59:01','2023-07-02 19:59:01'),(2589,1,'en','plugins/ecommerce/reports','customers','Customers','2023-07-02 19:59:01','2023-07-02 19:59:01'),(2590,1,'en','plugins/ecommerce/reports','earnings','Earnings','2023-07-02 19:59:01','2023-07-02 19:59:01'),(2591,1,'en','plugins/ecommerce/reports','views','Views','2023-07-02 19:59:01','2023-07-02 19:59:01'),(2592,1,'en','plugins/ecommerce/reports','date_range_format_value','From :from to :to','2023-07-02 19:59:01','2023-07-02 19:59:01'),(2593,1,'en','plugins/ecommerce/reports','select_range','Select Range','2023-07-02 19:59:01','2023-07-02 19:59:01'),(2594,1,'en','plugins/ecommerce/reports','customers_chart','Customers','2023-07-02 19:59:01','2023-07-02 19:59:01'),(2595,1,'en','plugins/ecommerce/reports','orders_chart','Orders','2023-07-02 19:59:01','2023-07-02 19:59:01'),(2596,1,'en','plugins/ecommerce/reports','number_of_orders','Number of orders','2023-07-02 19:59:01','2023-07-02 19:59:01'),(2597,1,'en','plugins/ecommerce/reports','number_of_customers','Number of customers','2023-07-02 19:59:01','2023-07-02 19:59:01'),(2598,1,'en','plugins/ecommerce/review','name','Reviews','2023-07-02 19:59:01','2023-07-02 19:59:01'),(2599,1,'en','plugins/ecommerce/review','add_review','Add review','2023-07-02 19:59:01','2023-07-02 19:59:01'),(2600,1,'en','plugins/ecommerce/review','delete_review','Delete review','2023-07-02 19:59:01','2023-07-02 19:59:01'),(2601,1,'en','plugins/ecommerce/review','create_review','Create Review','2023-07-02 19:59:01','2023-07-02 19:59:01'),(2602,1,'en','plugins/ecommerce/review','please_select_rating','Please select rating','2023-07-02 19:59:01','2023-07-02 19:59:01'),(2603,1,'en','plugins/ecommerce/review','comment','Comment','2023-07-02 19:59:01','2023-07-02 19:59:01'),(2604,1,'en','plugins/ecommerce/review','approve','Approve','2023-07-02 19:59:01','2023-07-02 19:59:01'),(2605,1,'en','plugins/ecommerce/review','approved','Approved','2023-07-02 19:59:01','2023-07-02 19:59:01'),(2606,1,'en','plugins/ecommerce/review','disapprove','Disapprove','2023-07-02 19:59:01','2023-07-02 19:59:01'),(2607,1,'en','plugins/ecommerce/review','disapproved','Disapproved','2023-07-02 19:59:01','2023-07-02 19:59:01'),(2608,1,'en','plugins/ecommerce/review','product','Product','2023-07-02 19:59:01','2023-07-02 19:59:01'),(2609,1,'en','plugins/ecommerce/review','user','User','2023-07-02 19:59:01','2023-07-02 19:59:01'),(2610,1,'en','plugins/ecommerce/review','star','Star','2023-07-02 19:59:01','2023-07-02 19:59:01'),(2611,1,'en','plugins/ecommerce/review','status','Status','2023-07-02 19:59:01','2023-07-02 19:59:01'),(2612,1,'en','plugins/ecommerce/review','list_review','Customer reviews','2023-07-02 19:59:01','2023-07-02 19:59:01'),(2613,1,'en','plugins/ecommerce/review','intro.title','Manage customer reviews','2023-07-02 19:59:01','2023-07-02 19:59:01'),(2614,1,'en','plugins/ecommerce/review','intro.description','Customer reviews will be shown here and you can manage it to show/hide in product detail page.','2023-07-02 19:59:01','2023-07-02 19:59:01'),(2615,1,'en','plugins/ecommerce/review','images','Images','2023-07-02 19:59:01','2023-07-02 19:59:01'),(2616,1,'en','plugins/ecommerce/shipping','name','Shipping Rules','2023-07-02 19:59:01','2023-07-02 19:59:01'),(2617,1,'en','plugins/ecommerce/shipping','shipping','Shipping','2023-07-02 19:59:01','2023-07-02 19:59:01'),(2618,1,'en','plugins/ecommerce/shipping','title','Title','2023-07-02 19:59:01','2023-07-02 19:59:01'),(2619,1,'en','plugins/ecommerce/shipping','amount','Amount','2023-07-02 19:59:01','2023-07-02 19:59:01'),(2620,1,'en','plugins/ecommerce/shipping','enable','Enable','2023-07-02 19:59:01','2023-07-02 19:59:01'),(2621,1,'en','plugins/ecommerce/shipping','enabled','Enabled','2023-07-02 19:59:01','2023-07-02 19:59:01'),(2622,1,'en','plugins/ecommerce/shipping','disable','Disable','2023-07-02 19:59:01','2023-07-02 19:59:01'),(2623,1,'en','plugins/ecommerce/shipping','disabled','Disabled','2023-07-02 19:59:01','2023-07-02 19:59:01'),(2624,1,'en','plugins/ecommerce/shipping','create_shipping','Create a shipping','2023-07-02 19:59:01','2023-07-02 19:59:01'),(2625,1,'en','plugins/ecommerce/shipping','edit_shipping','Edit shipping :code','2023-07-02 19:59:01','2023-07-02 19:59:01'),(2626,1,'en','plugins/ecommerce/shipping','status','Status','2023-07-02 19:59:01','2023-07-02 19:59:01'),(2627,1,'en','plugins/ecommerce/shipping','shipping_methods','Shipping methods','2023-07-02 19:59:01','2023-07-02 19:59:01'),(2628,1,'en','plugins/ecommerce/shipping','create_shipping_method','Create shipping method','2023-07-02 19:59:01','2023-07-02 19:59:01'),(2629,1,'en','plugins/ecommerce/shipping','edit_shipping_method','Edit shipping method','2023-07-02 19:59:01','2023-07-02 19:59:01'),(2630,1,'en','plugins/ecommerce/shipping','add_shipping_region','Add shipping region','2023-07-02 19:59:01','2023-07-02 19:59:01'),(2631,1,'en','plugins/ecommerce/shipping','country','Country','2023-07-02 19:59:01','2023-07-02 19:59:01'),(2632,1,'en','plugins/ecommerce/shipping','state','State','2023-07-02 19:59:01','2023-07-02 19:59:01'),(2633,1,'en','plugins/ecommerce/shipping','city','City','2023-07-02 19:59:01','2023-07-02 19:59:01'),(2634,1,'en','plugins/ecommerce/shipping','address','Address','2023-07-02 19:59:01','2023-07-02 19:59:01'),(2635,1,'en','plugins/ecommerce/shipping','phone','Phone','2023-07-02 19:59:01','2023-07-02 19:59:01'),(2636,1,'en','plugins/ecommerce/shipping','email','Email','2023-07-02 19:59:01','2023-07-02 19:59:01'),(2637,1,'en','plugins/ecommerce/shipping','zip_code','Zip code','2023-07-02 19:59:01','2023-07-02 19:59:01'),(2638,1,'en','plugins/ecommerce/shipping','methods.default','Default','2023-07-02 19:59:01','2023-07-02 19:59:01'),(2639,1,'en','plugins/ecommerce/shipping','statuses.not_approved','Not approved','2023-07-02 19:59:01','2023-07-02 19:59:01'),(2640,1,'en','plugins/ecommerce/shipping','statuses.approved','Approved','2023-07-02 19:59:01','2023-07-02 19:59:01'),(2641,1,'en','plugins/ecommerce/shipping','statuses.pending','Pending','2023-07-02 19:59:01','2023-07-02 19:59:01'),(2642,1,'en','plugins/ecommerce/shipping','statuses.arrange_shipment','Arrange shipment','2023-07-02 19:59:01','2023-07-02 19:59:01'),(2643,1,'en','plugins/ecommerce/shipping','statuses.ready_to_be_shipped_out','Ready to be shipped out','2023-07-02 19:59:01','2023-07-02 19:59:01'),(2644,1,'en','plugins/ecommerce/shipping','statuses.picking','Picking','2023-07-02 19:59:01','2023-07-02 19:59:01'),(2645,1,'en','plugins/ecommerce/shipping','statuses.delay_picking','Delay picking','2023-07-02 19:59:01','2023-07-02 19:59:01'),(2646,1,'en','plugins/ecommerce/shipping','statuses.picked','Picked','2023-07-02 19:59:01','2023-07-02 19:59:01'),(2647,1,'en','plugins/ecommerce/shipping','statuses.not_picked','Not picked','2023-07-02 19:59:01','2023-07-02 19:59:01'),(2648,1,'en','plugins/ecommerce/shipping','statuses.delivering','Delivering','2023-07-02 19:59:01','2023-07-02 19:59:01'),(2649,1,'en','plugins/ecommerce/shipping','statuses.delivered','Delivered','2023-07-02 19:59:01','2023-07-02 19:59:01'),(2650,1,'en','plugins/ecommerce/shipping','statuses.not_delivered','Not delivered','2023-07-02 19:59:01','2023-07-02 19:59:01'),(2651,1,'en','plugins/ecommerce/shipping','statuses.audited','Audited','2023-07-02 19:59:01','2023-07-02 19:59:01'),(2652,1,'en','plugins/ecommerce/shipping','statuses.canceled','Canceled','2023-07-02 19:59:01','2023-07-02 19:59:01'),(2653,1,'en','plugins/ecommerce/shipping','cod_statuses.pending','Pending','2023-07-02 19:59:01','2023-07-02 19:59:01'),(2654,1,'en','plugins/ecommerce/shipping','cod_statuses.completed','Completed','2023-07-02 19:59:01','2023-07-02 19:59:01'),(2655,1,'en','plugins/ecommerce/shipping','delete','Delete','2023-07-02 19:59:01','2023-07-02 19:59:01'),(2656,1,'en','plugins/ecommerce/shipping','shipping_rules','Shipping Rules','2023-07-02 19:59:01','2023-07-02 19:59:01'),(2657,1,'en','plugins/ecommerce/shipping','shipping_rules_description','Rules to calculate shipping fee.','2023-07-02 19:59:01','2023-07-02 19:59:01'),(2658,1,'en','plugins/ecommerce/shipping','select_country','Select country','2023-07-02 19:59:01','2023-07-02 19:59:01'),(2659,1,'en','plugins/ecommerce/shipping','add_shipping_rule','Add shipping rule','2023-07-02 19:59:01','2023-07-02 19:59:01'),(2660,1,'en','plugins/ecommerce/shipping','delete_shipping_rate','Delete shipping rate for area','2023-07-02 19:59:01','2023-07-02 19:59:01'),(2661,1,'en','plugins/ecommerce/shipping','delete_shipping_rate_confirmation','Are you sure you want to delete <strong class=\"region-price-item-label\"></strong> from this shipping area?','2023-07-02 19:59:01','2023-07-02 19:59:01'),(2662,1,'en','plugins/ecommerce/shipping','delete_shipping_area','Delete shipping area','2023-07-02 19:59:01','2023-07-02 19:59:01'),(2663,1,'en','plugins/ecommerce/shipping','delete_shipping_area_confirmation','Are you sure you want to delete shipping area <strong class=\"region-item-label\"></strong>?','2023-07-02 19:59:01','2023-07-02 19:59:01'),(2664,1,'en','plugins/ecommerce/shipping','add_shipping_fee_for_area','Add shipping fee for area','2023-07-02 19:59:01','2023-07-02 19:59:01'),(2665,1,'en','plugins/ecommerce/shipping','confirm','Confirm','2023-07-02 19:59:01','2023-07-02 19:59:01'),(2666,1,'en','plugins/ecommerce/shipping','save','Save','2023-07-02 19:59:01','2023-07-02 19:59:01'),(2667,1,'en','plugins/ecommerce/shipping','greater_than','Greater than','2023-07-02 19:59:01','2023-07-02 19:59:01'),(2668,1,'en','plugins/ecommerce/shipping','type','Type','2023-07-02 19:59:01','2023-07-02 19:59:01'),(2669,1,'en','plugins/ecommerce/shipping','shipping_rule_name','Name of shipping rule','2023-07-02 19:59:01','2023-07-02 19:59:01'),(2670,1,'en','plugins/ecommerce/shipping','shipping_fee','Shipping fee','2023-07-02 19:59:01','2023-07-02 19:59:01'),(2671,1,'en','plugins/ecommerce/shipping','cancel','Cancel','2023-07-02 19:59:01','2023-07-02 19:59:01'),(2672,1,'en','plugins/ecommerce/shipping','based_on_weight','Based on product\'s weight (:unit)','2023-07-02 19:59:01','2023-07-02 19:59:01'),(2673,1,'en','plugins/ecommerce/shipping','based_on_price','Based on product\'s price','2023-07-02 19:59:01','2023-07-02 19:59:01'),(2674,1,'en','plugins/ecommerce/shipping','shipment_canceled','Shipment was canceled','2023-07-02 19:59:01','2023-07-02 19:59:01'),(2675,1,'en','plugins/ecommerce/shipping','at','At','2023-07-02 19:59:01','2023-07-02 19:59:01'),(2676,1,'en','plugins/ecommerce/shipping','cash_on_delivery','Cash on delivery (COD)','2023-07-02 19:59:01','2023-07-02 19:59:01'),(2677,1,'en','plugins/ecommerce/shipping','update_shipping_status','Update shipping status','2023-07-02 19:59:01','2023-07-02 19:59:01'),(2678,1,'en','plugins/ecommerce/shipping','update_cod_status','Update COD status','2023-07-02 19:59:01','2023-07-02 19:59:01'),(2679,1,'en','plugins/ecommerce/shipping','history','History','2023-07-02 19:59:01','2023-07-02 19:59:01'),(2680,1,'en','plugins/ecommerce/shipping','shipment_information','Shipment information','2023-07-02 19:59:01','2023-07-02 19:59:01'),(2681,1,'en','plugins/ecommerce/shipping','order_number','Order number','2023-07-02 19:59:01','2023-07-02 19:59:01'),(2682,1,'en','plugins/ecommerce/shipping','shipping_method','Shipping method','2023-07-02 19:59:01','2023-07-02 19:59:01'),(2683,1,'en','plugins/ecommerce/shipping','select_shipping_method','Select shipping method','2023-07-02 19:59:01','2023-07-02 19:59:01'),(2684,1,'en','plugins/ecommerce/shipping','cod_status','COD status','2023-07-02 19:59:01','2023-07-02 19:59:01'),(2685,1,'en','plugins/ecommerce/shipping','shipping_status','Shipping status','2023-07-02 19:59:01','2023-07-02 19:59:01'),(2686,1,'en','plugins/ecommerce/shipping','customer_information','Customer information','2023-07-02 19:59:01','2023-07-02 19:59:01'),(2687,1,'en','plugins/ecommerce/shipping','sku','SKU','2023-07-02 19:59:01','2023-07-02 19:59:01'),(2688,1,'en','plugins/ecommerce/shipping','change_status_confirm_title','Confirm <span class=\"shipment-status-label\"></span> ?','2023-07-02 19:59:01','2023-07-02 19:59:01'),(2689,1,'en','plugins/ecommerce/shipping','change_status_confirm_description','Are you sure you want to confirm <span class=\"shipment-status-label\"></span> for this shipment?','2023-07-02 19:59:01','2023-07-02 19:59:01'),(2690,1,'en','plugins/ecommerce/shipping','accept','Accept','2023-07-02 19:59:01','2023-07-02 19:59:01'),(2691,1,'en','plugins/ecommerce/shipping','weight_unit','Weight (:unit)','2023-07-02 19:59:01','2023-07-02 19:59:01'),(2692,1,'en','plugins/ecommerce/shipping','updated_at','Last Update','2023-07-02 19:59:01','2023-07-02 19:59:01'),(2693,1,'en','plugins/ecommerce/shipping','cod_amount','Cash on delivery amount (COD)','2023-07-02 19:59:01','2023-07-02 19:59:01'),(2694,1,'en','plugins/ecommerce/shipping','cancel_shipping','Cancel shipping','2023-07-02 19:59:01','2023-07-02 19:59:01'),(2695,1,'en','plugins/ecommerce/shipping','shipping_address','Shipping address','2023-07-02 19:59:01','2023-07-02 19:59:01'),(2696,1,'en','plugins/ecommerce/shipping','packages','Packages','2023-07-02 19:59:01','2023-07-02 19:59:01'),(2697,1,'en','plugins/ecommerce/shipping','edit','Edit','2023-07-02 19:59:01','2023-07-02 19:59:01'),(2698,1,'en','plugins/ecommerce/shipping','fee','Fee','2023-07-02 19:59:01','2023-07-02 19:59:01'),(2699,1,'en','plugins/ecommerce/shipping','note','Note','2023-07-02 19:59:01','2023-07-02 19:59:01'),(2700,1,'en','plugins/ecommerce/shipping','finish','Finish','2023-07-02 19:59:01','2023-07-02 19:59:01'),(2701,1,'en','plugins/ecommerce/shipping','shipping_fee_cod','Shipping fee/COD','2023-07-02 19:59:01','2023-07-02 19:59:01'),(2702,1,'en','plugins/ecommerce/shipping','send_confirmation_email_to_customer','Send confirmation email to customer','2023-07-02 19:59:01','2023-07-02 19:59:01'),(2703,1,'en','plugins/ecommerce/shipping','form_name','Name','2023-07-02 19:59:01','2023-07-02 19:59:01'),(2704,1,'en','plugins/ecommerce/shipping','changed_shipping_status','Changed status of shipping to: :status. Updated by: %user_name%','2023-07-02 19:59:01','2023-07-02 19:59:01'),(2705,1,'en','plugins/ecommerce/shipping','order_confirmed_by','Order confirmed by %user_name%','2023-07-02 19:59:01','2023-07-02 19:59:01'),(2706,1,'en','plugins/ecommerce/shipping','shipping_canceled_by','Shipping is cancelled by %user_name%','2023-07-02 19:59:01','2023-07-02 19:59:01'),(2707,1,'en','plugins/ecommerce/shipping','update_shipping_status_success','Update shipping status successfully!','2023-07-02 19:59:01','2023-07-02 19:59:01'),(2708,1,'en','plugins/ecommerce/shipping','update_cod_status_success','Updated COD status of shipping successfully!','2023-07-02 19:59:01','2023-07-02 19:59:01'),(2709,1,'en','plugins/ecommerce/shipping','updated_cod_status_by','Updated COD status to :status . Updated by: %user_name%','2023-07-02 19:59:01','2023-07-02 19:59:01'),(2710,1,'en','plugins/ecommerce/shipping','all','All','2023-07-02 19:59:01','2023-07-02 19:59:01'),(2711,1,'en','plugins/ecommerce/shipping','error_when_adding_new_region','There is an error when adding new region!','2023-07-02 19:59:02','2023-07-02 19:59:02'),(2712,1,'en','plugins/ecommerce/shipping','delivery','Delivery','2023-07-02 19:59:02','2023-07-02 19:59:02'),(2713,1,'en','plugins/ecommerce/shipping','adjustment_price_of','Adjustment price of :key','2023-07-02 19:59:02','2023-07-02 19:59:02'),(2714,1,'en','plugins/ecommerce/shipping','warehouse','Warehouse','2023-07-02 19:59:02','2023-07-02 19:59:02'),(2715,1,'en','plugins/ecommerce/shipping','delivery_note','Delivery note','2023-07-02 19:59:02','2023-07-02 19:59:02'),(2716,1,'en','plugins/ecommerce/shipping','shipments','Shipments','2023-07-02 19:59:02','2023-07-02 19:59:02'),(2717,1,'en','plugins/ecommerce/shipping','order_id','Order ID','2023-07-02 19:59:02','2023-07-02 19:59:02'),(2718,1,'en','plugins/ecommerce/shipping','not_available','Not available','2023-07-02 19:59:02','2023-07-02 19:59:02'),(2719,1,'en','plugins/ecommerce/shipping','shipping_amount','Shipping Amount','2023-07-02 19:59:02','2023-07-02 19:59:02'),(2720,1,'en','plugins/ecommerce/shipping','additional_shipment_information','Additional shipment information','2023-07-02 19:59:02','2023-07-02 19:59:02'),(2721,1,'en','plugins/ecommerce/shipping','shipping_company_name','Shipping Company Name','2023-07-02 19:59:02','2023-07-02 19:59:02'),(2722,1,'en','plugins/ecommerce/shipping','tracking_id','Tracking ID','2023-07-02 19:59:02','2023-07-02 19:59:02'),(2723,1,'en','plugins/ecommerce/shipping','tracking_link','Tracking Link','2023-07-02 19:59:02','2023-07-02 19:59:02'),(2724,1,'en','plugins/ecommerce/shipping','estimate_date_shipped','Estimate Date Shipped','2023-07-02 19:59:02','2023-07-02 19:59:02'),(2725,1,'en','plugins/ecommerce/shipping','date_shipped','Date Shipped','2023-07-02 19:59:02','2023-07-02 19:59:02'),(2726,1,'en','plugins/ecommerce/shipping','add_note','Add note...','2023-07-02 19:59:02','2023-07-02 19:59:02'),(2727,1,'en','plugins/ecommerce/shipping','view_order','View Order :order_id','2023-07-02 19:59:02','2023-07-02 19:59:02'),(2728,1,'en','plugins/ecommerce/shipping','rule.types.based_on_weight','Based on product\'s weight (:unit)','2023-07-02 19:59:02','2023-07-02 19:59:02'),(2729,1,'en','plugins/ecommerce/shipping','rule.types.based_on_price','Based on product\'s price','2023-07-02 19:59:02','2023-07-02 19:59:02'),(2730,1,'en','plugins/ecommerce/shipping','rule.types.based_on_zipcode','Based on zipcode','2023-07-02 19:59:02','2023-07-02 19:59:02'),(2731,1,'en','plugins/ecommerce/shipping','rule.types.based_on_location','Based on location','2023-07-02 19:59:02','2023-07-02 19:59:02'),(2732,1,'en','plugins/ecommerce/shipping','rule.types.unavailable','Unavailable','2023-07-02 19:59:02','2023-07-02 19:59:02'),(2733,1,'en','plugins/ecommerce/shipping','rule.item.name','Shipping Rule Items','2023-07-02 19:59:02','2023-07-02 19:59:02'),(2734,1,'en','plugins/ecommerce/shipping','rule.item.edit','Edit item','2023-07-02 19:59:02','2023-07-02 19:59:02'),(2735,1,'en','plugins/ecommerce/shipping','rule.item.create','Create new item','2023-07-02 19:59:02','2023-07-02 19:59:02'),(2736,1,'en','plugins/ecommerce/shipping','rule.item.delete','Delete shipping rule item','2023-07-02 19:59:02','2023-07-02 19:59:02'),(2737,1,'en','plugins/ecommerce/shipping','rule.item.confirmation','Are you sure you want to delete shipping rule item <strong class=\"item-label\"></strong>?','2023-07-02 19:59:02','2023-07-02 19:59:02'),(2738,1,'en','plugins/ecommerce/shipping','rule.item.load_data_table','Load data table (:total)','2023-07-02 19:59:02','2023-07-02 19:59:02'),(2739,1,'en','plugins/ecommerce/shipping','rule.item.tables.shipping_rule','Shipping rule','2023-07-02 19:59:02','2023-07-02 19:59:02'),(2740,1,'en','plugins/ecommerce/shipping','rule.item.tables.country','Country','2023-07-02 19:59:02','2023-07-02 19:59:02'),(2741,1,'en','plugins/ecommerce/shipping','rule.item.tables.state','State','2023-07-02 19:59:02','2023-07-02 19:59:02'),(2742,1,'en','plugins/ecommerce/shipping','rule.item.tables.city','City','2023-07-02 19:59:02','2023-07-02 19:59:02'),(2743,1,'en','plugins/ecommerce/shipping','rule.item.tables.zip_code','Zip code','2023-07-02 19:59:02','2023-07-02 19:59:02'),(2744,1,'en','plugins/ecommerce/shipping','rule.item.tables.adjustment_price','Adjustment price','2023-07-02 19:59:02','2023-07-02 19:59:02'),(2745,1,'en','plugins/ecommerce/shipping','rule.item.tables.is_enabled','Is enabled?','2023-07-02 19:59:02','2023-07-02 19:59:02'),(2746,1,'en','plugins/ecommerce/shipping','rule.item.forms.country','Country','2023-07-02 19:59:02','2023-07-02 19:59:02'),(2747,1,'en','plugins/ecommerce/shipping','rule.item.forms.country_placeholder','Country','2023-07-02 19:59:02','2023-07-02 19:59:02'),(2748,1,'en','plugins/ecommerce/shipping','rule.item.forms.state','State','2023-07-02 19:59:02','2023-07-02 19:59:02'),(2749,1,'en','plugins/ecommerce/shipping','rule.item.forms.state_placeholder','State','2023-07-02 19:59:02','2023-07-02 19:59:02'),(2750,1,'en','plugins/ecommerce/shipping','rule.item.forms.city','City','2023-07-02 19:59:02','2023-07-02 19:59:02'),(2751,1,'en','plugins/ecommerce/shipping','rule.item.forms.city_placeholder','City','2023-07-02 19:59:02','2023-07-02 19:59:02'),(2752,1,'en','plugins/ecommerce/shipping','rule.item.forms.zip_code','Zip code','2023-07-02 19:59:02','2023-07-02 19:59:02'),(2753,1,'en','plugins/ecommerce/shipping','rule.item.forms.zip_code_placeholder','Zip code','2023-07-02 19:59:02','2023-07-02 19:59:02'),(2754,1,'en','plugins/ecommerce/shipping','rule.item.forms.adjustment_price','Adjustment price','2023-07-02 19:59:02','2023-07-02 19:59:02'),(2755,1,'en','plugins/ecommerce/shipping','rule.item.forms.adjustment_price_placeholder','Adjustment price','2023-07-02 19:59:02','2023-07-02 19:59:02'),(2756,1,'en','plugins/ecommerce/shipping','rule.item.forms.is_enabled','Is enabled?','2023-07-02 19:59:02','2023-07-02 19:59:02'),(2757,1,'en','plugins/ecommerce/shipping','rule.item.forms.shipping_rule','Shipping rule','2023-07-02 19:59:02','2023-07-02 19:59:02'),(2758,1,'en','plugins/ecommerce/shipping','rule.item.forms.no_shipping_rule','No shipping rule','2023-07-02 19:59:02','2023-07-02 19:59:02'),(2759,1,'en','plugins/ecommerce/shipping','rule.item.bulk-import.menu','Bulk import Shipping Rule Items','2023-07-02 19:59:02','2023-07-02 19:59:02'),(2760,1,'en','plugins/ecommerce/shipping','rule.item.bulk-import.greater_than_or_equal','Only numbers or decimals are accepted and greater than or equal to :min.','2023-07-02 19:59:02','2023-07-02 19:59:02'),(2761,1,'en','plugins/ecommerce/shipping','rule.item.bulk-import.less_than_or_equal','Only numbers or decimals are accepted and less than or equal to :max.','2023-07-02 19:59:02','2023-07-02 19:59:02'),(2762,1,'en','plugins/ecommerce/shipping','rule.item.bulk-import.between','Only numbers or decimals are accepted and between :min and :max.','2023-07-02 19:59:02','2023-07-02 19:59:02'),(2763,1,'en','plugins/ecommerce/shipping','rule.item.bulk-import.overwrite','Overwrite','2023-07-02 19:59:02','2023-07-02 19:59:02'),(2764,1,'en','plugins/ecommerce/shipping','rule.item.bulk-import.add_new','Add new','2023-07-02 19:59:02','2023-07-02 19:59:02'),(2765,1,'en','plugins/ecommerce/shipping','rule.item.bulk-import.skip','Skip','2023-07-02 19:59:02','2023-07-02 19:59:02'),(2766,1,'en','plugins/ecommerce/shipping','rule.select_type','Select type','2023-07-02 19:59:02','2023-07-02 19:59:02'),(2767,1,'en','plugins/ecommerce/shipping','rule.cannot_create_rule_type_for_this_location','Cannot create rule type \":type\" on this location!','2023-07-02 19:59:02','2023-07-02 19:59:02'),(2768,1,'en','plugins/ecommerce/store-locator','name','Store locators','2023-07-02 19:59:02','2023-07-02 19:59:02'),(2769,1,'en','plugins/ecommerce/store-locator','description','This address will appear on your invoice and will be used to calculate your shipping price.','2023-07-02 19:59:02','2023-07-02 19:59:02'),(2770,1,'en','plugins/ecommerce/store-locator','shop_name','Shop name','2023-07-02 19:59:02','2023-07-02 19:59:02'),(2771,1,'en','plugins/ecommerce/store-locator','phone','Phone','2023-07-02 19:59:02','2023-07-02 19:59:02'),(2772,1,'en','plugins/ecommerce/store-locator','email','Email','2023-07-02 19:59:02','2023-07-02 19:59:02'),(2773,1,'en','plugins/ecommerce/store-locator','state','State','2023-07-02 19:59:02','2023-07-02 19:59:02'),(2774,1,'en','plugins/ecommerce/store-locator','city','City','2023-07-02 19:59:02','2023-07-02 19:59:02'),(2775,1,'en','plugins/ecommerce/store-locator','country','Country','2023-07-02 19:59:02','2023-07-02 19:59:02'),(2776,1,'en','plugins/ecommerce/store-locator','address','Address','2023-07-02 19:59:02','2023-07-02 19:59:02'),(2777,1,'en','plugins/ecommerce/store-locator','primary_store_is','Primary store is','2023-07-02 19:59:02','2023-07-02 19:59:02'),(2778,1,'en','plugins/ecommerce/store-locator','store_name','Store name','2023-07-02 19:59:02','2023-07-02 19:59:02'),(2779,1,'en','plugins/ecommerce/store-locator','select_country','Select country...','2023-07-02 19:59:02','2023-07-02 19:59:02'),(2780,1,'en','plugins/ecommerce/store-locator','default_shipping_location','Default shipping location','2023-07-02 19:59:02','2023-07-02 19:59:02'),(2781,1,'en','plugins/ecommerce/store-locator','default_store','Default store','2023-07-02 19:59:02','2023-07-02 19:59:02'),(2782,1,'en','plugins/ecommerce/store-locator','company','Company','2023-07-02 19:59:02','2023-07-02 19:59:02'),(2783,1,'en','plugins/ecommerce/store-locator','zip_code','Zip Code','2023-07-02 19:59:02','2023-07-02 19:59:02'),(2784,1,'en','plugins/ecommerce/tax','name','Taxes','2023-07-02 19:59:02','2023-07-02 19:59:02'),(2785,1,'en','plugins/ecommerce/tax','create','Create a tax','2023-07-02 19:59:02','2023-07-02 19:59:02'),(2786,1,'en','plugins/ecommerce/tax','edit','Edit tax :title','2023-07-02 19:59:02','2023-07-02 19:59:02'),(2787,1,'en','plugins/ecommerce/tax','title','Title','2023-07-02 19:59:02','2023-07-02 19:59:02'),(2788,1,'en','plugins/ecommerce/tax','percentage','Percentage %','2023-07-02 19:59:02','2023-07-02 19:59:02'),(2789,1,'en','plugins/ecommerce/tax','priority','Priority','2023-07-02 19:59:02','2023-07-02 19:59:02'),(2790,1,'en','plugins/ecommerce/tax','select_tax','-- select --','2023-07-02 19:59:02','2023-07-02 19:59:02'),(2791,1,'en','plugins/ecommerce/tax','default','Default','2023-07-02 19:59:02','2023-07-02 19:59:02'),(2792,1,'en','plugins/faq/faq-category','name','Categories','2023-07-02 19:59:02','2023-07-02 19:59:02'),(2793,1,'en','plugins/faq/faq-category','create','New category','2023-07-02 19:59:02','2023-07-02 19:59:02'),(2794,1,'en','plugins/faq/faq','name','FAQ','2023-07-02 19:59:02','2023-07-02 19:59:02'),(2795,1,'en','plugins/faq/faq','create','New faq','2023-07-02 19:59:02','2023-07-02 19:59:02'),(2796,1,'en','plugins/faq/faq','question','Question','2023-07-02 19:59:02','2023-07-02 19:59:02'),(2797,1,'en','plugins/faq/faq','answer','Answer','2023-07-02 19:59:02','2023-07-02 19:59:02'),(2798,1,'en','plugins/faq/faq','category','Category','2023-07-02 19:59:02','2023-07-02 19:59:02'),(2799,1,'en','plugins/faq/faq','all','All','2023-07-02 19:59:02','2023-07-02 19:59:02'),(2800,1,'en','plugins/faq/faq','faq_schema_config','FAQ schema configuration (:link)','2023-07-02 19:59:02','2023-07-02 19:59:02'),(2801,1,'en','plugins/faq/faq','learn_more','Learn more','2023-07-02 19:59:02','2023-07-02 19:59:02'),(2802,1,'en','plugins/faq/faq','settings.title','FAQ','2023-07-02 19:59:02','2023-07-02 19:59:02'),(2803,1,'en','plugins/faq/faq','settings.description','Settings for FAQ','2023-07-02 19:59:02','2023-07-02 19:59:02'),(2804,1,'en','plugins/faq/faq','settings.enable_faq_schema','Enable FAQ Schema?','2023-07-02 19:59:02','2023-07-02 19:59:02'),(2805,1,'en','plugins/faq/faq','settings.enable_faq_schema_description','Learn more: https://developers.google.com/search/docs/data-types/faqpage','2023-07-02 19:59:02','2023-07-02 19:59:02'),(2806,1,'en','plugins/faq/faq','select_category','Select a category','2023-07-02 19:59:02','2023-07-02 19:59:02'),(2807,1,'en','plugins/faq/faq','add_item','Add item','2023-07-02 19:59:02','2023-07-02 19:59:02'),(2808,1,'en','plugins/gallery/gallery','create','Create new gallery','2023-07-02 19:59:02','2023-07-02 19:59:02'),(2809,1,'en','plugins/gallery/gallery','galleries','Galleries','2023-07-02 19:59:02','2023-07-02 19:59:02'),(2810,1,'en','plugins/gallery/gallery','item','Gallery item','2023-07-02 19:59:02','2023-07-02 19:59:02'),(2811,1,'en','plugins/gallery/gallery','select_image','Select images','2023-07-02 19:59:02','2023-07-02 19:59:02'),(2812,1,'en','plugins/gallery/gallery','reset','Reset gallery','2023-07-02 19:59:02','2023-07-02 19:59:02'),(2813,1,'en','plugins/gallery/gallery','update_photo_description','Update photo\'s description','2023-07-02 19:59:02','2023-07-02 19:59:02'),(2814,1,'en','plugins/gallery/gallery','update_photo_description_placeholder','Photo\'s description...','2023-07-02 19:59:02','2023-07-02 19:59:02'),(2815,1,'en','plugins/gallery/gallery','delete_photo','Delete this photo','2023-07-02 19:59:02','2023-07-02 19:59:02'),(2816,1,'en','plugins/gallery/gallery','gallery_box','Gallery images','2023-07-02 19:59:02','2023-07-02 19:59:02'),(2817,1,'en','plugins/gallery/gallery','by','By','2023-07-02 19:59:02','2023-07-02 19:59:02'),(2818,1,'en','plugins/gallery/gallery','menu_name','Galleries','2023-07-02 19:59:02','2023-07-02 19:59:02'),(2819,1,'en','plugins/gallery/gallery','gallery_images','Gallery images','2023-07-02 19:59:02','2023-07-02 19:59:02'),(2820,1,'en','plugins/gallery/gallery','add_gallery_short_code','Add a gallery','2023-07-02 19:59:02','2023-07-02 19:59:02'),(2821,1,'en','plugins/gallery/gallery','shortcode_name','Gallery images','2023-07-02 19:59:02','2023-07-02 19:59:02'),(2822,1,'en','plugins/gallery/gallery','limit_display','Limit number display','2023-07-02 19:59:02','2023-07-02 19:59:02'),(2823,1,'en','plugins/gallery/gallery','edit_this_gallery','Edit this gallery','2023-07-02 19:59:02','2023-07-02 19:59:02'),(2824,1,'en','plugins/gallery/gallery','galleries_page','Galleries page','2023-07-02 19:59:02','2023-07-02 19:59:02'),(2825,1,'en','plugins/language/language','name','Languages','2023-07-02 19:59:02','2023-07-02 19:59:02'),(2826,1,'en','plugins/language/language','choose_language','Choose a language','2023-07-02 19:59:02','2023-07-02 19:59:02'),(2827,1,'en','plugins/language/language','select_language','Select language','2023-07-02 19:59:02','2023-07-02 19:59:02'),(2828,1,'en','plugins/language/language','choose_language_helper','You can choose a language in the list or directly edit it below.','2023-07-02 19:59:02','2023-07-02 19:59:02'),(2829,1,'en','plugins/language/language','language_name','Language name','2023-07-02 19:59:02','2023-07-02 19:59:02'),(2830,1,'en','plugins/language/language','language_name_helper','The name is how it is displayed on your site (for example: English).','2023-07-02 19:59:02','2023-07-02 19:59:02'),(2831,1,'en','plugins/language/language','locale','Locale','2023-07-02 19:59:02','2023-07-02 19:59:02'),(2832,1,'en','plugins/language/language','locale_helper','Laravel Locale for the language (for example: <code>en</code>).','2023-07-02 19:59:02','2023-07-02 19:59:02'),(2833,1,'en','plugins/language/language','language_code','Language code','2023-07-02 19:59:02','2023-07-02 19:59:02'),(2834,1,'en','plugins/language/language','language_code_helper','Language code - preferably 2-letters ISO 639-1 (for example: en)','2023-07-02 19:59:02','2023-07-02 19:59:02'),(2835,1,'en','plugins/language/language','text_direction','Text direction','2023-07-02 19:59:02','2023-07-02 19:59:02'),(2836,1,'en','plugins/language/language','text_direction_helper','Choose the text direction for the language','2023-07-02 19:59:02','2023-07-02 19:59:02'),(2837,1,'en','plugins/language/language','left_to_right','Left to right','2023-07-02 19:59:02','2023-07-02 19:59:02'),(2838,1,'en','plugins/language/language','right_to_left','Right to left','2023-07-02 19:59:02','2023-07-02 19:59:02'),(2839,1,'en','plugins/language/language','flag','Flag','2023-07-02 19:59:02','2023-07-02 19:59:02'),(2840,1,'en','plugins/language/language','flag_helper','Choose a flag for the language.','2023-07-02 19:59:02','2023-07-02 19:59:02'),(2841,1,'en','plugins/language/language','order','Order','2023-07-02 19:59:02','2023-07-02 19:59:02'),(2842,1,'en','plugins/language/language','order_helper','Position of the language in the language switcher','2023-07-02 19:59:02','2023-07-02 19:59:02'),(2843,1,'en','plugins/language/language','add_new_language','Add new language','2023-07-02 19:59:02','2023-07-02 19:59:02'),(2844,1,'en','plugins/language/language','code','Code','2023-07-02 19:59:02','2023-07-02 19:59:02'),(2845,1,'en','plugins/language/language','default_language','Is default?','2023-07-02 19:59:02','2023-07-02 19:59:02'),(2846,1,'en','plugins/language/language','actions','Actions','2023-07-02 19:59:02','2023-07-02 19:59:02'),(2847,1,'en','plugins/language/language','translations','Translations','2023-07-02 19:59:02','2023-07-02 19:59:02'),(2848,1,'en','plugins/language/language','edit','Edit','2023-07-02 19:59:02','2023-07-02 19:59:02'),(2849,1,'en','plugins/language/language','edit_tooltip','Edit this language','2023-07-02 19:59:02','2023-07-02 19:59:02'),(2850,1,'en','plugins/language/language','delete','Delete','2023-07-02 19:59:02','2023-07-02 19:59:02'),(2851,1,'en','plugins/language/language','delete_tooltip','Delete this language and all its associated data','2023-07-02 19:59:02','2023-07-02 19:59:02'),(2852,1,'en','plugins/language/language','choose_default_language','Choose :language as default language','2023-07-02 19:59:02','2023-07-02 19:59:02'),(2853,1,'en','plugins/language/language','current_language','Current record\'s language','2023-07-02 19:59:02','2023-07-02 19:59:02'),(2854,1,'en','plugins/language/language','edit_related','Edit related language for this record','2023-07-02 19:59:02','2023-07-02 19:59:02'),(2855,1,'en','plugins/language/language','add_language_for_item','Add other language version for this record','2023-07-02 19:59:02','2023-07-02 19:59:02'),(2856,1,'en','plugins/language/language','settings','Settings','2023-07-02 19:59:02','2023-07-02 19:59:02'),(2857,1,'en','plugins/language/language','language_hide_default','Hide default language from URL?','2023-07-02 19:59:02','2023-07-02 19:59:02'),(2858,1,'en','plugins/language/language','language_display_flag_only','Flag only','2023-07-02 19:59:02','2023-07-02 19:59:02'),(2859,1,'en','plugins/language/language','language_display_name_only','Name only','2023-07-02 19:59:02','2023-07-02 19:59:02'),(2860,1,'en','plugins/language/language','language_display_all','Display all flag and name','2023-07-02 19:59:02','2023-07-02 19:59:02'),(2861,1,'en','plugins/language/language','language_display','Language display','2023-07-02 19:59:02','2023-07-02 19:59:02'),(2862,1,'en','plugins/language/language','switcher_display','Switcher language display','2023-07-02 19:59:02','2023-07-02 19:59:02'),(2863,1,'en','plugins/language/language','language_switcher_display_dropdown','Dropdown','2023-07-02 19:59:02','2023-07-02 19:59:02'),(2864,1,'en','plugins/language/language','language_switcher_display_list','List','2023-07-02 19:59:02','2023-07-02 19:59:02'),(2865,1,'en','plugins/language/language','current_language_edit_notification','You are editing \"<strong class=\"current_language_text\">:language</strong>\" version','2023-07-02 19:59:02','2023-07-02 19:59:02'),(2866,1,'en','plugins/language/language','confirm-change-language','Confirm change language','2023-07-02 19:59:02','2023-07-02 19:59:02'),(2867,1,'en','plugins/language/language','confirm-change-language-message','Do you really want to change language to \"<strong class=\"change_to_language_text\"></strong>\" ? This action will be override \"<strong class=\"change_to_language_text\"></strong>\" version if it\'s existed!','2023-07-02 19:59:02','2023-07-02 19:59:02'),(2868,1,'en','plugins/language/language','confirm-change-language-btn','Confirm change','2023-07-02 19:59:02','2023-07-02 19:59:02'),(2869,1,'en','plugins/language/language','hide_languages','Hide languages','2023-07-02 19:59:02','2023-07-02 19:59:02'),(2870,1,'en','plugins/language/language','hide_languages_description','You can completely hide content in specific languages from visitors and search engines, but still view it yourself. This allows reviewing translations that are in progress.','2023-07-02 19:59:02','2023-07-02 19:59:02'),(2871,1,'en','plugins/language/language','hide_languages_helper_display_hidden','{0} All languages are currently displayed.|{1} :language is currently hidden to visitors.|[2, Inf] :language are currently hidden to visitors.','2023-07-02 19:59:02','2023-07-02 19:59:02'),(2872,1,'en','plugins/language/language','show_all','Show all','2023-07-02 19:59:02','2023-07-02 19:59:02'),(2873,1,'en','plugins/language/language','change_language','Language','2023-07-02 19:59:02','2023-07-02 19:59:02'),(2874,1,'en','plugins/language/language','language_show_default_item_if_current_version_not_existed','Show item in default language if it is not existed in current language','2023-07-02 19:59:02','2023-07-02 19:59:02'),(2875,1,'en','plugins/language/language','select_flag','Select a flag...','2023-07-02 19:59:02','2023-07-02 19:59:02'),(2876,1,'en','plugins/language/language','delete_confirmation_message','Do you really want to delete this language? It also deletes all items in this language and cannot rollback!','2023-07-02 19:59:03','2023-07-02 19:59:03'),(2877,1,'en','plugins/language/language','added_already','This language was added already!','2023-07-02 19:59:03','2023-07-02 19:59:03'),(2878,1,'en','plugins/language/language','language_auto_detect_user_language','Auto detect user language?','2023-07-02 19:59:03','2023-07-02 19:59:03'),(2879,1,'en','plugins/location/bulk-import','name','Bulk Import','2023-07-02 19:59:03','2023-07-02 19:59:03'),(2880,1,'en','plugins/location/bulk-import','loading_text','Importing','2023-07-02 19:59:03','2023-07-02 19:59:03'),(2881,1,'en','plugins/location/bulk-import','imported_successfully','Imported successfully.','2023-07-02 19:59:03','2023-07-02 19:59:03'),(2882,1,'en','plugins/location/bulk-import','please_choose_the_file_mime','Please choose the file mime :types','2023-07-02 19:59:03','2023-07-02 19:59:03'),(2883,1,'en','plugins/location/bulk-import','please_choose_the_file','Please choose the file','2023-07-02 19:59:03','2023-07-02 19:59:03'),(2884,1,'en','plugins/location/bulk-import','start_import','Start Import','2023-07-02 19:59:03','2023-07-02 19:59:03'),(2885,1,'en','plugins/location/bulk-import','note','Note!','2023-07-02 19:59:03','2023-07-02 19:59:03'),(2886,1,'en','plugins/location/bulk-import','warning_before_importing','If this is your first time using this feature, please read the documentation or contact the Administrator for access to the correct functionality!','2023-07-02 19:59:03','2023-07-02 19:59:03'),(2887,1,'en','plugins/location/bulk-import','results','Result: :success successes, :failed failures','2023-07-02 19:59:03','2023-07-02 19:59:03'),(2888,1,'en','plugins/location/bulk-import','failures','Failures','2023-07-02 19:59:03','2023-07-02 19:59:03'),(2889,1,'en','plugins/location/bulk-import','tables.import','Import','2023-07-02 19:59:03','2023-07-02 19:59:03'),(2890,1,'en','plugins/location/bulk-import','template','Template','2023-07-02 19:59:03','2023-07-02 19:59:03'),(2891,1,'en','plugins/location/bulk-import','rules','Rules','2023-07-02 19:59:03','2023-07-02 19:59:03'),(2892,1,'en','plugins/location/bulk-import','choose_file_with_mime','Choose file with mime: (:types)','2023-07-02 19:59:03','2023-07-02 19:59:03'),(2893,1,'en','plugins/location/bulk-import','choose_file','Choose file','2023-07-02 19:59:03','2023-07-02 19:59:03'),(2894,1,'en','plugins/location/bulk-import','menu','Import locations','2023-07-02 19:59:03','2023-07-02 19:59:03'),(2895,1,'en','plugins/location/bulk-import','download-csv-file','Download CSV template','2023-07-02 19:59:03','2023-07-02 19:59:03'),(2896,1,'en','plugins/location/bulk-import','download-excel-file','Download Excel template','2023-07-02 19:59:03','2023-07-02 19:59:03'),(2897,1,'en','plugins/location/bulk-import','downloading','Downloading...','2023-07-02 19:59:03','2023-07-02 19:59:03'),(2898,1,'en','plugins/location/bulk-import','export.template.input_error','Input error','2023-07-02 19:59:03','2023-07-02 19:59:03'),(2899,1,'en','plugins/location/bulk-import','export.template.number_not_allowed','Number is not allowed!','2023-07-02 19:59:03','2023-07-02 19:59:03'),(2900,1,'en','plugins/location/bulk-import','export.template.allowed_input','Allowed input','2023-07-02 19:59:03','2023-07-02 19:59:03'),(2901,1,'en','plugins/location/bulk-import','export.template.prompt_decimal','Only numbers or decimals are accepted and greater than or equal to :min.','2023-07-02 19:59:03','2023-07-02 19:59:03'),(2902,1,'en','plugins/location/bulk-import','export.template.prompt_whole_number','Only numbers are accepted and greater than or equal to :min.','2023-07-02 19:59:03','2023-07-02 19:59:03'),(2903,1,'en','plugins/location/bulk-import','export.template.prompt_list','Please pick a value from the drop-down list.','2023-07-02 19:59:03','2023-07-02 19:59:03'),(2904,1,'en','plugins/location/bulk-import','export.template.pick_from_list','Pick from list','2023-07-02 19:59:03','2023-07-02 19:59:03'),(2905,1,'en','plugins/location/bulk-import','export.template.value_not_in_list','Value is not in list.','2023-07-02 19:59:03','2023-07-02 19:59:03'),(2906,1,'en','plugins/location/bulk-import','export.template.max_text_length','Max text length','2023-07-02 19:59:03','2023-07-02 19:59:03'),(2907,1,'en','plugins/location/bulk-import','export.template.prompt_max_text_length','Only accept text with length less than or equal to :max.','2023-07-02 19:59:03','2023-07-02 19:59:03'),(2908,1,'en','plugins/location/bulk-import','import_failed_description','Import failed, please check the errors below!','2023-07-02 19:59:03','2023-07-02 19:59:03'),(2909,1,'en','plugins/location/bulk-import','available_enable_multi_language','Only available when you enable \"Is Multi Language?\"','2023-07-02 19:59:03','2023-07-02 19:59:03'),(2910,1,'en','plugins/location/bulk-import','import_type_required_if','The :attribute field is required when \"Import Type\" is :value.','2023-07-02 19:59:03','2023-07-02 19:59:03'),(2911,1,'en','plugins/location/bulk-import','import_available_data','Import available data','2023-07-02 19:59:03','2023-07-02 19:59:03'),(2912,1,'en','plugins/location/bulk-import','import','Import','2023-07-02 19:59:03','2023-07-02 19:59:03'),(2913,1,'en','plugins/location/bulk-import','import_available_data_confirmation','Import available data confirmation','2023-07-02 19:59:03','2023-07-02 19:59:03'),(2914,1,'en','plugins/location/bulk-import','import_available_data_confirmation_content','Do you really want to import states/cities for this country?','2023-07-02 19:59:03','2023-07-02 19:59:03'),(2915,1,'en','plugins/location/city','name','Cities','2023-07-02 19:59:03','2023-07-02 19:59:03'),(2916,1,'en','plugins/location/city','create','New city','2023-07-02 19:59:03','2023-07-02 19:59:03'),(2917,1,'en','plugins/location/city','state','State','2023-07-02 19:59:03','2023-07-02 19:59:03'),(2918,1,'en','plugins/location/city','select_state','Select state...','2023-07-02 19:59:03','2023-07-02 19:59:03'),(2919,1,'en','plugins/location/city','select_city','Select city...','2023-07-02 19:59:03','2023-07-02 19:59:03'),(2920,1,'en','plugins/location/city','country','Country','2023-07-02 19:59:03','2023-07-02 19:59:03'),(2921,1,'en','plugins/location/city','select_country','Select country...','2023-07-02 19:59:03','2023-07-02 19:59:03'),(2922,1,'en','plugins/location/city','city','City','2023-07-02 19:59:03','2023-07-02 19:59:03'),(2923,1,'en','plugins/location/country','name','Countries','2023-07-02 19:59:03','2023-07-02 19:59:03'),(2924,1,'en','plugins/location/country','create','New country','2023-07-02 19:59:03','2023-07-02 19:59:03'),(2925,1,'en','plugins/location/country','nationality','Nationality','2023-07-02 19:59:03','2023-07-02 19:59:03'),(2926,1,'en','plugins/location/country','code','Country ISO code','2023-07-02 19:59:03','2023-07-02 19:59:03'),(2927,1,'en','plugins/location/country','code_placeholder','ISO country code, uppercase. Ex: US.','2023-07-02 19:59:03','2023-07-02 19:59:03'),(2928,1,'en','plugins/location/country','code_helper','Find country ISO code from here: https://en.wikipedia.org/wiki/List_of_ISO_3166_country_codes','2023-07-02 19:59:03','2023-07-02 19:59:03'),(2929,1,'en','plugins/location/location','name','Locations','2023-07-02 19:59:03','2023-07-02 19:59:03'),(2930,1,'en','plugins/location/location','all_states','All states','2023-07-02 19:59:03','2023-07-02 19:59:03'),(2931,1,'en','plugins/location/location','abbreviation','Abbreviation','2023-07-02 19:59:03','2023-07-02 19:59:03'),(2932,1,'en','plugins/location/location','abbreviation_placeholder','E.g: CA','2023-07-02 19:59:03','2023-07-02 19:59:03'),(2933,1,'en','plugins/location/location','exporting','Exporting','2023-07-02 19:59:03','2023-07-02 19:59:03'),(2934,1,'en','plugins/location/location','total_country','Total countries','2023-07-02 19:59:03','2023-07-02 19:59:03'),(2935,1,'en','plugins/location/location','total_state','Total states','2023-07-02 19:59:03','2023-07-02 19:59:03'),(2936,1,'en','plugins/location/location','total_city','Total cities','2023-07-02 19:59:03','2023-07-02 19:59:03'),(2937,1,'en','plugins/location/location','export_location','Export location','2023-07-02 19:59:03','2023-07-02 19:59:03'),(2938,1,'en','plugins/location/location','start_export','Start exporting','2023-07-02 19:59:03','2023-07-02 19:59:03'),(2939,1,'en','plugins/location/state','name','States','2023-07-02 19:59:03','2023-07-02 19:59:03'),(2940,1,'en','plugins/location/state','create','New state','2023-07-02 19:59:03','2023-07-02 19:59:03'),(2941,1,'en','plugins/location/state','country','Country','2023-07-02 19:59:03','2023-07-02 19:59:03'),(2942,1,'en','plugins/location/state','select_country','Select a country...','2023-07-02 19:59:03','2023-07-02 19:59:03'),(2943,1,'en','plugins/location/state','state','State','2023-07-02 19:59:03','2023-07-02 19:59:03'),(2944,1,'en','plugins/newsletter/newsletter','name','Newsletters','2023-07-02 19:59:03','2023-07-02 19:59:03'),(2945,1,'en','plugins/newsletter/newsletter','settings.email.templates.title','Newsletter','2023-07-02 19:59:03','2023-07-02 19:59:03'),(2946,1,'en','plugins/newsletter/newsletter','settings.email.templates.description','Config newsletter email templates','2023-07-02 19:59:03','2023-07-02 19:59:03'),(2947,1,'en','plugins/newsletter/newsletter','settings.email.templates.to_admin.title','Email send to admin','2023-07-02 19:59:03','2023-07-02 19:59:03'),(2948,1,'en','plugins/newsletter/newsletter','settings.email.templates.to_admin.description','Template for sending email to admin','2023-07-02 19:59:03','2023-07-02 19:59:03'),(2949,1,'en','plugins/newsletter/newsletter','settings.email.templates.to_user.title','Email send to user','2023-07-02 19:59:03','2023-07-02 19:59:03'),(2950,1,'en','plugins/newsletter/newsletter','settings.email.templates.to_user.description','Template for sending email to subscriber','2023-07-02 19:59:03','2023-07-02 19:59:03'),(2951,1,'en','plugins/newsletter/newsletter','settings.title','Newsletter','2023-07-02 19:59:03','2023-07-02 19:59:03'),(2952,1,'en','plugins/newsletter/newsletter','settings.description','Settings for newsletter (auto send newsletter email to SendGrid, Mailchimp... when someone register newsletter on website).','2023-07-02 19:59:03','2023-07-02 19:59:03'),(2953,1,'en','plugins/newsletter/newsletter','settings.mailchimp_api_key','Mailchimp API Key','2023-07-02 19:59:03','2023-07-02 19:59:03'),(2954,1,'en','plugins/newsletter/newsletter','settings.mailchimp_list_id','Mailchimp List ID','2023-07-02 19:59:03','2023-07-02 19:59:03'),(2955,1,'en','plugins/newsletter/newsletter','settings.mailchimp_list','Mailchimp List','2023-07-02 19:59:03','2023-07-02 19:59:03'),(2956,1,'en','plugins/newsletter/newsletter','settings.sendgrid_api_key','Sendgrid API Key','2023-07-02 19:59:03','2023-07-02 19:59:03'),(2957,1,'en','plugins/newsletter/newsletter','settings.sendgrid_list_id','Sendgrid List ID','2023-07-02 19:59:03','2023-07-02 19:59:03'),(2958,1,'en','plugins/newsletter/newsletter','settings.sendgrid_list','Sendgrid List','2023-07-02 19:59:03','2023-07-02 19:59:03'),(2959,1,'en','plugins/newsletter/newsletter','settings.enable_newsletter_contacts_list_api','Enable newsletter contacts list API?','2023-07-02 19:59:03','2023-07-02 19:59:03'),(2960,1,'en','plugins/newsletter/newsletter','statuses.subscribed','Subscribed','2023-07-02 19:59:03','2023-07-02 19:59:03'),(2961,1,'en','plugins/newsletter/newsletter','statuses.unsubscribed','Unsubscribed','2023-07-02 19:59:03','2023-07-02 19:59:03'),(2962,1,'en','plugins/payment/payment','payments','Payments','2023-07-02 19:59:03','2023-07-02 19:59:03'),(2963,1,'en','plugins/payment/payment','checkout_success','Checkout successfully!','2023-07-02 19:59:03','2023-07-02 19:59:03'),(2964,1,'en','plugins/payment/payment','view_payment','View payment #','2023-07-02 19:59:03','2023-07-02 19:59:03'),(2965,1,'en','plugins/payment/payment','charge_id','Charge ID','2023-07-02 19:59:03','2023-07-02 19:59:03'),(2966,1,'en','plugins/payment/payment','amount','Amount','2023-07-02 19:59:03','2023-07-02 19:59:03'),(2967,1,'en','plugins/payment/payment','currency','Currency','2023-07-02 19:59:03','2023-07-02 19:59:03'),(2968,1,'en','plugins/payment/payment','user','User','2023-07-02 19:59:03','2023-07-02 19:59:03'),(2969,1,'en','plugins/payment/payment','stripe','Stripe','2023-07-02 19:59:03','2023-07-02 19:59:03'),(2970,1,'en','plugins/payment/payment','paypal','PayPal','2023-07-02 19:59:03','2023-07-02 19:59:03'),(2971,1,'en','plugins/payment/payment','action','Action','2023-07-02 19:59:03','2023-07-02 19:59:03'),(2972,1,'en','plugins/payment/payment','payment_via_card','Payment via card','2023-07-02 19:59:03','2023-07-02 19:59:03'),(2973,1,'en','plugins/payment/payment','card_number','Card number','2023-07-02 19:59:03','2023-07-02 19:59:03'),(2974,1,'en','plugins/payment/payment','full_name','Full name','2023-07-02 19:59:03','2023-07-02 19:59:03'),(2975,1,'en','plugins/payment/payment','payment_via_paypal','Fast and safe online payment via PayPal.','2023-07-02 19:59:03','2023-07-02 19:59:03'),(2976,1,'en','plugins/payment/payment','mm_yy','MM/YY','2023-07-02 19:59:03','2023-07-02 19:59:03'),(2977,1,'en','plugins/payment/payment','cvc','CVC','2023-07-02 19:59:03','2023-07-02 19:59:03'),(2978,1,'en','plugins/payment/payment','details','Details','2023-07-02 19:59:03','2023-07-02 19:59:03'),(2979,1,'en','plugins/payment/payment','payer_name','Payer Name','2023-07-02 19:59:03','2023-07-02 19:59:03'),(2980,1,'en','plugins/payment/payment','email','Email','2023-07-02 19:59:03','2023-07-02 19:59:03'),(2981,1,'en','plugins/payment/payment','phone','Phone','2023-07-02 19:59:03','2023-07-02 19:59:03'),(2982,1,'en','plugins/payment/payment','country','Country','2023-07-02 19:59:03','2023-07-02 19:59:03'),(2983,1,'en','plugins/payment/payment','shipping_address','Shipping Address','2023-07-02 19:59:03','2023-07-02 19:59:03'),(2984,1,'en','plugins/payment/payment','payment_details','Payment Details','2023-07-02 19:59:03','2023-07-02 19:59:03'),(2985,1,'en','plugins/payment/payment','card','Card','2023-07-02 19:59:03','2023-07-02 19:59:03'),(2986,1,'en','plugins/payment/payment','address','Address','2023-07-02 19:59:03','2023-07-02 19:59:03'),(2987,1,'en','plugins/payment/payment','could_not_get_stripe_token','Could not get Stripe token to make a charge.','2023-07-02 19:59:03','2023-07-02 19:59:03'),(2988,1,'en','plugins/payment/payment','payment_id','Payment ID','2023-07-02 19:59:03','2023-07-02 19:59:03'),(2989,1,'en','plugins/payment/payment','payment_methods','Payment methods','2023-07-02 19:59:03','2023-07-02 19:59:03'),(2990,1,'en','plugins/payment/payment','transactions','Transactions','2023-07-02 19:59:03','2023-07-02 19:59:03'),(2991,1,'en','plugins/payment/payment','payment_methods_description','Setup payment methods for website','2023-07-02 19:59:03','2023-07-02 19:59:03'),(2992,1,'en','plugins/payment/payment','paypal_description','Customer can buy product and pay directly via PayPal','2023-07-02 19:59:03','2023-07-02 19:59:03'),(2993,1,'en','plugins/payment/payment','use','Use','2023-07-02 19:59:03','2023-07-02 19:59:03'),(2994,1,'en','plugins/payment/payment','stripe_description','Customer can buy product and pay directly using Visa, Credit card via Stripe','2023-07-02 19:59:03','2023-07-02 19:59:03'),(2995,1,'en','plugins/payment/payment','edit','Edit','2023-07-02 19:59:03','2023-07-02 19:59:03'),(2996,1,'en','plugins/payment/payment','settings','Settings','2023-07-02 19:59:03','2023-07-02 19:59:03'),(2997,1,'en','plugins/payment/payment','activate','Activate','2023-07-02 19:59:03','2023-07-02 19:59:03'),(2998,1,'en','plugins/payment/payment','deactivate','Deactivate','2023-07-02 19:59:03','2023-07-02 19:59:03'),(2999,1,'en','plugins/payment/payment','update','Update','2023-07-02 19:59:03','2023-07-02 19:59:03'),(3000,1,'en','plugins/payment/payment','configuration_instruction','Configuration instruction for :name','2023-07-02 19:59:03','2023-07-02 19:59:03'),(3001,1,'en','plugins/payment/payment','configuration_requirement','To use :name, you need','2023-07-02 19:59:03','2023-07-02 19:59:03'),(3002,1,'en','plugins/payment/payment','service_registration','Register with :name','2023-07-02 19:59:03','2023-07-02 19:59:03'),(3003,1,'en','plugins/payment/payment','after_service_registration_msg','After registration at :name, you will have Client ID, Client Secret','2023-07-02 19:59:03','2023-07-02 19:59:03'),(3004,1,'en','plugins/payment/payment','enter_client_id_and_secret','Enter Client ID, Secret into the box in right hand','2023-07-02 19:59:03','2023-07-02 19:59:03'),(3005,1,'en','plugins/payment/payment','method_name','Method name','2023-07-02 19:59:03','2023-07-02 19:59:03'),(3006,1,'en','plugins/payment/payment','please_provide_information','Please provide information','2023-07-02 19:59:03','2023-07-02 19:59:03'),(3007,1,'en','plugins/payment/payment','client_id','Client ID','2023-07-02 19:59:03','2023-07-02 19:59:03'),(3008,1,'en','plugins/payment/payment','client_secret','Client Secret','2023-07-02 19:59:03','2023-07-02 19:59:03'),(3009,1,'en','plugins/payment/payment','secret','Secret','2023-07-02 19:59:03','2023-07-02 19:59:03'),(3010,1,'en','plugins/payment/payment','stripe_key','Stripe Public Key','2023-07-02 19:59:03','2023-07-02 19:59:03'),(3011,1,'en','plugins/payment/payment','stripe_secret','Stripe Private Key','2023-07-02 19:59:03','2023-07-02 19:59:03'),(3012,1,'en','plugins/payment/payment','stripe_after_service_registration_msg','After registration at :name, you will have Public, Secret keys','2023-07-02 19:59:03','2023-07-02 19:59:03'),(3013,1,'en','plugins/payment/payment','stripe_enter_client_id_and_secret','Enter Public, Secret keys into the box in right hand','2023-07-02 19:59:03','2023-07-02 19:59:03'),(3014,1,'en','plugins/payment/payment','pay_online_via','Pay online via :name','2023-07-02 19:59:03','2023-07-02 19:59:03'),(3015,1,'en','plugins/payment/payment','sandbox_mode','Sandbox mode','2023-07-02 19:59:03','2023-07-02 19:59:03'),(3016,1,'en','plugins/payment/payment','deactivate_payment_method','Deactivate payment method','2023-07-02 19:59:03','2023-07-02 19:59:03'),(3017,1,'en','plugins/payment/payment','deactivate_payment_method_description','Do you really want to deactivate this payment method?','2023-07-02 19:59:03','2023-07-02 19:59:03'),(3018,1,'en','plugins/payment/payment','agree','Agree','2023-07-02 19:59:03','2023-07-02 19:59:03'),(3019,1,'en','plugins/payment/payment','name','Payments','2023-07-02 19:59:03','2023-07-02 19:59:03'),(3020,1,'en','plugins/payment/payment','create','New payment','2023-07-02 19:59:03','2023-07-02 19:59:03'),(3021,1,'en','plugins/payment/payment','go_back','Go back','2023-07-02 19:59:03','2023-07-02 19:59:03'),(3022,1,'en','plugins/payment/payment','information','Information','2023-07-02 19:59:03','2023-07-02 19:59:03'),(3023,1,'en','plugins/payment/payment','methods.paypal','PayPal','2023-07-02 19:59:03','2023-07-02 19:59:03'),(3024,1,'en','plugins/payment/payment','methods.cod','Cash on delivery (COD)','2023-07-02 19:59:03','2023-07-02 19:59:03'),(3025,1,'en','plugins/payment/payment','methods.bank_transfer','Bank transfer','2023-07-02 19:59:03','2023-07-02 19:59:03'),(3026,1,'en','plugins/payment/payment','statuses.pending','Pending','2023-07-02 19:59:03','2023-07-02 19:59:03'),(3027,1,'en','plugins/payment/payment','statuses.completed','Completed','2023-07-02 19:59:03','2023-07-02 19:59:03'),(3028,1,'en','plugins/payment/payment','statuses.refunding','Refunding','2023-07-02 19:59:03','2023-07-02 19:59:03'),(3029,1,'en','plugins/payment/payment','statuses.refunded','Refunded','2023-07-02 19:59:03','2023-07-02 19:59:03'),(3030,1,'en','plugins/payment/payment','statuses.fraud','Fraud','2023-07-02 19:59:03','2023-07-02 19:59:03'),(3031,1,'en','plugins/payment/payment','statuses.failed','Failed','2023-07-02 19:59:03','2023-07-02 19:59:03'),(3032,1,'en','plugins/payment/payment','payment_methods_instruction','Guide customers to pay directly. You can choose to pay by delivery or bank transfer','2023-07-02 19:59:03','2023-07-02 19:59:03'),(3033,1,'en','plugins/payment/payment','payment_method_description','Payment guide - (Displayed on the notice of successful purchase and payment page)','2023-07-02 19:59:03','2023-07-02 19:59:03'),(3034,1,'en','plugins/payment/payment','payment_via_cod','Cash on delivery (COD)','2023-07-02 19:59:03','2023-07-02 19:59:03'),(3035,1,'en','plugins/payment/payment','payment_via_bank_transfer','Bank transfer','2023-07-02 19:59:03','2023-07-02 19:59:03'),(3036,1,'en','plugins/payment/payment','payment_pending','Checkout successfully. Your payment is pending and will be checked by our staff.','2023-07-02 19:59:03','2023-07-02 19:59:03'),(3037,1,'en','plugins/payment/payment','created_at','Created At','2023-07-02 19:59:04','2023-07-02 19:59:04'),(3038,1,'en','plugins/payment/payment','payment_channel','Payment Channel','2023-07-02 19:59:04','2023-07-02 19:59:04'),(3039,1,'en','plugins/payment/payment','total','Total','2023-07-02 19:59:04','2023-07-02 19:59:04'),(3040,1,'en','plugins/payment/payment','status','Status','2023-07-02 19:59:04','2023-07-02 19:59:04'),(3041,1,'en','plugins/payment/payment','default_payment_method','Default payment method','2023-07-02 19:59:04','2023-07-02 19:59:04'),(3042,1,'en','plugins/payment/payment','turn_off_success','Turn off payment method successfully!','2023-07-02 19:59:04','2023-07-02 19:59:04'),(3043,1,'en','plugins/payment/payment','saved_payment_method_success','Saved payment method successfully!','2023-07-02 19:59:04','2023-07-02 19:59:04'),(3044,1,'en','plugins/payment/payment','saved_payment_settings_success','Saved payment settings successfully!','2023-07-02 19:59:04','2023-07-02 19:59:04'),(3045,1,'en','plugins/payment/payment','payment_name','Name','2023-07-02 19:59:04','2023-07-02 19:59:04'),(3046,1,'en','plugins/payment/payment','payment_not_found','Payment not found!','2023-07-02 19:59:04','2023-07-02 19:59:04'),(3047,1,'en','plugins/payment/payment','refunds.title','Refunds','2023-07-02 19:59:04','2023-07-02 19:59:04'),(3048,1,'en','plugins/payment/payment','refunds.id','ID','2023-07-02 19:59:04','2023-07-02 19:59:04'),(3049,1,'en','plugins/payment/payment','refunds.breakdowns','Breakdowns','2023-07-02 19:59:04','2023-07-02 19:59:04'),(3050,1,'en','plugins/payment/payment','refunds.gross_amount','Gross amount','2023-07-02 19:59:04','2023-07-02 19:59:04'),(3051,1,'en','plugins/payment/payment','refunds.paypal_fee','PayPal fee','2023-07-02 19:59:04','2023-07-02 19:59:04'),(3052,1,'en','plugins/payment/payment','refunds.net_amount','Net amount','2023-07-02 19:59:04','2023-07-02 19:59:04'),(3053,1,'en','plugins/payment/payment','refunds.total_refunded_amount','Total refunded amount','2023-07-02 19:59:04','2023-07-02 19:59:04'),(3054,1,'en','plugins/payment/payment','refunds.create_time','Create time','2023-07-02 19:59:04','2023-07-02 19:59:04'),(3055,1,'en','plugins/payment/payment','refunds.update_time','Update time','2023-07-02 19:59:04','2023-07-02 19:59:04'),(3056,1,'en','plugins/payment/payment','refunds.status','Status','2023-07-02 19:59:04','2023-07-02 19:59:04'),(3057,1,'en','plugins/payment/payment','refunds.description','Description','2023-07-02 19:59:04','2023-07-02 19:59:04'),(3058,1,'en','plugins/payment/payment','refunds.refunded_at','Refunded at','2023-07-02 19:59:04','2023-07-02 19:59:04'),(3059,1,'en','plugins/payment/payment','refunds.error_message','Error message','2023-07-02 19:59:04','2023-07-02 19:59:04'),(3060,1,'en','plugins/payment/payment','view_response_source','View response source','2023-07-02 19:59:04','2023-07-02 19:59:04'),(3061,1,'en','plugins/payment/payment','status_is_not_completed','Status is not COMPLETED','2023-07-02 19:59:04','2023-07-02 19:59:04'),(3062,1,'en','plugins/payment/payment','cannot_found_capture_id','Can not found capture id with payment detail','2023-07-02 19:59:04','2023-07-02 19:59:04'),(3063,1,'en','plugins/payment/payment','amount_refunded','Amount refunded','2023-07-02 19:59:04','2023-07-02 19:59:04'),(3064,1,'en','plugins/payment/payment','amount_remaining','Amount remaining','2023-07-02 19:59:04','2023-07-02 19:59:04'),(3065,1,'en','plugins/payment/payment','paid_at','Paid At','2023-07-02 19:59:04','2023-07-02 19:59:04'),(3066,1,'en','plugins/payment/payment','invalid_settings','Settings for :name are invalid!','2023-07-02 19:59:04','2023-07-02 19:59:04'),(3067,1,'en','plugins/payment/payment','view_transaction','Transaction \":charge_id\"','2023-07-02 19:59:04','2023-07-02 19:59:04'),(3068,1,'en','plugins/payment/payment','payment_description','Pay for your order #:order_id at :site_url','2023-07-02 19:59:04','2023-07-02 19:59:04'),(3069,1,'en','plugins/shippo/shippo','name','Shippo','2023-07-02 19:59:04','2023-07-02 19:59:04'),(3070,1,'en','plugins/shippo/shippo','description','All of the Carriers and Stores You Need','2023-07-02 19:59:04','2023-07-02 19:59:04'),(3071,1,'en','plugins/shippo/shippo','note_0','Before activating, please read the instructions below','2023-07-02 19:59:04','2023-07-02 19:59:04'),(3072,1,'en','plugins/shippo/shippo','note_1','Need to use cities, states, countries from Admin -> Locations, <a href=\":link\" target=\"_blank\" rel=\"noopener noreferrer\">:link</a>','2023-07-02 19:59:04','2023-07-02 19:59:04'),(3073,1,'en','plugins/shippo/shippo','note_2','Enabled \"Load countries, states, cities from plugin location?\" and \"Enable Zip Code?\" for Shippo to work correctly','2023-07-02 19:59:04','2023-07-02 19:59:04'),(3074,1,'en','plugins/shippo/shippo','note_3','Update city, state, country with location plugin data, enter and check the address and zip code in \"<a href=\":link\" target=\"_blank\">Basic information</a>\"','2023-07-02 19:59:04','2023-07-02 19:59:04'),(3075,1,'en','plugins/shippo/shippo','note_4','Vendor needs to update Company & Zip Code. Update city, state, country with location plugin data','2023-07-02 19:59:04','2023-07-02 19:59:04'),(3076,1,'en','plugins/shippo/shippo','note_5','Shippo only allows to create transactions with shipment/rate within 24 hours, if more than 24 hours, please update the rate again','2023-07-02 19:59:04','2023-07-02 19:59:04'),(3077,1,'en','plugins/shippo/shippo','note_6','COD payment method refer <a href=\":link\" target=\"_blank\" rel=\"noopener noreferrer\">here</a>','2023-07-02 19:59:04','2023-07-02 19:59:04'),(3078,1,'en','plugins/shippo/shippo','configuration_instruction','Configuration instruction for :name','2023-07-02 19:59:04','2023-07-02 19:59:04'),(3079,1,'en','plugins/shippo/shippo','configuration_requirement','To use :name, you need','2023-07-02 19:59:04','2023-07-02 19:59:04'),(3080,1,'en','plugins/shippo/shippo','service_registration','Register with :name','2023-07-02 19:59:04','2023-07-02 19:59:04'),(3081,1,'en','plugins/shippo/shippo','after_service_registration_msg','After registration at :name, you will have API Key','2023-07-02 19:59:04','2023-07-02 19:59:04'),(3082,1,'en','plugins/shippo/shippo','enter_api_key','Enter API Key into the box in right hand','2023-07-02 19:59:04','2023-07-02 19:59:04'),(3083,1,'en','plugins/shippo/shippo','please_provide_information','Please provide information','2023-07-02 19:59:04','2023-07-02 19:59:04'),(3084,1,'en','plugins/shippo/shippo','sandbox_mode','Test mode','2023-07-02 19:59:04','2023-07-02 19:59:04'),(3085,1,'en','plugins/shippo/shippo','activate','Activate','2023-07-02 19:59:04','2023-07-02 19:59:04'),(3086,1,'en','plugins/shippo/shippo','disabled_in_demo_mode','You cannot update Shippo settings in demo mode!','2023-07-02 19:59:04','2023-07-02 19:59:04'),(3087,1,'en','plugins/shippo/shippo','parcel','Parcel','2023-07-02 19:59:04','2023-07-02 19:59:04'),(3088,1,'en','plugins/shippo/shippo','estimated_days','Estimated delivery in :day day(s)','2023-07-02 19:59:04','2023-07-02 19:59:04'),(3089,1,'en','plugins/shippo/shippo','from_address','From address','2023-07-02 19:59:04','2023-07-02 19:59:04'),(3090,1,'en','plugins/shippo/shippo','to_address','To address','2023-07-02 19:59:04','2023-07-02 19:59:04'),(3091,1,'en','plugins/shippo/shippo','check_validate_token','Check validate token?','2023-07-02 19:59:04','2023-07-02 19:59:04'),(3092,1,'en','plugins/shippo/shippo','saved_shipping_settings_success','Saved settings successfully!','2023-07-02 19:59:04','2023-07-02 19:59:04'),(3093,1,'en','plugins/shippo/shippo','token_name_is_required',':name is required for the integration to work','2023-07-02 19:59:04','2023-07-02 19:59:04'),(3094,1,'en','plugins/shippo/shippo','token_name_is_invalid',':name is invalid','2023-07-02 19:59:04','2023-07-02 19:59:04'),(3095,1,'en','plugins/shippo/shippo','live_api_token','Live API Token','2023-07-02 19:59:04','2023-07-02 19:59:04'),(3096,1,'en','plugins/shippo/shippo','test_api_token','Test API Token','2023-07-02 19:59:04','2023-07-02 19:59:04'),(3097,1,'en','plugins/shippo/shippo','print_label','Print label','2023-07-02 19:59:04','2023-07-02 19:59:04'),(3098,1,'en','plugins/shippo/shippo','transaction.created','Created transaction #:tracking','2023-07-02 19:59:04','2023-07-02 19:59:04'),(3099,1,'en','plugins/shippo/shippo','transaction.view_and_create','View and Create transaction','2023-07-02 19:59:04','2023-07-02 19:59:04'),(3100,1,'en','plugins/shippo/shippo','transaction.create','Create transaction','2023-07-02 19:59:04','2023-07-02 19:59:04'),(3101,1,'en','plugins/shippo/shippo','transaction.created_success','Created transaction successfully!','2023-07-02 19:59:04','2023-07-02 19:59:04'),(3102,1,'en','plugins/shippo/shippo','transaction.updated','Updated transaction #:tracking','2023-07-02 19:59:04','2023-07-02 19:59:04'),(3103,1,'en','plugins/shippo/shippo','tracking.updated','Updated tracking #:tracking','2023-07-02 19:59:04','2023-07-02 19:59:04'),(3104,1,'en','plugins/shippo/shippo','tracking.statuses.pre_transit','The label is created but before the package is dropped off or picked up by the carrier.','2023-07-02 19:59:04','2023-07-02 19:59:04'),(3105,1,'en','plugins/shippo/shippo','tracking.statuses.transit','The package has been scanned by the carrier and is in transit.','2023-07-02 19:59:04','2023-07-02 19:59:04'),(3106,1,'en','plugins/shippo/shippo','tracking.statuses.delivered','The package has been successfully delivered.','2023-07-02 19:59:04','2023-07-02 19:59:04'),(3107,1,'en','plugins/shippo/shippo','tracking.statuses.returned','The package is en route to be returned to the sender, or has been returned successfully.','2023-07-02 19:59:04','2023-07-02 19:59:04'),(3108,1,'en','plugins/shippo/shippo','tracking.statuses.failure','The carrier indicated that there has been an issue with the delivery. This can happen for various reasons and depends on the carrier. This status does not indicate a technical, but a delivery issue.','2023-07-02 19:59:04','2023-07-02 19:59:04'),(3109,1,'en','plugins/shippo/shippo','tracking.statuses.unknown','The package has not been found via the carrier’s tracking system.','2023-07-02 19:59:04','2023-07-02 19:59:04'),(3110,1,'en','plugins/shippo/shippo','view_other_exchange_rates','View :count other exchange rates','2023-07-02 19:59:04','2023-07-02 19:59:04'),(3111,1,'en','plugins/shippo/shippo','carrier_could_not_be_found','The carrier for which the order was selected could not be found','2023-07-02 19:59:04','2023-07-02 19:59:04'),(3112,1,'en','plugins/shippo/shippo','update_rate','Update rate','2023-07-02 19:59:04','2023-07-02 19:59:04'),(3113,1,'en','plugins/shippo/shippo','updated_rate_success','Created rate successfully!','2023-07-02 19:59:04','2023-07-02 19:59:04'),(3114,1,'en','plugins/shippo/shippo','recheck_rate','Recheck rate','2023-07-02 19:59:04','2023-07-02 19:59:04'),(3115,1,'en','plugins/shippo/shippo','shipment_object_id_not_found','No matching shipping #:id information found','2023-07-02 19:59:04','2023-07-02 19:59:04'),(3116,1,'en','plugins/shippo/shippo','order_amount','Order amount','2023-07-02 19:59:04','2023-07-02 19:59:04'),(3117,1,'en','plugins/shippo/shippo','logging','Logging?','2023-07-02 19:59:04','2023-07-02 19:59:04'),(3118,1,'en','plugins/shippo/shippo','webhooks','Webhooks?','2023-07-02 19:59:04','2023-07-02 19:59:04'),(3119,1,'en','plugins/shippo/shippo','cache_response','Cache response?','2023-07-02 19:59:04','2023-07-02 19:59:04'),(3120,1,'en','plugins/shippo/shippo','not_available_in_cod_payment_method','Shippo options won\'t be shown if the selected payment method is COD!','2023-07-02 19:59:04','2023-07-02 19:59:04'),(3121,1,'en','plugins/social-login/social-login','settings.title','Social Login settings','2023-07-02 19:59:04','2023-07-02 19:59:04'),(3122,1,'en','plugins/social-login/social-login','settings.description','Configure social login options','2023-07-02 19:59:04','2023-07-02 19:59:04'),(3123,1,'en','plugins/social-login/social-login','settings.facebook.title','Facebook login settings','2023-07-02 19:59:04','2023-07-02 19:59:04'),(3124,1,'en','plugins/social-login/social-login','settings.facebook.description','Enable/disable & configure app credentials for Facebook login','2023-07-02 19:59:04','2023-07-02 19:59:04'),(3125,1,'en','plugins/social-login/social-login','settings.facebook.app_id','App ID','2023-07-02 19:59:04','2023-07-02 19:59:04'),(3126,1,'en','plugins/social-login/social-login','settings.facebook.app_secret','App Secret','2023-07-02 19:59:04','2023-07-02 19:59:04'),(3127,1,'en','plugins/social-login/social-login','settings.facebook.helper','Please go to https://developers.facebook.com to create new app update App ID, App Secret. Callback URL is :callback','2023-07-02 19:59:04','2023-07-02 19:59:04'),(3128,1,'en','plugins/social-login/social-login','settings.google.title','Google login settings','2023-07-02 19:59:04','2023-07-02 19:59:04'),(3129,1,'en','plugins/social-login/social-login','settings.google.description','Enable/disable & configure app credentials for Google login','2023-07-02 19:59:04','2023-07-02 19:59:04'),(3130,1,'en','plugins/social-login/social-login','settings.google.app_id','App ID','2023-07-02 19:59:04','2023-07-02 19:59:04'),(3131,1,'en','plugins/social-login/social-login','settings.google.app_secret','App Secret','2023-07-02 19:59:04','2023-07-02 19:59:04'),(3132,1,'en','plugins/social-login/social-login','settings.google.helper','Please go to https://console.developers.google.com/apis/dashboard to create new app update App ID, App Secret. Callback URL is :callback','2023-07-02 19:59:04','2023-07-02 19:59:04'),(3133,1,'en','plugins/social-login/social-login','settings.github.title','Github login settings','2023-07-02 19:59:04','2023-07-02 19:59:04'),(3134,1,'en','plugins/social-login/social-login','settings.github.description','Enable/disable & configure app credentials for Github login','2023-07-02 19:59:04','2023-07-02 19:59:04'),(3135,1,'en','plugins/social-login/social-login','settings.github.app_id','App ID','2023-07-02 19:59:04','2023-07-02 19:59:04'),(3136,1,'en','plugins/social-login/social-login','settings.github.app_secret','App Secret','2023-07-02 19:59:04','2023-07-02 19:59:04'),(3137,1,'en','plugins/social-login/social-login','settings.github.helper','Please go to https://github.com/settings/developers to create new app update App ID, App Secret. Callback URL is :callback','2023-07-02 19:59:04','2023-07-02 19:59:04'),(3138,1,'en','plugins/social-login/social-login','settings.linkedin.title','Linkedin login settings','2023-07-02 19:59:04','2023-07-02 19:59:04'),(3139,1,'en','plugins/social-login/social-login','settings.linkedin.description','Enable/disable & configure app credentials for Linkedin login','2023-07-02 19:59:04','2023-07-02 19:59:04'),(3140,1,'en','plugins/social-login/social-login','settings.linkedin.app_id','App ID','2023-07-02 19:59:04','2023-07-02 19:59:04'),(3141,1,'en','plugins/social-login/social-login','settings.linkedin.app_secret','App Secret','2023-07-02 19:59:04','2023-07-02 19:59:04'),(3142,1,'en','plugins/social-login/social-login','settings.linkedin.helper','Please go to https://www.linkedin.com/developers/apps/new to create new app update App ID, App Secret. Callback URL is :callback','2023-07-02 19:59:04','2023-07-02 19:59:04'),(3143,1,'en','plugins/social-login/social-login','settings.enable','Enable?','2023-07-02 19:59:04','2023-07-02 19:59:04'),(3144,1,'en','plugins/social-login/social-login','menu','Social Login','2023-07-02 19:59:04','2023-07-02 19:59:04'),(3145,1,'en','plugins/team/team','name','Teams','2023-07-02 19:59:04','2023-07-02 19:59:04'),(3146,1,'en','plugins/team/team','create','New team','2023-07-02 19:59:04','2023-07-02 19:59:04'),(3147,1,'en','plugins/team/team','edit','Edit team','2023-07-02 19:59:04','2023-07-02 19:59:04'),(3148,1,'en','plugins/team/team','forms.name','Name','2023-07-02 19:59:04','2023-07-02 19:59:04'),(3149,1,'en','plugins/team/team','forms.name_placeholder','Enter name...','2023-07-02 19:59:04','2023-07-02 19:59:04'),(3150,1,'en','plugins/team/team','forms.title','Title','2023-07-02 19:59:04','2023-07-02 19:59:04'),(3151,1,'en','plugins/team/team','forms.title_placeholder','Enter title...','2023-07-02 19:59:04','2023-07-02 19:59:04'),(3152,1,'en','plugins/team/team','forms.photo','Avatar','2023-07-02 19:59:04','2023-07-02 19:59:04'),(3153,1,'en','plugins/team/team','forms.location','Location','2023-07-02 19:59:04','2023-07-02 19:59:04'),(3154,1,'en','plugins/team/team','forms.location_placeholder','Enter title...','2023-07-02 19:59:04','2023-07-02 19:59:04'),(3155,1,'en','plugins/team/team','forms.socials_facebook','Facebook','2023-07-02 19:59:04','2023-07-02 19:59:04'),(3156,1,'en','plugins/team/team','forms.socials_facebook_placeholder','Facebook socials','2023-07-02 19:59:04','2023-07-02 19:59:04'),(3157,1,'en','plugins/team/team','forms.socials_twitter','Twitter','2023-07-02 19:59:04','2023-07-02 19:59:04'),(3158,1,'en','plugins/team/team','forms.socials_twitter_placeholder','Twitter socials','2023-07-02 19:59:04','2023-07-02 19:59:04'),(3159,1,'en','plugins/team/team','forms.socials_instagram','Instagram','2023-07-02 19:59:04','2023-07-02 19:59:04'),(3160,1,'en','plugins/team/team','forms.socials_instagram_placeholder','Instagram socials','2023-07-02 19:59:04','2023-07-02 19:59:04'),(3161,1,'en','plugins/testimonial/testimonial','name','Testimonials','2023-07-02 19:59:04','2023-07-02 19:59:04'),(3162,1,'en','plugins/testimonial/testimonial','create','New testimonial','2023-07-02 19:59:04','2023-07-02 19:59:04'),(3163,1,'en','plugins/testimonial/testimonial','company','Position/Company','2023-07-02 19:59:04','2023-07-02 19:59:04'),(3164,1,'en','plugins/translation/translation','translations','Translations','2023-07-02 19:59:04','2023-07-02 19:59:04'),(3165,1,'en','plugins/translation/translation','translations_description','Translate all words in system.','2023-07-02 19:59:04','2023-07-02 19:59:04'),(3166,1,'en','plugins/translation/translation','export_warning','Warning, translations are not visible until they are exported back to lang folder. Please use \"Publish translations\" button to apply changes.','2023-07-02 19:59:04','2023-07-02 19:59:04'),(3167,1,'en','plugins/translation/translation','import_done','Done importing, processed :counter items! Reload this page to refresh the groups!','2023-07-02 19:59:04','2023-07-02 19:59:04'),(3168,1,'en','plugins/translation/translation','translation_manager','Translations Manager','2023-07-02 19:59:04','2023-07-02 19:59:04'),(3169,1,'en','plugins/translation/translation','done_publishing','Done publishing the translations for group','2023-07-02 19:59:04','2023-07-02 19:59:04'),(3170,1,'en','plugins/translation/translation','append_translation','Append new translations','2023-07-02 19:59:04','2023-07-02 19:59:04'),(3171,1,'en','plugins/translation/translation','replace_translation','Replace existing translations','2023-07-02 19:59:04','2023-07-02 19:59:04'),(3172,1,'en','plugins/translation/translation','import_group','Import group','2023-07-02 19:59:04','2023-07-02 19:59:04'),(3173,1,'en','plugins/translation/translation','confirm_publish_group','Are you sure you want to publish the translations group \":group\"? This will overwrite existing language files.','2023-07-02 19:59:04','2023-07-02 19:59:04'),(3174,1,'en','plugins/translation/translation','publish_translations','Publish translations','2023-07-02 19:59:04','2023-07-02 19:59:04'),(3175,1,'en','plugins/translation/translation','back','Back','2023-07-02 19:59:04','2023-07-02 19:59:04'),(3176,1,'en','plugins/translation/translation','edit_title','Enter translation','2023-07-02 19:59:04','2023-07-02 19:59:04'),(3177,1,'en','plugins/translation/translation','choose_group_msg','Choose a group to display the group translations. If no groups are visible, make sure you have imported the translations.','2023-07-02 19:59:04','2023-07-02 19:59:04'),(3178,1,'en','plugins/translation/translation','choose_a_group','Choose a group','2023-07-02 19:59:04','2023-07-02 19:59:04'),(3179,1,'en','plugins/translation/translation','locales','Locales','2023-07-02 19:59:04','2023-07-02 19:59:04'),(3180,1,'en','plugins/translation/translation','theme-translations','Theme translations','2023-07-02 19:59:04','2023-07-02 19:59:04'),(3181,1,'en','plugins/translation/translation','admin-translations','Other translations','2023-07-02 19:59:04','2023-07-02 19:59:04'),(3182,1,'en','plugins/translation/translation','translate_from','Translate from','2023-07-02 19:59:04','2023-07-02 19:59:04'),(3183,1,'en','plugins/translation/translation','to','to','2023-07-02 19:59:04','2023-07-02 19:59:04'),(3184,1,'en','plugins/translation/translation','no_other_languages','No other language to translate!','2023-07-02 19:59:04','2023-07-02 19:59:04'),(3185,1,'en','plugins/translation/translation','edit','Edit','2023-07-02 19:59:04','2023-07-02 19:59:04'),(3186,1,'en','plugins/translation/translation','locale','Locale','2023-07-02 19:59:04','2023-07-02 19:59:04'),(3187,1,'en','plugins/translation/translation','locale_placeholder','Ex: en','2023-07-02 19:59:04','2023-07-02 19:59:04'),(3188,1,'en','plugins/translation/translation','name','Name','2023-07-02 19:59:04','2023-07-02 19:59:04'),(3189,1,'en','plugins/translation/translation','default_locale','Default locale?','2023-07-02 19:59:04','2023-07-02 19:59:04'),(3190,1,'en','plugins/translation/translation','actions','Actions','2023-07-02 19:59:04','2023-07-02 19:59:04'),(3191,1,'en','plugins/translation/translation','choose_language','Choose language','2023-07-02 19:59:04','2023-07-02 19:59:04'),(3192,1,'en','plugins/translation/translation','add_new_language','Add new language','2023-07-02 19:59:04','2023-07-02 19:59:04'),(3193,1,'en','plugins/translation/translation','select_language','Select language','2023-07-02 19:59:04','2023-07-02 19:59:04'),(3194,1,'en','plugins/translation/translation','flag','Flag','2023-07-02 19:59:04','2023-07-02 19:59:04'),(3195,1,'en','plugins/translation/translation','folder_is_not_writeable','Cannot write files! Folder :lang_path is not writable. Please chmod to make it writable!','2023-07-02 19:59:04','2023-07-02 19:59:04'),(3196,1,'en','plugins/translation/translation','delete','Delete','2023-07-02 19:59:04','2023-07-02 19:59:04'),(3197,1,'en','plugins/translation/translation','confirm_delete_message','Do you really want to delete this locale? It will delete all files/folders for this local in :lang_path!','2023-07-02 19:59:04','2023-07-02 19:59:04'),(3198,1,'en','plugins/translation/translation','download','Download','2023-07-02 19:59:04','2023-07-02 19:59:04'),(3199,1,'en','plugins/translation/translation','select_locale','Select locale','2023-07-02 19:59:04','2023-07-02 19:59:04'),(3200,1,'en','plugins/translation/translation','theme_translations_instruction','Click on text to translate. Do NOT translate variables, Eg. :username, :query, :link...','2023-07-02 19:59:04','2023-07-02 19:59:04'),(3201,1,'en','plugins/translation/translation','import_available_locale','Or import available locale from our GitHub repository','2023-07-02 19:59:04','2023-07-02 19:59:04'),(3202,1,'en','plugins/translation/translation','add_new_locale','Add new locale','2023-07-02 19:59:04','2023-07-02 19:59:04'),(3203,1,'en','plugins/translation/translation','download_locale','Download locale','2023-07-02 19:59:04','2023-07-02 19:59:04'),(3204,1,'en','plugins/translation/translation','import_available_locale_confirmation','Download locale from GitHub','2023-07-02 19:59:04','2023-07-02 19:59:04'),(3205,1,'en','plugins/translation/translation','import_available_locale_confirmation_content','Are you sure you want to download this locale? It will be downloaded into :lang_path, you can delete it later if you want.','2023-07-02 19:59:04','2023-07-02 19:59:04'),(3206,1,'en','plugins/translation/translation','is_default','Is default?','2023-07-02 19:59:04','2023-07-02 19:59:04');
/*!40000 ALTER TABLE `translations` ENABLE KEYS */;
UNLOCK TABLES;

--
-- Table structure for table `user_meta`
--

DROP TABLE IF EXISTS `user_meta`;
/*!40101 SET @saved_cs_client     = @@character_set_client */;
/*!50503 SET character_set_client = utf8mb4 */;
CREATE TABLE `user_meta` (
  `id` bigint unsigned NOT NULL AUTO_INCREMENT,
  `key` varchar(191) COLLATE utf8mb4_unicode_ci DEFAULT NULL,
  `value` varchar(191) COLLATE utf8mb4_unicode_ci DEFAULT NULL,
  `user_id` bigint unsigned NOT NULL,
  `created_at` timestamp NULL DEFAULT NULL,
  `updated_at` timestamp NULL DEFAULT NULL,
  PRIMARY KEY (`id`),
  KEY `user_meta_user_id_index` (`user_id`)
) ENGINE=InnoDB DEFAULT CHARSET=utf8mb4 COLLATE=utf8mb4_unicode_ci;
/*!40101 SET character_set_client = @saved_cs_client */;

--
-- Dumping data for table `user_meta`
--

LOCK TABLES `user_meta` WRITE;
/*!40000 ALTER TABLE `user_meta` DISABLE KEYS */;
/*!40000 ALTER TABLE `user_meta` ENABLE KEYS */;
UNLOCK TABLES;

--
-- Table structure for table `users`
--

DROP TABLE IF EXISTS `users`;
/*!40101 SET @saved_cs_client     = @@character_set_client */;
/*!50503 SET character_set_client = utf8mb4 */;
CREATE TABLE `users` (
  `id` bigint unsigned NOT NULL AUTO_INCREMENT,
  `email` varchar(191) COLLATE utf8mb4_unicode_ci NOT NULL,
  `email_verified_at` timestamp NULL DEFAULT NULL,
  `password` varchar(191) CHARACTER SET utf8mb4 COLLATE utf8mb4_unicode_ci DEFAULT NULL,
  `remember_token` varchar(100) COLLATE utf8mb4_unicode_ci DEFAULT NULL,
  `created_at` timestamp NULL DEFAULT NULL,
  `updated_at` timestamp NULL DEFAULT NULL,
  `first_name` varchar(191) COLLATE utf8mb4_unicode_ci DEFAULT NULL,
  `last_name` varchar(191) COLLATE utf8mb4_unicode_ci DEFAULT NULL,
  `username` varchar(60) COLLATE utf8mb4_unicode_ci DEFAULT NULL,
  `avatar_id` bigint unsigned DEFAULT NULL,
  `super_user` tinyint(1) NOT NULL DEFAULT '0',
  `manage_supers` tinyint(1) NOT NULL DEFAULT '0',
  `permissions` text COLLATE utf8mb4_unicode_ci,
  `last_login` timestamp NULL DEFAULT NULL,
  PRIMARY KEY (`id`),
  UNIQUE KEY `users_email_unique` (`email`),
  UNIQUE KEY `users_username_unique` (`username`)
) ENGINE=InnoDB AUTO_INCREMENT=3 DEFAULT CHARSET=utf8mb4 COLLATE=utf8mb4_unicode_ci;
/*!40101 SET character_set_client = @saved_cs_client */;

--
-- Dumping data for table `users`
--

LOCK TABLES `users` WRITE;
/*!40000 ALTER TABLE `users` DISABLE KEYS */;
INSERT INTO `users` VALUES (1,'admin@archielite.com',NULL,'$2y$10$NH8PobVRl8N7daTuB8cHKea5TeXNbaXzsTCBGAU6YYF4Hjb3ZD4C.',NULL,'2023-07-02 19:58:38','2023-07-02 19:58:38','Super','Admin','admin',NULL,1,1,NULL,NULL),(2,'user@archielite.com',NULL,'$2y$10$SfrLz57D9ndTh0FlXgW38.NOlac0MrmzJBzvYclCpsXx6jygHmQiK',NULL,'2023-07-02 19:58:38','2023-07-02 19:58:38','Normal','Admin','user',NULL,0,0,'{\"users.index\":true,\"users.create\":true,\"users.edit\":true,\"users.destroy\":true,\"roles.index\":true,\"roles.create\":true,\"roles.edit\":true,\"roles.destroy\":true,\"core.system\":true,\"core.manage.license\":true,\"media.index\":true,\"files.index\":true,\"files.create\":true,\"files.edit\":true,\"files.trash\":true,\"files.destroy\":true,\"folders.index\":true,\"folders.create\":true,\"folders.edit\":true,\"folders.trash\":true,\"folders.destroy\":true,\"settings.options\":true,\"settings.email\":true,\"settings.media\":true,\"settings.cronjob\":true,\"api.settings\":true,\"menus.index\":true,\"menus.create\":true,\"menus.edit\":true,\"menus.destroy\":true,\"pages.index\":true,\"pages.create\":true,\"pages.edit\":true,\"pages.destroy\":true,\"plugins.index\":true,\"plugins.edit\":true,\"plugins.remove\":true,\"plugins.marketplace\":true,\"core.appearance\":true,\"theme.index\":true,\"theme.activate\":true,\"theme.remove\":true,\"theme.options\":true,\"theme.custom-css\":true,\"theme.custom-js\":true,\"theme.custom-html\":true,\"widgets.index\":true,\"analytics.general\":true,\"analytics.page\":true,\"analytics.browser\":true,\"analytics.referrer\":true,\"audit-log.index\":true,\"audit-log.destroy\":true,\"backups.index\":true,\"backups.create\":true,\"backups.restore\":true,\"backups.destroy\":true,\"plugins.blog\":true,\"posts.index\":true,\"posts.create\":true,\"posts.edit\":true,\"posts.destroy\":true,\"categories.index\":true,\"categories.create\":true,\"categories.edit\":true,\"categories.destroy\":true,\"tags.index\":true,\"tags.create\":true,\"tags.edit\":true,\"tags.destroy\":true,\"contacts.index\":true,\"contacts.edit\":true,\"contacts.destroy\":true,\"plugins.ecommerce\":true,\"ecommerce.settings\":true,\"ecommerce.report.index\":true,\"products.index\":true,\"products.create\":true,\"products.edit\":true,\"products.destroy\":true,\"product-categories.index\":true,\"product-categories.create\":true,\"product-categories.edit\":true,\"product-categories.destroy\":true,\"product-tag.index\":true,\"product-tag.create\":true,\"product-tag.edit\":true,\"product-tag.destroy\":true,\"brands.index\":true,\"brands.create\":true,\"brands.edit\":true,\"brands.destroy\":true,\"product-collections.index\":true,\"product-collections.create\":true,\"product-collections.edit\":true,\"product-collections.destroy\":true,\"product-attribute-sets.index\":true,\"product-attribute-sets.create\":true,\"product-attribute-sets.edit\":true,\"product-attribute-sets.destroy\":true,\"product-attributes.index\":true,\"product-attributes.create\":true,\"product-attributes.edit\":true,\"product-attributes.destroy\":true,\"tax.index\":true,\"tax.create\":true,\"tax.edit\":true,\"tax.destroy\":true,\"reviews.index\":true,\"reviews.destroy\":true,\"shipping_methods.index\":true,\"ecommerce.shipping-rule-items.index\":true,\"ecommerce.shipping-rule-items.create\":true,\"ecommerce.shipping-rule-items.edit\":true,\"ecommerce.shipping-rule-items.destroy\":true,\"ecommerce.shipping-rule-items.bulk-import\":true,\"ecommerce.shipments.index\":true,\"ecommerce.shipments.create\":true,\"ecommerce.shipments.edit\":true,\"ecommerce.shipments.destroy\":true,\"orders.index\":true,\"orders.create\":true,\"orders.edit\":true,\"orders.destroy\":true,\"discounts.index\":true,\"discounts.create\":true,\"discounts.edit\":true,\"discounts.destroy\":true,\"customers.index\":true,\"customers.create\":true,\"customers.edit\":true,\"customers.destroy\":true,\"flash-sale.index\":true,\"flash-sale.create\":true,\"flash-sale.edit\":true,\"flash-sale.destroy\":true,\"product-label.index\":true,\"product-label.create\":true,\"product-label.edit\":true,\"product-label.destroy\":true,\"ecommerce.import.products.index\":true,\"ecommerce.export.products.index\":true,\"order_returns.index\":true,\"order_returns.edit\":true,\"order_returns.destroy\":true,\"global-option.index\":true,\"global-option.create\":true,\"global-option.edit\":true,\"global-option.destroy\":true,\"ecommerce.invoice.index\":true,\"ecommerce.invoice.edit\":true,\"ecommerce.invoice.destroy\":true,\"ecommerce.invoice-template.index\":true,\"plugin.faq\":true,\"faq.index\":true,\"faq.create\":true,\"faq.edit\":true,\"faq.destroy\":true,\"faq_category.index\":true,\"faq_category.create\":true,\"faq_category.edit\":true,\"faq_category.destroy\":true,\"galleries.index\":true,\"galleries.create\":true,\"galleries.edit\":true,\"galleries.destroy\":true,\"languages.index\":true,\"languages.create\":true,\"languages.edit\":true,\"languages.destroy\":true,\"plugin.location\":true,\"country.index\":true,\"country.create\":true,\"country.edit\":true,\"country.destroy\":true,\"state.index\":true,\"state.create\":true,\"state.edit\":true,\"state.destroy\":true,\"city.index\":true,\"city.create\":true,\"city.edit\":true,\"city.destroy\":true,\"location.bulk-import.index\":true,\"location.export.index\":true,\"newsletter.index\":true,\"newsletter.destroy\":true,\"payment.index\":true,\"payments.settings\":true,\"payment.destroy\":true,\"social-login.settings\":true,\"team.index\":true,\"team.create\":true,\"team.edit\":true,\"team.destroy\":true,\"testimonial.index\":true,\"testimonial.create\":true,\"testimonial.edit\":true,\"testimonial.destroy\":true,\"plugins.translation\":true,\"translations.locales\":true,\"translations.theme-translations\":true,\"translations.index\":true}',NULL);
/*!40000 ALTER TABLE `users` ENABLE KEYS */;
UNLOCK TABLES;

--
-- Table structure for table `widgets`
--

DROP TABLE IF EXISTS `widgets`;
/*!40101 SET @saved_cs_client     = @@character_set_client */;
/*!50503 SET character_set_client = utf8mb4 */;
CREATE TABLE `widgets` (
  `id` bigint unsigned NOT NULL AUTO_INCREMENT,
  `widget_id` varchar(120) COLLATE utf8mb4_unicode_ci NOT NULL,
  `sidebar_id` varchar(120) COLLATE utf8mb4_unicode_ci NOT NULL,
  `theme` varchar(120) COLLATE utf8mb4_unicode_ci NOT NULL,
  `position` tinyint unsigned NOT NULL DEFAULT '0',
  `data` text COLLATE utf8mb4_unicode_ci,
  `created_at` timestamp NULL DEFAULT NULL,
  `updated_at` timestamp NULL DEFAULT NULL,
  PRIMARY KEY (`id`)
) ENGINE=InnoDB AUTO_INCREMENT=21 DEFAULT CHARSET=utf8mb4 COLLATE=utf8mb4_unicode_ci;
/*!40101 SET character_set_client = @saved_cs_client */;

--
-- Dumping data for table `widgets`
--

LOCK TABLES `widgets` WRITE;
/*!40000 ALTER TABLE `widgets` DISABLE KEYS */;
INSERT INTO `widgets` VALUES (1,'ContactInformation','information-sidebar','starbelly',1,'{\"id\":\"ContactInformation\",\"title\":\"Contact Information\",\"phone\":\"0123456789\",\"email\":\"contact@archielite.com\",\"address\":\"Robert Robertson, 1234 NW Bobcat Lane, St. Robert, MO 65584-5678.\",\"working_hours_start\":\"08:00\",\"working_hours_end\":\"17:00\"}','2023-07-02 19:58:39','2023-07-02 19:58:39'),(2,'ContactInformation','information-sidebar','starbelly-vi',1,'{\"id\":\"ContactInformation\",\"title\":\"Contact Information\",\"phone\":\"0123456789\",\"email\":\"contact@archielite.com\",\"address\":\"Robert Robertson, 1234 NW Bobcat Lane, St. Robert, MO 65584-5678.\",\"working_hours_start\":\"08:00\",\"working_hours_end\":\"17:00\"}','2023-07-02 19:58:39','2023-07-02 19:58:39'),(3,'GalleryWidget','information-sidebar','starbelly',2,'{\"id\":\"GalleryWidget\",\"title_gallery\":\"Instagram\",\"number_image\":6}','2023-07-02 19:58:39','2023-07-02 19:58:39'),(4,'GalleryWidget','information-sidebar','starbelly-vi',2,'{\"id\":\"GalleryWidget\",\"title_gallery\":\"Instagram\",\"number_image\":6}','2023-07-02 19:58:39','2023-07-02 19:58:39'),(5,'BlogPostsWidget','information-sidebar','starbelly',3,'{\"id\":\"BlogPostsWidget\",\"title\":\"Latest publications\",\"limit\":3,\"style\":\"in-sidebar\"}','2023-07-02 19:58:39','2023-07-02 19:58:39'),(6,'BlogPostsWidget','information-sidebar','starbelly-vi',3,'{\"id\":\"BlogPostsWidget\",\"title\":\"Latest publications\",\"limit\":3,\"style\":\"in-sidebar\"}','2023-07-02 19:58:39','2023-07-02 19:58:39'),(7,'BlogPostsWidget','blog-footer','starbelly',1,'{\"id\":\"BlogPostsWidget\",\"title\":\"Most popular Publication\",\"description\":\"From Our blog and Event Fanpage\",\"limit\":5}','2023-07-02 19:58:39','2023-07-02 19:58:39'),(8,'BlogPostsWidget','blog-footer','starbelly-vi',1,'{\"id\":\"BlogPostsWidget\",\"title\":\"Most popular Publication\",\"description\":\"From Our blog and Event Fanpage\",\"limit\":5}','2023-07-02 19:58:39','2023-07-02 19:58:39'),(9,'BlogSearchWidget','blog-sidebar','starbelly',1,'{\"name\":\"Search\"}','2023-07-02 19:58:39','2023-07-02 19:58:39'),(10,'BlogSearchWidget','blog-sidebar','starbelly-vi',1,'{\"name\":\"Search\"}','2023-07-02 19:58:39','2023-07-02 19:58:39'),(11,'BlogCategoriesWidget','blog-sidebar','starbelly',2,'{\"name\":\"Categories\",\"limit\":5}','2023-07-02 19:58:39','2023-07-02 19:58:39'),(12,'BlogCategoriesWidget','blog-sidebar','starbelly-vi',2,'{\"name\":\"Categories\",\"limit\":5}','2023-07-02 19:58:39','2023-07-02 19:58:39'),(13,'BlogTagsWidget','blog-sidebar','starbelly',3,'{\"name\":\"Keywords\",\"limit\":10}','2023-07-02 19:58:39','2023-07-02 19:58:39'),(14,'BlogTagsWidget','blog-sidebar','starbelly-vi',3,'{\"name\":\"Keywords\",\"limit\":10}','2023-07-02 19:58:39','2023-07-02 19:58:39'),(15,'AppDownloadWidget','galleries_sidebar','starbelly',1,'{\"title\":\"Download our mobile app.\",\"subtitle\":\"Consecrate numeral port nemo intelligentsia rem disciple quo mod.\",\"image\":\"backgrounds\\/phones.png\",\"platform_name_1\":\"App Store\",\"platform_button_image_1\":\"platforms\\/ios.png\",\"platform_url_1\":\"#\",\"platform_name_2\":\"GooglePlay\",\"platform_button_image_2\":\"platforms\\/android.png\",\"platform_url_2\":\"#\"}','2023-07-02 19:58:39','2023-07-02 19:58:39'),(16,'AppDownloadWidget','galleries_sidebar','starbelly-vi',1,'{\"title\":\"Download our mobile app.\",\"subtitle\":\"Consecrate numeral port nemo intelligentsia rem disciple quo mod.\",\"image\":\"backgrounds\\/phones.png\",\"platform_name_1\":\"App Store\",\"platform_button_image_1\":\"platforms\\/ios.png\",\"platform_url_1\":\"#\",\"platform_name_2\":\"GooglePlay\",\"platform_button_image_2\":\"platforms\\/android.png\",\"platform_url_2\":\"#\"}','2023-07-02 19:58:39','2023-07-02 19:58:39'),(17,'CallToActionWidget','product-footer','starbelly',1,'{\"title\":\"Free delivery service.\",\"description\":\"*Consectetur numquam poro nemo veniam<br>eligendi rem adipisci quo modi.\",\"image\":\"illustrations\\/delivery.png\",\"button_primary_url\":\"#\",\"button_primary_label\":\"Order delivery\",\"button_primary_icon\":\"general\\/cart.png\",\"button_secondary_url\":\"#\",\"button_secondary_label\":\"Menu\",\"button_secondary_icon\":\"general\\/menu.png\"}','2023-07-02 19:58:39','2023-07-02 19:58:39'),(18,'CallToActionWidget','product-footer','starbelly-vi',1,'{\"title\":\"Free delivery service.\",\"description\":\"*Consectetur numquam poro nemo veniam<br>eligendi rem adipisci quo modi.\",\"image\":\"illustrations\\/delivery.png\",\"button_primary_url\":\"#\",\"button_primary_label\":\"Order delivery\",\"button_primary_icon\":\"general\\/cart.png\",\"button_secondary_url\":\"#\",\"button_secondary_label\":\"Menu\",\"button_secondary_icon\":\"general\\/menu.png\"}','2023-07-02 19:58:39','2023-07-02 19:58:39'),(19,'NewsletterWidget','pre_footer_sidebar','starbelly',1,'{\"title\":\"Subscribe our newsletter\",\"subtitle\":\"Subscribe to get latest updates and information\",\"image\":\"illustrations\\/envelope-1.png\"}','2023-07-02 19:58:39','2023-07-02 19:58:39'),(20,'NewsletterWidget','pre_footer_sidebar','starbelly-vi',1,'{\"title\":\"Subscribe our newsletter\",\"subtitle\":\"Subscribe to get latest updates and information\",\"image\":\"illustrations\\/envelope-1.png\"}','2023-07-02 19:58:39','2023-07-02 19:58:39');
/*!40000 ALTER TABLE `widgets` ENABLE KEYS */;
UNLOCK TABLES;
/*!40103 SET TIME_ZONE=@OLD_TIME_ZONE */;

/*!40101 SET SQL_MODE=@OLD_SQL_MODE */;
/*!40014 SET FOREIGN_KEY_CHECKS=@OLD_FOREIGN_KEY_CHECKS */;
/*!40014 SET UNIQUE_CHECKS=@OLD_UNIQUE_CHECKS */;
/*!40101 SET CHARACTER_SET_CLIENT=@OLD_CHARACTER_SET_CLIENT */;
/*!40101 SET CHARACTER_SET_RESULTS=@OLD_CHARACTER_SET_RESULTS */;
/*!40101 SET COLLATION_CONNECTION=@OLD_COLLATION_CONNECTION */;
/*!40111 SET SQL_NOTES=@OLD_SQL_NOTES */;

-- Dump completed on 2023-07-03  9:59:05
